P(topic 1),P(topic 2),P(topic 3),P(topic 4),P(topic 5)
0.016418094920245704,0.9343277342294621,0.0164180748659711,0.016418072354074702,0.016418023630246234
0.017260390274874554,0.9309584940087101,0.017260390508429254,0.017260367424722527,0.017260357783263503
0.012805613523667174,0.9487776096212686,0.012805628956423652,0.01280559570209777,0.012805552196542816
0.039947253425338815,0.8402109680421612,0.03994725951630121,0.039947262886398716,0.03994725612980007
0.2,0.2,0.2,0.2,0.2
0.009226843331137297,0.9630875619091468,0.009226845100565609,0.009231784439880519,0.009226965219269774
0.05194267919745436,0.79222919942923,0.05194277473682496,0.05194267860569835,0.05194266803079253
0.015329357537971919,0.9386825856588263,0.015329360416386413,0.0153293553052056,0.015329341081609826
0.02108479762229795,0.9156608143868986,0.021084809081077606,0.021084792384969825,0.021084786524755914
0.03316853800855229,0.8673258433428398,0.033168539611968084,0.033168541333920304,0.033168537702719526
0.033206436653324345,0.8671742486799048,0.03320643829607255,0.03320643994546359,0.033206436425234735
0.026936854608299043,0.8922525906474771,0.026936851678142165,0.026936853172506818,0.026936849893574876
0.01106449842431579,0.9557418696713249,0.011064512234445462,0.01106464769945432,0.011064471970459257
0.015398082212918078,0.938407710909378,0.015398110217895942,0.015398058467876797,0.015398038191931196
0.014115088899101768,0.9435397118044125,0.014115083013666888,0.014115084398244635,0.014115031884574171
0.04085503513220955,0.8365798499459477,0.04085504105821363,0.0408550388596639,0.04085503500396527
0.03097623974784979,0.8760950803622749,0.03097622853746187,0.030976226296232538,0.030976225056180907
0.02108479762229795,0.9156608143868986,0.021084809081077606,0.021084792384969825,0.021084786524755914
0.03097623974784979,0.8760950803622749,0.03097622853746187,0.030976226296232538,0.030976225056180907
0.04085503513220955,0.8365798499459477,0.04085504105821363,0.0408550388596639,0.04085503500396527
0.014115088899101768,0.9435397118044125,0.014115083013666888,0.014115084398244635,0.014115031884574171
0.017500309501703854,0.9299987510864102,0.01750031030424147,0.01750033924742966,0.01750028986021477
0.014774699962429654,0.9409012023053824,0.014774710059938375,0.014774709051049776,0.014774678621199971
0.024251050434525762,0.9029957904825059,0.02425106553369388,0.024251047854729268,0.02425104569454521
0.013223705286009847,0.9471039966304269,0.013223706431185901,0.01322370268612768,0.013224888966249638
0.04100398843056357,0.83598409628728,0.04100398072359563,0.04100396533517612,0.041003969223384826
0.015658253743398808,0.9373671262216582,0.01565822698652949,0.015658217369223824,0.01565817567918977
0.016817099403828178,0.9327316446741544,0.01681713162658961,0.016817079535109712,0.016817044760318277
0.017751933958300253,0.928992302957118,0.01775195547183684,0.017751922639953677,0.017751884972791225
0.012750113972807705,0.9489996232406971,0.01275011807438902,0.012750099117343,0.012750045594763143
0.01959235747442443,0.9216306007340893,0.019592379906709836,0.019592336765145504,0.019592325119631007
0.008994801247175454,0.9640106401801342,0.008994802333068609,0.00900498074858565,0.008994775491036215
0.008970018469245692,0.964109604828276,0.008970020239483775,0.008980363981100536,0.008969992481893983
0.012929597570289376,0.9482809678250179,0.012929612403400428,0.012929542524586253,0.012930279676705955
0.016487794755245984,0.9340484020135236,0.016487801955296404,0.016487796138642246,0.016488205137291885
0.03445957853006978,0.8621616783273144,0.034459578714829506,0.034459584125675964,0.03445958030211027
0.02268730586593729,0.9092507734524032,0.022687333155890967,0.022687282350063797,0.022687305175704747
0.025913373995009,0.8963465587160424,0.025913365644137928,0.025913364580184162,0.025913337064626507
0.015218575313827486,0.9391253706179021,0.015218592848373647,0.015218557643578476,0.015218903576318164
0.03619562090778831,0.8552175182429134,0.03619561483465905,0.03619565452580721,0.036195591488832245
0.01662765463775601,0.933489384898346,0.01662765649190268,0.01662764638099295,0.016627657591002404
0.011879353558359972,0.9524825737589462,0.011879378044736108,0.011879345625705515,0.011879349012252214
0.01662765463775601,0.933489384898346,0.01662765649190268,0.01662764638099295,0.016627657591002404
0.011879353558359972,0.9524825737589462,0.011879378044736108,0.011879345625705515,0.011879349012252214
0.011576894227113334,0.9536924778512285,0.01157689339778997,0.01157687966948769,0.011576854854380585
0.015663397036649675,0.9373464495255274,0.015663395152179346,0.015663389327168386,0.015663368958475213
0.011136294289899666,0.9554548553393215,0.01113629645233254,0.011136323435531989,0.01113623048291429
0.01648971694553645,0.9340411352345571,0.016489745864891454,0.016489740064961483,0.016489661890053485
0.017845202289844184,0.9286192756458455,0.017845183243040727,0.017845198491019745,0.01784514033024992
0.011012199229322488,0.9559512157661861,0.011012205600465109,0.011012202563640609,0.011012176840385376
0.01103983639654655,0.9558406661819153,0.011039841950340627,0.011039839939044711,0.01103981553215287
0.012496601351502075,0.950013569006295,0.012496607317326425,0.012496603761253295,0.012496618563623337
0.01103983639654655,0.9558406661819153,0.011039841950340627,0.011039839939044711,0.01103981553215287
0.012496601351502075,0.950013569006295,0.012496607317326425,0.012496603761253295,0.012496618563623337
0.009730158682016135,0.9610793733393412,0.009730165299178204,0.009730160702157601,0.009730141977306832
0.014824311179198121,0.9407027905422367,0.014824315210028196,0.014824285487843312,0.014824297580693674
0.016957008457215733,0.9321721019269691,0.01695703729052444,0.01695694485325294,0.016956907472037663
0.020133210120415683,0.9194672808565707,0.020133232176646407,0.02013317252109281,0.020133104325274397
0.010709090864958403,0.9571637280863552,0.010709089297856128,0.010709056948960035,0.010709034801870288
0.01605408104289553,0.9357834815541137,0.016054087568623573,0.01605406301433569,0.016054286820031228
0.012033270153815815,0.9518669822988444,0.012033272961474164,0.01203326640327193,0.012033208182593638
0.014911660825961891,0.940352378163791,0.014911669213142699,0.01491162625739321,0.014912665539711283
0.016820801910633624,0.9327168114245902,0.016820862045010657,0.016820776901339388,0.016820747718426045
0.015144281840833948,0.9394228823465278,0.015144290700562378,0.015144282696456336,0.015144262415619484
0.03041323772466079,0.8783470574388492,0.0304132383362443,0.030413237339672747,0.030413229160572937
0.012178119122324884,0.9512875735196742,0.012178103678274665,0.012178119160684682,0.012178084519041567
0.009972180971942945,0.960111367068596,0.00997217697995676,0.009972162798751055,0.009972112180753162
0.015435178777414916,0.9382593062922021,0.015435181596612384,0.015435204740365877,0.015435128593404642
0.016049168811994616,0.9358034500874398,0.01604917443403045,0.01604912550257885,0.016049081163956362
0.03599208317247541,0.8560316819537225,0.035992072631522085,0.03599211319295321,0.035992049049326784
0.012485713150739056,0.9500569139708644,0.01248571409402401,0.012485711809951509,0.012485946974420903
0.011946626715353624,0.9522135180202146,0.011946647573789666,0.011946623093717907,0.01194658459692402
0.01454367666533569,0.9418253043592785,0.014543677504948085,0.014543684340405066,0.014543657130032686
0.01075527024553413,0.9569784831370072,0.010755258710061855,0.010755260492458398,0.010755727414938476
0.015106293102477183,0.939574972020617,0.015106257495086784,0.01510626320074333,0.0151062141810759
0.01898998556165739,0.9240401404148045,0.018989969339655088,0.018989968948479565,0.018989935735403304
0.015144281840833948,0.9394228823465278,0.015144290700562378,0.015144282696456336,0.015144262415619484
0.01454367666533569,0.9418253043592785,0.014543677504948085,0.014543684340405066,0.014543657130032686
0.062381430753061,0.7504742790783431,0.06238142991217303,0.0623814304012833,0.06238142985513973
0.012251166202163976,0.9509955696254209,0.012251135475819616,0.012251121839021955,0.012251006857573488
0.01611717177704988,0.9355314591883317,0.016117151322406056,0.016117122159580905,0.016117095552631275
0.014004994708693133,0.9439794550946597,0.014004988052037355,0.014005597380652452,0.014004964763957406
0.014834515366446577,0.9406619959336493,0.014834510528828329,0.014834492086429561,0.014834486084646263
0.015539087978651512,0.937843668114633,0.015539088384936997,0.015539093503238177,0.01553906201854018
0.03323113536735983,0.8670754454735826,0.033231134312744694,0.033231139792755056,0.03323114505355767
0.017492923299139793,0.9300284220619255,0.017492881543008973,0.017492891948877383,0.017492881147048323
0.017384646551567986,0.9304614534943918,0.017384649629019637,0.01738465517238244,0.01738459515263821
0.01730588348150738,0.9307765530991091,0.017305852355434453,0.017305843985348505,0.01730586707860048
0.015516255066404685,0.9379349996676428,0.015516255477000201,0.015516260585177117,0.015516229203775217
0.032696815176864416,0.869212725755473,0.03269681442317349,0.03269681992491943,0.03269682471956966
0.0204929129678383,0.9180285219399293,0.020492881256188224,0.02049286711365398,0.020492816722390006
0.01577904793013369,0.9368811649872258,0.015779049088056107,0.015779053865854313,0.01578168412873016
0.01874369640809874,0.9250252987889674,0.01874367981271495,0.018743679157660436,0.018743645832558425
0.04615486893280142,0.8153804994612225,0.046154867587265905,0.04615487492295558,0.04615488909575458
0.031566448883592044,0.8737340211858946,0.031566450832570384,0.03156645326440028,0.031566625833542625
0.07051458695957133,0.7179416185222939,0.07051457894441486,0.07051460320955989,0.0705146123641601
0.019988398057363382,0.920046455799589,0.01998837911772073,0.019988380559430377,0.019988386465896513
0.07772268757637925,0.6891091223101686,0.07772270044602135,0.07772270868721655,0.07772278098021419
0.027598250186171153,0.8896070784280906,0.027598254147222508,0.027598216990185106,0.027598200248330543
0.012376718066893366,0.9504931651089912,0.01237672319186775,0.012376699815052123,0.012376693817195621
0.017021532033877563,0.9319138484878756,0.01702154651640357,0.017021534498822887,0.017021538463020396
0.012506231713036381,0.9499747276972862,0.012506240657289851,0.012506598628193498,0.012506201304193958
0.026296114836175572,0.8948155798656197,0.026296147755974913,0.02629610264639141,0.026296054895838333
0.01663906487541475,0.9334437835852578,0.01663907042985037,0.01663905086290641,0.016639030246570655
0.017636325515553747,0.9294547723836041,0.01763631280661622,0.017636308787495312,0.017636280506730703
0.01756697380208927,0.9297321486581377,0.01756697010446508,0.017566955758855862,0.017566951676452128
0.014475987686246949,0.9420961354745059,0.014476010008734271,0.014475961315608184,0.014475905514904795
0.010328574311166105,0.9586857363604946,0.010328578313894991,0.010328560677564831,0.010328550336879665
0.014503669459147975,0.9419853982727993,0.014503650797545434,0.014503646782925966,0.01450363468758124
0.01381137523273466,0.944754501374858,0.013811372844021787,0.013811374974250737,0.013811375574134805
0.030126991729555762,0.8794920206387874,0.030126991829537736,0.03012699899722576,0.03012699680489333
0.011855857071877245,0.9525765855013343,0.011855871608355295,0.011855849069788383,0.011855836748644918
0.015160954636224418,0.9393563349652544,0.015160945234856879,0.015160913276795366,0.015160851886869027
0.017338925054623484,0.9306444263271952,0.017338890125892792,0.017338894214567753,0.017338864277720713
0.018334870752855163,0.9266605317916595,0.018334868430835354,0.01833487892078683,0.018334850103863234
0.030126991729555762,0.8794920206387874,0.030126991829537736,0.03012699899722576,0.03012699680489333
0.009251804885638157,0.9629927916238414,0.009251805170993261,0.009251792778551118,0.009251805540976106
0.020174439485724636,0.9193022657256726,0.020174433917237944,0.02017443567049108,0.02017442520087377
0.013949327242939166,0.9442027990236559,0.01394930393645875,0.013949292101883457,0.013949277695062675
0.027319244183280158,0.8907231281026535,0.027319215586946985,0.02731921471911618,0.027319197408003155
0.014355224217594562,0.9425791170223339,0.014355228081121989,0.014355220710084706,0.01435520996886482
0.024188473248406048,0.9032461002673996,0.024188478068015672,0.02418847445763179,0.024188473958547053
0.024188473248406048,0.9032461002673996,0.024188478068015672,0.02418847445763179,0.024188473958547053
0.020153355421226406,0.9193866081489004,0.020153348638865955,0.02015335986312383,0.020153327927883363
0.009017354284169067,0.9639304762028718,0.009017357639238296,0.00901732992886999,0.009017481944850823
0.018308958351211616,0.9267642450350879,0.018308956763521015,0.018308939067105078,0.018308900783074313
0.018235570250667677,0.9270577296424609,0.018235564813718793,0.018235578143701706,0.018235557149450823
0.015240158198056172,0.9390394148073302,0.015240156802480894,0.01524015112253663,0.015240119069596108
0.011471213369873414,0.9541151868309972,0.011471216737354798,0.011471202514238813,0.01147118054753597
0.012283185400690635,0.9508672648571945,0.012283191170138144,0.01228318520236494,0.012283173369611546
0.010935317601991382,0.9562587844898842,0.010935312902069356,0.010935304816683485,0.010935280189371756
0.011903461013343573,0.9523862458385258,0.011903447647116653,0.011903435207475613,0.011903410293538523
0.011234727037765764,0.9550611697103681,0.011234727438453372,0.011234704729735197,0.011234671083677466
0.024403178124852334,0.9023872834532441,0.024403182392680273,0.024403179368519486,0.024403176660703674
0.011454910797381873,0.9541804056255209,0.011454907091017553,0.011454903679242635,0.01145487280683696
0.02269268803349639,0.909229245504851,0.022692690647936824,0.022692688763116572,0.02269268705059935
0.02336732420749591,0.9065307160194038,0.023367322871057503,0.023367320071889068,0.023367316830153546
0.014803946621637002,0.940784210984115,0.014803949829378433,0.014803947688421257,0.014803944876448377
0.013712287111464359,0.9451505880047818,0.013712302196099339,0.013712597244150613,0.013712225443503938
0.014506651914634374,0.9419734523279201,0.014506645958933717,0.014506712281269828,0.014506537517241942
0.05994544900846941,0.39149789686605396,0.05994540349675524,0.4286658617667062,0.059945388862015114
0.02452825225114767,0.9018869841921372,0.02452825843597405,0.02452825645524852,0.02452824866549256
0.010994794403201561,0.9560208393338178,0.010994788996200237,0.01099477876543326,0.010994798501346935
0.014944867287803063,0.9402205610037739,0.014944879253161517,0.0149448552856567,0.014944837169604751
0.01861172262248997,0.9255532529187785,0.01861170543609421,0.018611678050302716,0.018611640972334486
0.02243604751145028,0.9102558451769109,0.022436062445083726,0.02243603592582066,0.022436008940734473
0.012114126178558208,0.951543511784997,0.012114128489303466,0.01211411938663219,0.012114114160509044
0.015543113081949859,0.9378275787402689,0.015543103750371821,0.015543103964857675,0.015543100462551782
0.012464277085173349,0.9501429173551892,0.01246427410453802,0.012464266914685414,0.012464264540414076
0.012070786014065521,0.9517169264240726,0.012070776279374138,0.012070767596601235,0.012070743685886424
0.08319927933017063,0.6672033087829533,0.08319914550501943,0.08319914417085918,0.08319912221099746
0.013811027133207955,0.9447559290337145,0.013811020478465514,0.013811020587645566,0.013811002766966462
0.019817880489367907,0.9207284843775467,0.01981788023208376,0.019817875734929696,0.01981787916607211
0.013240947495540122,0.9470363235084569,0.01324092763497519,0.013240918813039897,0.013240882547987855
0.01138378714998414,0.9544649065396036,0.011383789536672271,0.011383772431413792,0.011383744342326226
0.017128334529047908,0.9314866952047194,0.017128330808769892,0.017128320658617142,0.017128318798845733
0.022648304968835572,0.9094067909639239,0.022648312614994358,0.022648298009026548,0.02264829344321972
0.019211599438306044,0.9231535780363449,0.019211603941485036,0.019211590257070525,0.01921162832679362
0.019211599438306044,0.9231535780363449,0.019211603941485036,0.019211590257070525,0.01921162832679362
0.022648304968835572,0.9094067909639239,0.022648312614994358,0.022648298009026548,0.02264829344321972
0.014120642671363443,0.9435174951172182,0.014120629851951942,0.014120627229079943,0.01412060513038645
0.017790862556771442,0.9288363677096233,0.01779088765919606,0.017791090325859776,0.017790791748549348
0.017842253758604716,0.9286310891033428,0.017842278373581474,0.017842237205705127,0.017842141558766008
0.035342521189715745,0.8586301193904134,0.03534246271890208,0.0353424774568298,0.03534241924413896
0.023373506209664992,0.906506047978636,0.02337348795760934,0.023373479841332704,0.023373478012757038
0.017932547665709973,0.928269938782142,0.017932533861269195,0.01793251285414224,0.017932466836736587
0.012254384104626296,0.9509824870853024,0.012254383513351348,0.012254391731387976,0.012254353565331852
0.022648304968835572,0.9094067909639239,0.022648312614994358,0.022648298009026548,0.02264829344321972
0.01052948861774818,0.9578820728689426,0.010529498842379031,0.010529479164746067,0.01052946050618414
0.013008012322092208,0.947967922067287,0.013008017729932677,0.013008005370440126,0.013008042510248095
0.014031142735567412,0.9438745504154437,0.014031155646762435,0.014031138550008487,0.01403201265221814
0.010670598543676805,0.9573176673581559,0.01067058954861111,0.010670572168083347,0.010670572381472737
0.02155523914011703,0.3499236979141497,0.021555228009046315,0.02155517732937529,0.5854106576073116
0.012730289965349851,0.9490782304439649,0.012730283058234825,0.012730275005786777,0.012730921526663568
0.015517175792826856,0.9379313686273619,0.015517168778360195,0.015517157548943512,0.015517129252507594
0.01831225172972471,0.9267512053203338,0.01831226341341359,0.01831216414060869,0.018312115395919037
0.012179857368449159,0.9512806610468248,0.012179845913313503,0.012179828956544646,0.0121798067148678
0.012397234635785797,0.9504102704650239,0.012397230819293394,0.012397216178472548,0.01239804790142434
0.018879295453737326,0.924482322029545,0.018879301648487664,0.01887984835538687,0.018879232512843243
0.01305597489886171,0.9477761389371292,0.013055971223267907,0.013055969163267513,0.013055945777473786
0.016897423491764412,0.9324091856706562,0.01689742434269353,0.0168985468497687,0.016897419645117307
0.021688379298582923,0.9132464846136596,0.02168837680751577,0.02168838314536632,0.021688376134875374
0.02313721809339558,0.9074512035057182,0.02313720386038044,0.02313720391225109,0.0231371706282547
0.024530728622666993,0.9018770892100005,0.024530724704491646,0.024530733626134178,0.02453072383670656
0.012254384104626296,0.9509824870853024,0.012254383513351348,0.012254391731387976,0.012254353565331852
0.01583122562740963,0.9366751568465119,0.01583122374533202,0.01583120263712668,0.01583119114361974
0.020389192888660035,0.9184432745883363,0.020389217100486065,0.02038917897404675,0.020389136448470832
0.01209852897675602,0.9516059356564792,0.012098530431528505,0.012098512206918615,0.012098492728317737
0.015249772749855312,0.9390008579344691,0.015249812906987932,0.015249741960427754,0.015249814448259926
0.053483987395375375,0.7860641082966461,0.053483998348419444,0.053483975868044285,0.05348393009151479
0.024307165141873678,0.9027715798454685,0.024307147529409583,0.024307108281688226,0.02430699920156008
0.014730757555390732,0.9410769666955424,0.014730779201081236,0.014730762506567874,0.01473073404141784
0.010385331661561548,0.9584587284500281,0.010385321402437099,0.010385310349961352,0.010385308136011831
0.021486199381386788,0.9140552070443682,0.021486199854692262,0.021486203342560645,0.021486190376992138
0.02137671121088805,0.9144931605272895,0.021376711746597783,0.02137671454547235,0.021376701969752356
0.023205486456379393,0.9071780570269985,0.0232054831637666,0.023205491004567366,0.02320548234828821
0.013064067656779449,0.9477438409472106,0.01306404436498275,0.013064041745194712,0.013064005285832377
0.01323770302145393,0.9470492432487884,0.01323769422627486,0.013237681853557698,0.013237677649925231
0.01370191851408625,0.9451923913504043,0.013701935033064397,0.013701894862677099,0.013701860239767919
0.020034201846733168,0.9198632911175579,0.020034192851630973,0.020034183717173484,0.0200341304669044
0.014718609671587881,0.9411255944667951,0.01471862014537921,0.014718599210825793,0.014718576505412027
0.013114655640032167,0.947541464937278,0.013114645556019194,0.013114631144030834,0.013114602722639713
0.013526226290294067,0.9458951543389391,0.013526229004243998,0.013526202133364635,0.01352618823315809
0.014810380933562711,0.9407585086013923,0.01481038020459275,0.014810367834206136,0.014810362426246105
0.012699568071007588,0.9491980821741142,0.012699599502920085,0.012699587652558138,0.012703162599400046
0.015190109452251807,0.9392395685905846,0.01519012540319863,0.015190114958074484,0.015190081595890427
0.01143133150663978,0.9542746834843328,0.011431333021218086,0.011431309133495578,0.011431342854313832
0.029437613374573353,0.8822495597174476,0.029437613297083744,0.029437616882711556,0.02943759672818364
0.01442333721746305,0.9423067213294422,0.014423325791178804,0.014423321691655559,0.014423293970260551
0.01259776955186727,0.949609068952864,0.012597757994479531,0.012597729633542604,0.012597673867246579
0.02437460939408651,0.90250164013238,0.0243745920518281,0.024374588632118464,0.02437456978958694
0.012955424153584222,0.9481783810858005,0.012955404502032735,0.012955405873837832,0.012955384384744613
0.017068905551401864,0.9317243964912836,0.01706891595786249,0.01706891182486883,0.017068870174583303
0.015761324215642115,0.9369547998029842,0.015761334681147435,0.01576132837100059,0.015761212929225554
0.020261282354946845,0.9189548909149768,0.020261281837216306,0.020261279857492123,0.020261265035367935
0.035051030051963354,0.8597958949089584,0.03505102250260771,0.03505103003350745,0.03505102250296314
0.012468128594999031,0.9501275206672519,0.012468134263676116,0.012468118261234815,0.01246809821283804
0.013787768344560088,0.9448489378974038,0.013787773947439203,0.013787767975258528,0.013787751835338424
0.013920924010929472,0.944316331813886,0.01392093287137208,0.013920918325631247,0.013920892978181255
0.014865797374090701,0.9405368570850206,0.014865794431661932,0.014865782985991805,0.014865768123235073
0.017751838054216654,0.9289926916910703,0.017751829793993177,0.017751829142868106,0.01775181131785173
0.00971128859277391,0.9611548958554829,0.009711306132188813,0.009711305738230177,0.009711203681324436
0.03582807558764526,0.8566876575422043,0.035828084121463336,0.03582810117788588,0.0358280815708011
0.019648749174160044,0.9214050803540598,0.01964874396692715,0.01964875644801845,0.019648670056834638
0.013524652274731425,0.9459014065334865,0.013524650802369044,0.013524648392195053,0.013524641997217894
0.013938860361603406,0.9442445923363888,0.01393888235610756,0.013938854288490102,0.01393881065741018
0.009793518254511678,0.9608260585795702,0.009793514953213896,0.009793484057263682,0.009793424155440603
0.020918036081625888,0.9163278665512212,0.020918040892297794,0.020918038362225947,0.02091801811262911
0.00855773724035831,0.9657689678490906,0.008557738518229167,0.008557713928581645,0.008557842463740336
0.010824022934226636,0.9567039318663692,0.01082402298116213,0.010824017926104238,0.010824004292137847
0.01795863097595718,0.9281654763393669,0.01795863740402785,0.017958625934067537,0.017958629346580594
0.01274512509987452,0.949019506110294,0.012745127619684472,0.01274512006108132,0.01274512110906573
0.018901001331400547,0.9243959967291412,0.018901017417768732,0.018901004666602023,0.018900979855087513
0.020868199712485307,0.91652721209428,0.020868204541955128,0.02086820188093775,0.020868181770341762
0.009142113172338921,0.9634315757922016,0.009142111707711289,0.00914210448466438,0.009142094843083934
0.010998436733704356,0.9560062798275231,0.010998433956003827,0.010998430559581256,0.010998418923187415
0.025787386774218917,0.8968505392992879,0.025787381507667947,0.025787363510138047,0.0257873289086871
0.02210116914532523,0.911595346668681,0.022101184451553554,0.022101127453126503,0.022101172281313496
0.015083663637437643,0.9396653490092308,0.015083669087604404,0.015083657133277677,0.015083661132449465
0.015711792182363578,0.9371528644968384,0.015711798052807015,0.01571177396974989,0.01571177129824116
0.015083663637437643,0.9396653490092308,0.015083669087604404,0.015083657133277677,0.015083661132449465
0.015711792182363578,0.9371528644968384,0.015711798052807015,0.01571177396974989,0.01571177129824116
0.018570764041613706,0.925716919304982,0.018570794552293948,0.018570788795726306,0.018570733305384043
0.015701608499246313,0.9371935859950948,0.015701603672442915,0.01570160722654676,0.015701594606669204
0.01716116300781197,0.9313553721710459,0.01716117053328433,0.01716115460001226,0.017161139687845446
0.010616133533600632,0.9575355893114446,0.010616135538953755,0.01061609381833769,0.010616047797663534
0.006178205139710888,0.9752870879292002,0.006178210487917922,0.0061781873206558065,0.006178309122515201
0.01372889846225712,0.9450844264270879,0.013728896894008344,0.01372890311049033,0.013728875106156273
0.010737415368225528,0.9570500731145809,0.010737423258622775,0.01073770126119991,0.010737386997370668
0.01549680751309961,0.9380128541043301,0.01549680061591771,0.015496783144773757,0.015496754621878743
0.01492158701162138,0.9403137127926848,0.014921577372463999,0.014921565274606382,0.014921557548623517
0.011345853417876538,0.95461671724123,0.011345843593595178,0.011345817665081349,0.011345768082217092
0.023806873018814265,0.9047725014346474,0.02380688222587374,0.023806868017975175,0.02380687530268942
0.01811757784428431,0.9275296866372688,0.01811758508430393,0.018117577608590056,0.018117572825553034
0.016954262543242313,0.9321829632134009,0.01695426394963804,0.016954261929695427,0.016954248364023324
0.01670152246209862,0.9331939256800609,0.01670152119627282,0.01670151869578663,0.016701511965781134
0.017497603976379335,0.9300095874310117,0.017497603969148727,0.017497603016758907,0.01749760160670141
0.01811757784428431,0.9275296866372688,0.01811758508430393,0.018117577608590056,0.018117572825553034
0.016954262543242313,0.9321829632134009,0.01695426394963804,0.016954261929695427,0.016954248364023324
0.01670152246209862,0.9331939256800609,0.01670152119627282,0.01670151869578663,0.016701511965781134
0.017497603976379335,0.9300095874310117,0.017497603969148727,0.017497603016758907,0.01749760160670141
0.01811757784428431,0.9275296866372688,0.01811758508430393,0.018117577608590056,0.018117572825553034
0.016954262543242313,0.9321829632134009,0.01695426394963804,0.016954261929695427,0.016954248364023324
0.01670152246209862,0.9331939256800609,0.01670152119627282,0.01670151869578663,0.016701511965781134
0.017497603976379335,0.9300095874310117,0.017497603969148727,0.017497603016758907,0.01749760160670141
0.024117817553950427,0.9035285971009168,0.024117878837887723,0.024117814052848293,0.024117892454396873
0.015531432386556378,0.9378742708662269,0.015531444550488271,0.015531425209622758,0.01553142698710589
0.014321543617276904,0.9427138853506557,0.014321551501361725,0.014321528736766571,0.014321490793939153
0.027003536413156923,0.891985853652427,0.027003544415584894,0.02700353296792501,0.027003532550906116
0.02237755444619283,0.9104897988518152,0.022377583663150815,0.022377543957895287,0.02237751908094582
0.0148548043723615,0.9405808225967967,0.01485480911812541,0.014854805674622594,0.01485475823809379
0.01891171182866315,0.924353189461314,0.018911718868302712,0.018911698760225765,0.01891168108149452
0.019492236317992715,0.9220310854793522,0.019492233408868003,0.01949222708785041,0.01949221770593686
0.0174854634274889,0.9300581642716663,0.017485476387245413,0.017485460806947323,0.017485435106652073
0.014564229115193957,0.9417430942740118,0.014564229659755143,0.014564227799581747,0.014564219151457315
0.018455047416809225,0.9261798528426716,0.01845504035739892,0.018455037710933892,0.018455021672186513
0.02213638740805347,0.9114544547139803,0.022136405405435818,0.022136380800420772,0.0221363716721097
0.012061748475508127,0.9517530167706698,0.012061751587206756,0.012061749436143236,0.01206173373047188
0.020450171869597227,0.9181994207813283,0.020450146509175073,0.020450138667835262,0.02045012217206405
0.017062327969200916,0.931750724036978,0.017062324029588707,0.01706232302727592,0.017062300936956307
0.011238173678938349,0.9550473280962622,0.011238186371421606,0.011238160265062655,0.011238151588315244
0.015015979872725347,0.9399361568007882,0.015015970524008557,0.015015966894728661,0.015015925907749247
0.011134250560521187,0.9554630401866534,0.011134251048708433,0.011134239558107994,0.011134218646008897
0.013570853813598344,0.9457166259318359,0.013570861107804644,0.013570843103549134,0.013570816043212076
0.01828026953432569,0.9268789468888146,0.018280274043694176,0.018280256948600956,0.01828025258456449
0.01041746605538633,0.9583301984388347,0.010417461560939915,0.010417448798973229,0.010417425145865895
0.01041746605538633,0.9583301984388347,0.010417461560939915,0.010417448798973229,0.010417425145865895
0.02695081156804244,0.8921967690901735,0.02695080876610697,0.026950807582990455,0.02695080299268672
0.012667800100572404,0.9493288149978556,0.01266780700036156,0.01266779604768959,0.012667781853520863
0.045345552517355545,0.8186178455803947,0.04534554366371625,0.04534552766851828,0.04534553057001528
0.01409389282887286,0.9436244965943403,0.014093891929914974,0.014093871674625228,0.014093846972246768
0.01668976696636962,0.933240982347662,0.01668976151629248,0.016689758032410143,0.016689731137265948
0.014897480017869282,0.9404101610082062,0.014897476166276236,0.014897454428599147,0.014897428379049008
0.010565489336411348,0.9577380732797364,0.010565487405561182,0.010565480990680816,0.010565468987610193
0.015952993344154124,0.9361880445687254,0.015953009310005463,0.015952990544555696,0.015952962232559324
0.01108140595434908,0.9556744137671399,0.01108141349924342,0.011081398011389045,0.011081368767878373
0.018259045515348946,0.9269638600751157,0.018259047706099256,0.018259032838751542,0.018259013864684728
0.02327721716094822,0.9068911215172178,0.023277229723160462,0.023277222665732282,0.02327720893294117
0.010311271329141307,0.9587549743271232,0.010311267666219523,0.010311256226065393,0.010311230451450602
0.023149445098582095,0.9074022290946885,0.023149455510313305,0.023149443481908477,0.023149426814507563
0.012667800100572404,0.9493288149978556,0.01266780700036156,0.01266779604768959,0.012667781853520863
0.013639885338216749,0.9454405015786538,0.013639896958794778,0.013639865653062872,0.013639850471271864
0.0158788846136939,0.9364845138495137,0.015878897769077905,0.015878872486515795,0.015878831281198824
0.0206847218790577,0.91726118530912,0.02068470304668745,0.02068470591127251,0.020684683853862212
0.01026841937755414,0.958926273276007,0.010268425354348389,0.01026840360313308,0.010268478388957433
0.012368264555527043,0.9505269917211946,0.012368271613335344,0.012368259515295417,0.012368212594647638
0.018716521612631883,0.9251339268762451,0.01871654533684481,0.018716516573814762,0.018716489600463307
0.015527639455584996,0.9378894535926017,0.015527649009475727,0.015527640916072002,0.015527617026265742
0.019053464666391177,0.9237861737889262,0.019053461886521857,0.019053451633795192,0.01905344802436555
0.017949258546897343,0.9282029328083852,0.017949256860535206,0.01794925332521806,0.017949298458964168
0.01785974038219848,0.9285610748980894,0.01785974103159857,0.017859741012807576,0.01785970267530587
0.014475242366925791,0.9420990383870954,0.014475251896944765,0.014475238309306792,0.014475229039727231
0.014737290024139128,0.9410508780040997,0.014737280568284132,0.014737277787990472,0.01473727361548664
0.02502948940329435,0.8998820320217454,0.02502955150450899,0.02502949666791829,0.025029430402533078
0.015048516104985326,0.9398059467260726,0.015048525749704752,0.015048518524823282,0.015048492894414057
0.025629909033889706,0.8974804045655784,0.02562989875772374,0.0256299085940269,0.02562987904878125
0.01730987924135788,0.9307605062585483,0.017309883992074386,0.017309868885654205,0.01730986162236525
0.010896558631321726,0.9564138335171752,0.010896550020764948,0.01089653478391843,0.010896523046819684
0.016128015346394072,0.9354879768933653,0.01612801514501438,0.016127998033174436,0.016127994582051865
0.027743991010824285,0.8890242628622446,0.02774394252480064,0.027743925387642115,0.027743878214488295
0.016539014423643753,0.9338439462478378,0.016539027833413576,0.016539014267120834,0.016538997227984138
0.018590962541374545,0.925636212293932,0.018590945898730477,0.01859094394104409,0.01859093532491887
0.021595984548990827,0.9136160850483007,0.021595979949129842,0.021595977111972524,0.021595973341606105
0.018590962541374545,0.925636212293932,0.018590945898730477,0.01859094394104409,0.01859093532491887
0.021595984548990827,0.9136160850483007,0.021595979949129842,0.021595977111972524,0.021595973341606105
0.017454855863601678,0.9301805570469333,0.017454870167374913,0.017454864596778173,0.017454852325312062
0.020200122671915552,0.9191995708475514,0.020200135933867217,0.02020010726762147,0.020200063279044347
0.012915269773387923,0.9483390649971208,0.012915269966748487,0.012915223600004886,0.012915171662737875
0.022817569024290316,0.9087297416113626,0.022817563297634947,0.022817569550937195,0.02281755651577498
0.014053528404594612,0.9437859337597394,0.014053520881212877,0.014053515963089744,0.01405350099136335
0.017436441055606284,0.9302543577670649,0.017436425612794532,0.017436411964042397,0.01743636360049173
0.019191478673834163,0.9232343011719878,0.019191430535119312,0.019191412740934288,0.01919137687812464
0.021002100703479045,0.9159915872475339,0.021002121315736595,0.021002098807567485,0.021002091925683135
0.014576313998008397,0.9416947651050127,0.014576313571951681,0.014576301521740869,0.014576305803286222
0.017684266453064527,0.9292629198577251,0.017684312695017978,0.017684285508267044,0.017684215485925282
0.020350567508068254,0.9185977651864103,0.020350562046182553,0.020350556628414267,0.020350548630924475
0.012113667946947803,0.951545417535619,0.01211365085925458,0.012113650827823669,0.01211361283035506
0.019261603073519974,0.9229536275141748,0.01926160233997021,0.01926159144641346,0.019261575625921706
0.01228463477188931,0.9508615022022278,0.012284637234336492,0.012284632553659651,0.012284593237886858
0.021020558893693468,0.9159178375240117,0.0210205486919212,0.02102053679943757,0.021020518090936295
0.01735825871877202,0.9305669903381593,0.017358259815025603,0.01735825679059993,0.01735823433744328
0.019123751961235766,0.923505096086813,0.019123734759075466,0.01912373555480062,0.01912368163807506
0.01766415397197084,0.9293434272012101,0.017664159829338916,0.017664141362398404,0.017664117635081772
0.013318585933889925,0.9467256875716054,0.013318593866312137,0.013318580812407423,0.013318551815785305
0.024223697892736477,0.9031052271139707,0.024223697703855775,0.02422369449416804,0.024223682795268955
0.01433722092926568,0.9426511790448423,0.014337229268044397,0.014337209422406884,0.014337161335440737
0.02363912327212758,0.9054434996603595,0.023639128911641417,0.023639124556288874,0.023639123599582746
0.015104956280463967,0.9395802281574371,0.015104976626234824,0.01510496069997888,0.01510487823588506
0.015640287959706376,0.9374388727680071,0.015640287930525472,0.015640282507306424,0.01564026883445467
0.015438042553363255,0.9382478575516459,0.015438053530951476,0.015438037721728635,0.015438008642310593
0.012323134159968581,0.9507075211086236,0.012323142713324185,0.012323116504083964,0.012323085513999734
0.015384355800527999,0.9384621300731524,0.01538435208682926,0.01538486399152567,0.015384298047964602
0.013128287649008849,0.9474869652276237,0.013128278939182165,0.013128269224209631,0.013128198959975764
0.017565518938297085,0.9297380809805583,0.01756550761035075,0.01756547539965651,0.01756541707113719
0.012617093279906217,0.949531685826135,0.012617091565200477,0.01261708080977122,0.012617048518987182
0.012718089211773146,0.9491276670799146,0.012718084320221612,0.012718086856212195,0.012718072531878363
0.018016414119884045,0.9279343946622336,0.018016413998402044,0.01801638877533049,0.018016388444149895
0.022784114225090742,0.9088636532030272,0.022784094549281948,0.022784088302252273,0.022784049720347796
0.01154258023480999,0.9538297029303467,0.011542590436141547,0.011542572465745669,0.011542553932955819
0.018971546396109575,0.9241134887668013,0.018971524284326788,0.018971552509133485,0.018971888043628798
0.014220121083550894,0.9431195372406411,0.014220121407334856,0.014220114224855154,0.014220106043618019
0.02048112356557906,0.9180755316114231,0.020481120844636127,0.02048111309795966,0.020481110880402057
0.02259315914833824,0.9096274202696993,0.022593161945810805,0.0225931383129806,0.02259312032317102
0.021999655392364075,0.9120014151903197,0.02199964243280386,0.02199966312030644,0.0219996238642056
0.013148928535968819,0.9474043149418998,0.013148935395870717,0.013148917949442685,0.013148903176817965
0.026510541584929784,0.8939578299984899,0.02651056485396609,0.026510560865865337,0.02651050269674887
0.026242875538643025,0.8950284981836314,0.02624287916590882,0.026242873086375712,0.026242874025441124
0.01698708317762317,0.9320517040305294,0.016987085532403672,0.0169870788450935,0.016987048414350267
0.0163496882561394,0.9346012930290969,0.016349695187792366,0.0163496780623708,0.016349645464600514
0.01639354799153426,0.9344258810398103,0.01639353556624962,0.01639353704912712,0.016393498353278704
0.018532823484267463,0.9258687145207521,0.018532842776460202,0.018532811713380146,0.01853280750514002
0.017286611056234708,0.9308535829958986,0.017286625734129184,0.01728660156163356,0.017286578652103934
0.026918930958938058,0.8923243635209166,0.02691895286194728,0.026918909568962597,0.026918843089235464
0.010863539712174831,0.9565458969694315,0.010863536056407542,0.010863522628635483,0.01086350463335067
0.03252013383950498,0.8699194248143227,0.03252017440656049,0.032520146943403,0.032520119996208914
0.02284288919139475,0.9086285226871624,0.02284287435160642,0.022842883274899903,0.022842830494936486
0.026129878580785332,0.8954804955347914,0.026129884485577057,0.026129870662986797,0.02612987073585944
0.020386108554212475,0.918455634492874,0.0203860970946704,0.020386079840013133,0.02038608001822996
0.017583553883382362,0.9296658681086805,0.01758352888259854,0.01758354155602979,0.017583507569308852
0.02121676901250907,0.9151328804693741,0.021216793611248005,0.02121678413076321,0.021216772776105494
0.011673433183491504,0.953305887274338,0.011673427164620902,0.011673855702032014,0.011673396675517898
0.016459218387887175,0.9341632572093542,0.016459212653922365,0.01645917682302246,0.016459134925813697
0.02106186414845084,0.915752565800901,0.021061875976605797,0.021061859290048297,0.021061834783993934
0.01214600138948594,0.9514159606123097,0.01214599746203736,0.012145982024544455,0.012146058511622246
0.01246241942297574,0.9501503709282594,0.012462424754720406,0.01246240688052,0.012462378013524412
0.012135134711143521,0.9514594273996462,0.012135130784829225,0.012135115405653547,0.012135191698727427
0.01367875038348398,0.945284442105108,0.013678760535969503,0.013678749682486642,0.013679297292951973
0.015070470285517253,0.9397183965104149,0.01507046438545306,0.0150704136509614,0.01507025516765352
0.02291797061144156,0.9083281675088001,0.022917964635859885,0.022917947913490822,0.02291794933040771
0.027561003643167513,0.889756118844348,0.027560973557763834,0.027560963779478642,0.027560940175241886
0.015250516537972885,0.9389980339409606,0.0152505249092366,0.015250500656096974,0.015250423955732983
0.01223944755181207,0.951042099282529,0.01223943876093783,0.01223951774826388,0.01223949665645706
0.015687676862031884,0.9372493211323663,0.015687673221276642,0.015687674802075308,0.015687653982249892
0.022584597415296503,0.9096615577423721,0.022584603855821523,0.0225846010988394,0.022584639887670694
0.02452136590961306,0.9019146076257383,0.024521357399832983,0.024521363723811127,0.024521305341004537
0.02859694378734905,0.8856122184722659,0.028596951775065885,0.028596944763645195,0.0285969412016739
0.011233799065898518,0.9550649354316588,0.01123379212416055,0.011233767523624663,0.011233705854657142
0.017912210982796377,0.9283511545326258,0.017912229466078275,0.017912206147314005,0.017912198871185513
0.011844363281799273,0.9526224270116771,0.011844358617179224,0.01184432973064396,0.011844521358700238
0.015459823191330274,0.9381607365788149,0.015459822001490736,0.015459812471292191,0.015459805757072025
0.010583572170430777,0.9576657354677032,0.010583572494356692,0.01058356737713315,0.010583552490376172
0.010483629774247594,0.9580655016395839,0.010483633258836117,0.010483624065589203,0.010483611261743004
0.012106521735453494,0.9515739741010113,0.012106515110205338,0.012106507062618108,0.012106481990711924
0.02706942376569186,0.8917223192330642,0.027069428090958938,0.027069425686656788,0.027069403223628174
0.01765483405738249,0.9293807246739565,0.01765482649630611,0.01765481308874718,0.017654801683607585
0.016072175504659957,0.9357113155561454,0.016072176382072586,0.01607217530233968,0.016072157254782393
0.011859000167981781,0.9525640268682191,0.011859013316793794,0.011858981451574026,0.011858978195431172
0.018735821725913128,0.9250567453852678,0.018735825688910045,0.018735824504542878,0.01873578269536625
0.012427227442357568,0.950291116620906,0.01242724627011415,0.012427217814891381,0.012427191851730758
0.012901890305781856,0.9483924774076775,0.012901897196642857,0.01290188083303056,0.01290185425686738
0.023425697907413296,0.9062973147778337,0.023425696648313777,0.023425662695489652,0.023425627970949398
0.02863314993383492,0.8854673615638563,0.028633166695692568,0.02863315464945552,0.02863316715716082
0.02514711900109915,0.899411526457604,0.025147141870729143,0.02514710254934533,0.025147110121222345
0.0176738627203223,0.9293045501351231,0.01767387863114441,0.01767386111460063,0.017673847398809346
0.018543483033842893,0.9258261120526817,0.018543487438061685,0.018543472773407378,0.01854344470200622
0.019772110840167716,0.9209116279740638,0.01977211487653472,0.0197721038513544,0.019772042457879495
0.015853079589200656,0.9365868964504201,0.01585310427796876,0.0158530894339579,0.01585383024845263
0.017816203174548056,0.9287352350523966,0.017816217784555,0.017816188795130816,0.017816155193369647
0.018543483033842893,0.9258261120526817,0.018543487438061685,0.018543472773407378,0.01854344470200622
0.01766119567482787,0.9293552637772957,0.01766120959468479,0.01766117884038044,0.017661152112811305
0.01891818870209228,0.924327248633205,0.018918194534874505,0.01891818965302084,0.018918178476807296
0.018569220218075555,0.9257232148171229,0.01856920532568226,0.018569190046987635,0.01856916959213154
0.0165551802919747,0.9337793013171524,0.016555183771776477,0.016555173167327422,0.016555161451768996
0.01886282108473142,0.9245487373280522,0.018862822985026083,0.018862833516403315,0.018862785085786978
0.014818408332750773,0.9407263753587645,0.01481841642015046,0.014818417322068064,0.014818382566266332
0.015491160977447243,0.9380354004453022,0.01549115625345141,0.015491149198557154,0.015491133125242083
0.011564968729639106,0.9537401716609718,0.01156496791142195,0.011564957393338739,0.011564934304628434
0.01467904601495815,0.941283887003775,0.014679048014010706,0.0146790299934561,0.01467898897380001
0.015491160977447243,0.9380354004453022,0.01549115625345141,0.015491149198557154,0.015491133125242083
0.022266036777694904,0.9109358168689553,0.02226603921089706,0.022266084192367072,0.022266022950085573
0.01378633519528762,0.9448546800540053,0.013786335603851911,0.013786332165630851,0.013786316981224397
0.014745391110421266,0.9410185230772982,0.014745382925543553,0.014745359602589755,0.014745343284147233
0.01712487555719527,0.9314995907248426,0.01712487181783158,0.01712580273934033,0.017124859160790356
0.01378633519528762,0.9448546800540053,0.013786335603851911,0.013786332165630851,0.013786316981224397
0.020453168869714926,0.9181874239484136,0.02045315393384272,0.020453133987382827,0.020453119260645747
0.011609952939789342,0.9535602264831494,0.011609955044264838,0.011609936483301725,0.011609929049494596
0.01903377610103653,0.9238649209369448,0.019033776019136892,0.019033764202810298,0.01903376274007156
0.011609952939789342,0.9535602264831494,0.011609955044264838,0.011609936483301725,0.011609929049494596
0.01903377610103653,0.9238649209369448,0.019033776019136892,0.019033764202810298,0.01903376274007156
0.01431163925974366,0.9427535284656823,0.014311645555925291,0.014311602399445315,0.014311584319203426
0.012663861554648013,0.9493446106744695,0.012663866937545126,0.012663848632013041,0.01266381220132426
0.018405155145188437,0.9263794502420046,0.018405142173492015,0.01840513977830032,0.01840511266101448
0.013847639894903925,0.9446094954168072,0.01384762858639661,0.013847627732505936,0.01384760836938635
0.039166642801567744,0.8433333765061146,0.03916664351901346,0.03916670700804567,0.03916663016525855
0.010617819351863365,0.9575288899856901,0.01061780788294799,0.010617806200932048,0.010617676578566337
0.01441985869431747,0.9423205653173764,0.0144198685895946,0.014419848576020198,0.01441985882269134
0.009102958769157348,0.9635881681538532,0.009102960882586487,0.00910295412607839,0.00910295806832452
0.024230272619435254,0.9030789236705898,0.024230279514614556,0.024230280252896152,0.024230243942464053
0.02016184929386847,0.9193526990056432,0.020161835264813216,0.020161815707621638,0.020161800728053313
0.019519526403337262,0.9219219981705538,0.0195195326052613,0.019519485044346033,0.019519457776501693
0.014221901421364766,0.9431124054684241,0.014221908009543968,0.014221919073896179,0.01422186602677105
0.0190486323800804,0.9238054879763908,0.01904863615529249,0.019048624349153886,0.019048619139082297
0.017843877603638234,0.9286245291640695,0.017843879434462834,0.017843866231929913,0.0178438475658996
0.012458451643713495,0.9501662224818899,0.012458457868557558,0.012458440381132545,0.012458427624706482
0.012866742690362738,0.9485323603042707,0.012866760866720353,0.012866729980495244,0.012867406158151034
0.02518795586244219,0.899248191586009,0.02518796671938032,0.025187963344858715,0.025187922487309885
0.01176623083916536,0.952935140818505,0.01176622072971851,0.01176621801196634,0.011766189600644716
0.013515350861329831,0.945938668296759,0.013515356651942803,0.01351534686638145,0.013515277323586943
0.02063362260918895,0.9174654989677581,0.020633632099505906,0.020633627979566298,0.02063361834398075
0.012576753119694459,0.949693001884006,0.01257675173747545,0.012576741676511216,0.012576751582312876
0.012596790318895688,0.9496128530204404,0.012596784924317823,0.01259677921942844,0.012596792516917601
0.020629641138185953,0.917481419470732,0.02062965280135582,0.020629647982837115,0.020629638606889066
0.023831745291193113,0.9046731159351584,0.023831738679129893,0.02383171588178894,0.023831684212729437
0.020958804076805494,0.9161648359370885,0.020958809084096815,0.020958788123287588,0.02095876277872161
0.014419199369725608,0.942323230678774,0.014419204497841866,0.014419199696232727,0.01441916575742578
0.014419199369725608,0.942323230678774,0.014419204497841866,0.014419199696232727,0.01441916575742578
0.020958804076805494,0.9161648359370885,0.020958809084096815,0.020958788123287588,0.02095876277872161
0.010586782708084469,0.9576528036740188,0.010586783782810619,0.01058687139376294,0.010586758441323292
0.02011314163607767,0.9195474620552394,0.020113138471156842,0.020113139818625458,0.020113118018900443
0.010586782708084469,0.9576528036740188,0.010586783782810619,0.01058687139376294,0.010586758441323292
0.02011314163607767,0.9195474620552394,0.020113138471156842,0.020113139818625458,0.020113118018900443
0.07509892699129786,0.6996042827244563,0.07509892265435632,0.07509890814464165,0.07509895948524785
0.01336357938419119,0.9465457629141943,0.013363568856529735,0.013363552338094017,0.01336353650699076
0.015418235111537188,0.9383271246441296,0.015418219816722582,0.015418225824596087,0.015418194603014423
0.022593932416438846,0.9096242658094201,0.02259397605812518,0.02259390903482556,0.022593916681190256
0.0207996022887377,0.9168017613825984,0.020799583859066807,0.02079956923920519,0.02079948323039191
0.026435372624038823,0.8942585234866591,0.026435383670039534,0.026435385489943303,0.02643533472931913
0.014405516159435479,0.942377962479092,0.014405511709236332,0.01440551023195583,0.01440549942028035
0.013059090256926587,0.94776258051139,0.013059091649668562,0.013059825243248347,0.01305941233876662
0.01820855617564516,0.927165783372646,0.018208562508455917,0.018208547608541164,0.01820855033471178
0.07338539601017612,0.7064585729059609,0.07338531295836635,0.07338536907158126,0.07338534905391529
0.016182880274963268,0.9352685226190344,0.016182886902166547,0.016182838396483917,0.016182871807352006
0.018091297073332978,0.927634819246909,0.01809130312738342,0.018091288941389873,0.018091291610984706
0.017249027024226857,0.9310039036098401,0.0172490271881913,0.01724902102812822,0.017249021149613332
0.014348422366861763,0.9426064144094783,0.014348417078551275,0.014348393258761903,0.014348352886346621
0.017204569426528028,0.9311817338476994,0.017204569575295085,0.017204563523438427,0.01720456362703901
0.02239834614429899,0.9104066959250504,0.022398358141317545,0.022398321444784663,0.022398278344548207
0.02044464809655079,0.9182213499489391,0.020444642852090644,0.020444641987275386,0.020444717115144184
0.013513307260225073,0.9459468105090656,0.013513308128545688,0.013513301021870209,0.013513273080293571
0.01178726054453925,0.9528509890714018,0.011787272546544408,0.011787257099162594,0.011787220738352129
0.011359723786316887,0.954560347037439,0.01135973347389169,0.01135969569292971,0.011360500009422762
0.014327269880751914,0.9426909815596721,0.014327285652879601,0.014327249058462424,0.014327213848233844
0.01178726054453925,0.9528509890714018,0.011787272546544408,0.011787257099162594,0.011787220738352129
0.02032517709621422,0.9186992349065229,0.02032517195192102,0.020325171085758955,0.020325244959582947
0.060071662154193,0.7597133231901078,0.06007167805369465,0.06007169314121188,0.060071643460792634
0.013920715131361774,0.9443171649253282,0.013920711558874454,0.013920711037619524,0.013920697346816047
0.013822876720480817,0.9447085180461258,0.013822873222648777,0.013822872710785911,0.013822859299958759
0.015320818116427881,0.9387167640128695,0.015320822072919611,0.015320820835353972,0.015320774962429019
0.016831377930280954,0.932674529309211,0.016831379146182525,0.016831362504555667,0.016831351109769688
0.017886622450496128,0.9284535115439058,0.01788663562999271,0.017886625235119143,0.017886605140486418
0.0146180680516053,0.9415278017575356,0.014618066401644902,0.014618060869953986,0.014618002919260303
0.014511206274152385,0.9419550089402654,0.014511202912194801,0.014511195985793764,0.01451138588759377
0.019388400833922917,0.9224464055587682,0.019388400645132947,0.01938840762365511,0.019388385338520723
0.011876635884254748,0.9524934865073674,0.01187663965636031,0.011876625402443995,0.011876612549573564
0.011876635884254748,0.9524934865073674,0.01187663965636031,0.011876625402443995,0.011876612549573564
0.018009471236463563,0.927962148550205,0.018009469138596836,0.01800946869008957,0.01800944238464508
0.019496702297828704,0.9220132240082476,0.01949669418140906,0.019496695848366264,0.019496683664148157
0.03154888596124537,0.8738047014245157,0.03154880074411993,0.03154881796933045,0.031548793900788415
0.023473787909502507,0.9061049227810211,0.023473766312795494,0.02347376455689499,0.02347375843978601
0.015031587271156941,0.939873695399542,0.015031594447003045,0.015031594162410756,0.015031528719887347
0.01992503407222265,0.9202999421562736,0.01992502189130503,0.019924994123834517,0.019925007756364133
0.016511431752722176,0.9339543616756724,0.01651142947569299,0.016511406992574314,0.016511370103337933
0.023272197081724247,0.9069112530508906,0.023272192383370006,0.023272181868877948,0.02327217561513723
0.012133278544403839,0.951466917226883,0.012133276276733744,0.012133271416813009,0.012133256535166509
0.02580426746201331,0.8967829410331826,0.025804295302451558,0.02580426551334394,0.025804230689008605
0.01949229030071723,0.9220303822890409,0.019492247247517712,0.019492883294313097,0.019492196868411193
0.01683214944406236,0.9326713870885404,0.016832162661461134,0.01683217805649937,0.016832122749436833
0.024591553617844094,0.9016338496083016,0.024591544312780742,0.02459153583878317,0.02459151662229035
0.01982231794967741,0.9207107538655126,0.01982231174108323,0.01982232042209732,0.019822296021629583
0.0206337269095079,0.9174651159839876,0.02063372122302807,0.02063372908622255,0.02063370679725388
0.017598391758790702,0.9296064389029338,0.017598392159774132,0.017598396744850926,0.017598380433650303
0.01392349401829049,0.9443060553690221,0.013923491308336302,0.013923474946557553,0.013923484357793467
0.014373415523220702,0.9425063618344482,0.014373423142788644,0.014373402868274729,0.014373396631267755
0.02320726622987032,0.9071711241762952,0.023207254061807046,0.023207179693843057,0.023207175838184355
0.0166967215029195,0.9332120578342854,0.016696730947223487,0.016696725906546955,0.01669776380902458
0.022475413158014188,0.9100983535792396,0.022475412860462087,0.022475415500890224,0.02247540490139384
0.010225200309116677,0.959099235798714,0.01022520473666517,0.010225197310276768,0.010225161845227286
0.020540687423755498,0.9178372760580261,0.020540682663211265,0.020540689759556564,0.020540664095450353
0.0875245684089623,0.6499017864782755,0.08752455715259738,0.08752458180403072,0.08752450615613412
0.015387842866925669,0.9384486913898211,0.01538784628352479,0.015387834012001172,0.015387785447727282
0.0156856922363564,0.9372572670049237,0.015685684983613123,0.015685694488303488,0.015685661286803185
0.011849949202454173,0.9526003502739883,0.011849958206729086,0.011849920805970937,0.011849821510857655
0.015840027456592028,0.9366399349020783,0.015840014732129294,0.01584002230367667,0.015840000605523707
0.014948250855241232,0.9402070269220224,0.014948258718890741,0.014948247005190566,0.01494821649865512
0.012192869403840801,0.9512285139646783,0.0121928703962,0.012192856601598648,0.012192889633682051
0.012113582994587013,0.9515457004143147,0.012113585960927393,0.012113577804763546,0.01211355282540745
0.013022892778208051,0.9479084024726101,0.013022891591286924,0.013022885708593526,0.013022927449301372
0.01881673148271574,0.9247330980438079,0.018816736284714246,0.0188167318574707,0.01881670233129161
0.0164038825312342,0.9343844658995007,0.016403891174798534,0.016403890030932657,0.01640387036353382
0.01198149899566077,0.9520740036672705,0.011981497407184653,0.011981485345475223,0.01198151458440898
0.012138418622161756,0.9514463582439717,0.012138421511901738,0.012138413399261899,0.012138388222702936
0.013022892778208051,0.9479084024726101,0.013022891591286924,0.013022885708593526,0.013022927449301372
0.010609281387503956,0.9575629386973573,0.010609285322497403,0.01060926479698619,0.01060922979565488
0.01067701570792674,0.9572919666072692,0.010677020025685383,0.010677009468273884,0.010676988190844646
0.010817398068328168,0.9567304352818816,0.01081739731963105,0.010817379412259066,0.010817389917900287
0.02087319938590344,0.9165072106020781,0.020873199845953646,0.020873199300390347,0.020873190865674518
0.011696590704129217,0.9532136945802233,0.011696588486072402,0.011696575647477562,0.011696550582097407
0.013921481223658475,0.9443140719334961,0.013921486876369476,0.013921474077568427,0.013921485888907523
0.010461151486097674,0.9581554407918341,0.010461137084589147,0.010461139452101881,0.010461131185377176
0.020414847538272007,0.9183406167385894,0.020414858427784066,0.0204148537610793,0.020414823534275324
0.009074757409875208,0.9637009967620797,0.00907475785805273,0.009074750103509308,0.009074737866483096
0.025264965694739083,0.8989401564860842,0.025265000140791687,0.025264962378107502,0.025264915300277517
0.03091888089341561,0.8763244762274078,0.0309188811347579,0.030918879061942725,0.03091888268247596
0.013019348825242933,0.9479226583940678,0.01301934890156559,0.01301935218867365,0.013019291690450088
0.014405817278947205,0.9423767221481049,0.014405842683265552,0.0144058315179309,0.014405786371751647
0.010973133075806699,0.9561075121722511,0.010973131959045793,0.010973131217295443,0.010973091575600774
0.008634732927289923,0.9654611142824808,0.008634724751362226,0.00863470683944735,0.008634721199419515
0.014392281734235353,0.9424310338518388,0.014392254431621284,0.014392244112242502,0.014392185870062106
0.01350258072737817,0.9459894289164569,0.013502579114692886,0.013502844338469532,0.013502566903002588
0.021521245743127745,0.9139150234129859,0.021521246452787104,0.021521246378297998,0.021521238012801324
0.015933076087942186,0.9362677713635779,0.015933072056588893,0.01593305206622714,0.015933028425664044
0.2,0.2,0.2,0.2,0.2
0.014169873625695164,0.9433205203312256,0.014169868223127073,0.014169867685803262,0.01416987013414875
0.016445765694954893,0.934217047926311,0.01644575800702013,0.01644573357720755,0.016445694794506433
0.02277626197443415,0.9088949834785993,0.022776260563307872,0.022776256184254412,0.02277623779940415
0.01712487555719527,0.9314995907248426,0.01712487181783158,0.01712580273934033,0.017124859160790356
0.02077460002003879,0.9169017391649584,0.0207745803306701,0.020774570975429573,0.02077450950890316
0.009892283979658077,0.9604309065227117,0.009892286656418472,0.009892274725516039,0.009892248115695747
0.01598079643475159,0.9360768716451617,0.015980798358182714,0.015980777369883754,0.0159807561920202
0.01157891242146875,0.953684376039623,0.011578922693745513,0.01157890310696941,0.011578885738193377
0.010304030214846275,0.9587839330882567,0.010304034568728476,0.010304011563272888,0.01030399056489574
0.00925558441767153,0.9629777619726501,0.009255573089019375,0.009255562945476352,0.009255517575182701
0.019803964594050406,0.9207842118430841,0.019803972147430907,0.019803918868697406,0.01980393254673713
0.024305557983364635,0.902777791814863,0.024305563201866193,0.02430555508860443,0.024305531911301907
0.01157891242146875,0.953684376039623,0.011578922693745513,0.01157890310696941,0.011578885738193377
0.01917967499400857,0.9232813378557904,0.019179683361492332,0.019179664632645393,0.019179639156063154
0.03610735275441174,0.8555705892813219,0.03610736049004928,0.036107355125237627,0.036107342348979325
0.01821245856843756,0.9271501752028717,0.018212468290281628,0.018212464738103732,0.018212433200305345
0.020620479466755205,0.9175181124097099,0.020620478230059434,0.02062047758383368,0.02062045230964168
0.01199131660350832,0.952034766123993,0.011991314899240551,0.011991307125964574,0.011991295247293476
0.01447261128236488,0.9421096011506557,0.014472615576263875,0.014472602145480674,0.014472569845234822
0.024839764012101334,0.9006409729895704,0.024839763922087473,0.02483976494446662,0.024839734131774274
0.014616369820972983,0.9415345285492962,0.014616382282061887,0.014616366687415405,0.014616352660253304
0.02510585317025463,0.899576648579823,0.025105859300694738,0.025105827777013232,0.02510581117221445
0.0232757203922546,0.9068971650207576,0.023275709704450944,0.023275712529497138,0.023275692353039626
0.10003999320354245,0.599840262684446,0.10003999552172718,0.10003985946441388,0.10003988912587063
0.01809488092590842,0.9276205352459277,0.018094873730078835,0.01809487632166452,0.01809483377642056
0.025834194506966245,0.8966632444507124,0.025834186834848654,0.02583418927731717,0.025834184930155553
0.010553377896974822,0.957786549525888,0.010553376645698723,0.010553360433940794,0.010553335497497386
0.010178831003551181,0.9592847319025383,0.010178826789492926,0.010178816196677739,0.010178794107739909
0.011605855338377529,0.9535765903978833,0.011605857830984608,0.011605829146501975,0.011605867286252658
0.01963822834267441,0.9214471404571534,0.01963823733926038,0.019638205607338054,0.01963818825357404
0.013177137157706744,0.9472914577740875,0.013177138532029297,0.013177135336478131,0.013177131199698289
0.013528551089749409,0.9458858024250261,0.01352855296284025,0.013528548511482646,0.013528545010901736
0.015202815227354697,0.9391887498741296,0.015202824189287764,0.015202824397514934,0.015202786311713042
0.012431203615540872,0.9502752170278451,0.0124312024451134,0.01243119308123683,0.012431183830263813
0.016079533613167232,0.9356818664487845,0.01607953948954553,0.016079533877313163,0.01607952657118972
0.021975442790750678,0.9120982490984959,0.021975468152300063,0.021975449644532845,0.021975390313920602
0.01329464509486074,0.9468214470935787,0.01329464347825055,0.013294639584260899,0.013294624749049048
0.019665861673990283,0.9213365778519127,0.01966586175193637,0.019665853760513285,0.019665844961647305
0.021048649119535127,0.9158054743591432,0.02104863703811166,0.02104863695395807,0.021048602529252076
0.01071979039050832,0.9571208644318495,0.01071979975797167,0.010719783231365174,0.010719762188305403
0.016033945277603028,0.9358642755707979,0.016033934195307364,0.016033929459353103,0.016033915496938462
0.01841569454830598,0.9263372808448519,0.01841568553715669,0.0184156727474894,0.018415666322195916
0.016264313543652164,0.9349425405661383,0.016264302055024847,0.016264306020701034,0.01626453781448363
0.013530195709291485,0.9458792623261615,0.01353019052918773,0.013530180932838065,0.013530170502521206
0.018288555637134954,0.926845780483524,0.018288570447818675,0.018288552047565652,0.018288541383956813
0.0221498687627472,0.9114006321223469,0.022149871561745454,0.022149833735087467,0.022149793818073055
0.01626161655199238,0.9349535803537339,0.01626161515317613,0.016261607741768422,0.016261580199329204
0.016800796737052988,0.9327968488878166,0.016800802318043675,0.016800779875503526,0.0168007721815833
0.024402959385667986,0.9023881949708398,0.024402943820661632,0.024402960517718307,0.024402941305112263
0.015188088528059527,0.9392476474536356,0.015188092660345168,0.015188088863662177,0.015188082494297424
0.014649948821773173,0.9414002327703184,0.014649958724423469,0.014649939096219207,0.014649920587265842
0.010767236789148144,0.9569310655336125,0.010767247848439099,0.010767227134633735,0.010767222694166472
0.02125638937761868,0.9149745264611938,0.021256372420442288,0.021256371221201612,0.021256340519543348
0.014054505076332617,0.9437810255992873,0.014054521025961223,0.0140545062837174,0.014055442014701523
0.02580130631359547,0.8967948170811122,0.02580129688838431,0.025801292167789838,0.025801287549118226
0.019603730607183328,0.921585114566969,0.019603738625587067,0.01960372019467393,0.019603696005586747
0.021968694525190475,0.9121252571451138,0.021968685031735418,0.021968677755857587,0.021968685542102913
0.00883900178395783,0.9646439888145172,0.008839000788639254,0.008838996561728908,0.008839012051156918
0.01592888394685412,0.9362845045327663,0.015928885913946676,0.01592887989918315,0.015928845707249648
