AGE,GENDER,MARITAL_STATUS,CUSTOMER_CLASS,LINE_TENURE,SUBPLAN,SUBPLAN_PREVIOUS,NUM_TEL,NUM_ACT_TEL,PAY_METD,PAY_METD_PREV,CUSTOMER_TYPE
35,M,S,3,2318,2102,2102,2,1,cs,co,2G
30,F,S,3,1834,2105,2105,6,3,cs,cs,2G
35,M,S,3,1898,2102,2102,2,2,cs,cs,2G
53,M,M,3,1378,2103,2102,1,1,cs,cs,2G
42,M,M,3,1026,2101,2101,3,2,cs,cs,2G
42,F,S,3,945,2242,2101,2,2,cs,cs,2G
31,F,M,3,1558,2135,2114,1,1,cs,cs,2G
18,M,S,4,841,2206,2134,1,1,cs,cs,2G
26,F,S,5,449,2242,2242,1,1,cs,cs,2G
44,M,M,3,1815,2105,2105,2,2,dd,cs,2G
39,M,S,3,757,2135,2135,1,1,cs,cs,2G
38,M,M,5,794,2105,2105,2,2,co,co,2G
26,M,S,3,2026,2102,2107,2,2,cs,cs,3G
22,F,S,3,1111,2242,2206,1,1,cs,cs,2G
49,M,M,3,1931,2135,2101,4,2,cs,cs,2G
29,M,S,6,1423,2135,2101,1,0,cs,cs,2G
58,F,M,3,360,2242,2242,1,1,cs,cs,2G
30,M,S,3,2237,2206,2108,1,1,dd,cs,2G
32,F,M,3,656,2101,2101,3,3,cs,cs,2G
21,F,S,3,713,2242,2107,1,1,cs,cs,2G
29,M,S,3,2616,2102,2107,1,1,cs,cs,2G
34,M,S,7,2497,2165,2183,3,2,cs,cs,2G
42,M,S,3,3124,2137,2104,2,2,cs,cs,2G
51,M,M,3,1557,2114,4101,1,1,cs,cs,2G
30,F,S,3,2101,2102,2102,1,1,cs,cs,2G
43,F,M,3,1087,2105,2105,2,2,cs,cs,2G
29,M,S,3,731,2105,2105,2,1,cs,cs,2G
68,M,M,3,947,2106,2106,3,1,dd,cs,2G
32,F,S,3,492,2242,2135,2,1,cs,cs,2G
49,M,S,3,1418,2102,2101,2,1,cs,co,2G
30,M,S,3,2432,2137,2104,2,0,co,cs,2G
48,M,M,3,2046,2101,2101,2,1,cs,cs,2G
52,M,M,3,1111,2114,2101,1,1,cs,cs,2G
32,F,S,3,842,2105,2105,3,2,co,co,2G
18,F,S,4,268,2241,,1,1,cs,cs,2G
47,F,M,3,576,2206,2206,1,1,cs,cs,2G
41,M,M,3,1548,2114,4101,2,2,cg,cs,2G
47,M,M,3,3014,2243,2102,1,1,dd,cs,2G
34,F,S,3,2511,2107,2101,2,2,cs,cs,2G
40,M,M,3,268,2241,2241,1,1,cs,cs,2G
32,M,S,3,884,2119,2119,7,3,cs,cs,2G
29,M,M,3,1114,2241,2101,1,1,cs,cs,2G
42,M,M,7,1555,2114,2102,2,1,cs,co,2G
31,F,S,7,1963,2161,2101,3,3,cs,cs,2G
24,M,S,3,1576,2103,2103,1,1,cs,cs,2G
35,F,M,3,1782,2101,2105,3,2,cs,cs,2G
24,F,S,3,632,2206,2206,2,1,cs,cs,2G
36,M,S,3,321,2242,2242,4,1,cs,cs,2G
31,M,S,3,454,2248,2241,1,1,dd,dd,2G
32,M,M,3,1214,2105,2105,3,2,cs,cg,2G
35,M,M,3,765,2241,2135,1,1,cs,cs,2G
24,F,S,3,1893,2102,2120,1,0,cs,cs,2G
50,M,M,3,3130,2248,2101,2,2,dd,dd,2G
49,F,S,3,1994,2242,2101,2,2,cs,cs,2G
54,M,M,3,1368,2206,2101,3,2,cs,cs,2G
24,M,S,3,990,2242,2101,1,1,cs,cs,2G
23,M,S,3,1406,2243,2206,3,1,cs,cs,3G
35,M,S,3,991,2101,2102,4,1,cs,cs,2G
45,F,S,7,1658,2156,2166,1,1,cs,cs,2G
21,M,S,3,422,2242,2242,2,1,cs,cs,2G
31,F,M,3,334,2241,2241,1,1,cs,cs,2G
36,F,M,7,1869,2105,2105,3,3,cs,cs,2G
41,M,M,3,673,2102,2101,1,1,cs,cs,2G
27,M,M,3,1146,2242,2101,1,1,cs,cs,2G
19,F,S,4,410,2248,2242,1,1,cs,cs,2G
34,F,M,3,1084,2242,2107,1,1,cs,cs,2G
32,M,S,9,210,2208,2208,10,10,cs,cs,3G
53,M,M,3,1901,2104,2102,3,3,cs,cs,2G
35,M,S,3,2286,2248,2242,7,4,cg,cs,2G
37,M,S,7,1523,2166,2166,3,2,cs,cs,2G
49,M,M,3,2046,2102,2101,5,3,co,cs,3G
33,M,S,3,2063,2102,2101,1,0,co,cx,3G
42,M,S,3,391,2242,2242,1,1,cs,cs,2G
34,M,S,7,1474,2156,2156,3,2,cs,co,2G
46,F,M,3,342,2242,2242,2,2,cs,cs,2G
39,F,M,3,1726,2242,2135,4,3,cs,cs,2G
37.411584,F,S,7,2560,2156,2156,2,2,cs,cs,2G
43,F,M,3,686,2135,2135,1,1,cs,cs,2G
60,M,M,3,1652,2101,2101,1,1,cs,cs,2G
29,M,S,3,928,2136,2105,2,1,cs,co,2G
31,F,S,3,1739,2101,2101,2,2,cs,cs,2G
43,M,M,3,1099,2206,2101,3,2,cs,cs,2G
38,M,S,3,2257,2102,2101,1,1,cs,cs,2G
32,F,S,3,1171,2105,2105,2,2,cs,cs,2G
32,F,S,3,2495,2101,2101,3,2,co,co,2G
37,M,M,3,1175,2101,2101,2,2,cs,cs,2G
38,F,S,3,1855,2105,2105,4,2,cs,cs,2G
32,F,S,3,2232,2101,2101,2,1,dd,dd,3G
24,M,S,7,396,2209,2208,1,1,cs,cs,2G
34,F,M,3,605,2206,2206,1,1,cs,cs,2G
37.411584,M,S,8,1510,2101,2101,2,1,dd,dd,2G
51,F,M,3,1840,2101,2101,4,4,cs,cs,2G
42,M,M,3,273,2242,2242,1,1,cs,cs,2G
25,M,S,3,439,2242,2242,3,2,cs,cs,2G
31,M,S,7,1712,2161,2171,1,1,cs,cx,3G
29,M,S,3,1615,2101,2101,1,1,cs,cs,2G
34,M,M,3,1716,2105,2105,3,1,cs,cs,2G
24,F,M,3,310,2241,2241,1,1,cs,cs,2G
43,M,M,3,1847,2242,2105,2,2,cs,cs,2G
32,M,S,7,1518,2194,2166,1,1,cs,cs,2G
29,M,S,7,1197,2208,2194,4,1,co,cs,2G
38,F,M,3,375,2137,2242,3,3,cs,cs,2G
53,F,M,3,2927,2101,2101,1,1,cs,cs,3G
28,F,S,3,1801,2105,2105,5,5,cs,cs,2G
33,M,S,3,1074,2105,2105,2,2,cs,cs,2G
32,F,S,3,1480,2107,2102,7,4,cg,cs,3G
43,M,S,7,2030,2156,2101,1,1,cs,cs,2G
49,F,M,3,703,2105,2105,6,3,cs,cs,2G
46,F,M,3,1862,2105,2105,3,2,co,cs,2G
44,M,M,3,1084,2105,2105,2,2,dd,dd,2G
55,M,M,3,365,2242,2242,3,2,cs,cs,2G
22,F,S,3,510,2206,2206,1,1,cs,cs,2G
34,M,M,3,1740,2105,2105,2,2,cs,cs,2G
27,F,S,7,1197,2166,2171,2,1,dd,dd,2G
52,M,M,3,1361,2101,2101,2,2,cs,cs,2G
33,F,S,7,1924,2213,2161,1,1,cg,cg,2G
56,F,M,3,522,2206,2206,2,2,cs,cs,2G
20,M,S,3,822,2242,2135,1,1,cs,cs,2G
30,F,S,3,2031,2101,2101,2,1,cs,cs,2G
39,F,S,3,1671,2101,2101,3,2,co,co,2G
45,M,M,3,1097,2101,2101,2,2,cs,cs,2G
38,M,S,3,1330,2104,2102,3,3,cs,cs,2G
39,F,M,3,1333,2103,2105,2,1,cs,cs,2G
22,M,S,3,1549,2101,2101,1,1,cs,cs,2G
26,F,S,3,530,2241,2114,2,0,cs,cs,2G
24,F,S,3,321,2242,2242,2,1,cs,cs,2G
59,F,M,3,559,2114,2114,1,1,cs,cs,2G
53,F,M,3,626,2135,2135,3,1,cs,cs,2G
34,F,S,3,1435,2101,2101,2,2,cs,cs,2G
36,M,M,3,1226,2241,2101,2,2,cs,cs,2G
48,M,M,3,978,2243,2102,3,2,cs,cs,2G
40,M,M,3,1560,2242,2107,2,1,dd,cs,2G
47,F,M,3,1053,2206,2119,4,3,dd,dd,2G
18,M,S,4,271,2242,2242,1,1,cs,cs,2G
31,M,M,3,640,2135,2135,3,1,cs,cs,2G
27,M,S,3,1551,2242,2107,1,1,cs,cs,3G
43,F,M,3,436,2242,2242,4,2,cs,cs,2G
33,F,S,7,2559,2207,2165,1,1,cs,co,2G
54,M,M,3,2544,2248,2101,4,2,cs,cs,2G
37.411584,M,M,7,2030,2156,2156,2,1,cx,cs,3G
70,F,M,3,1560,2114,4101,1,1,cs,cs,2G
53,M,M,3,1712,2101,2101,3,2,cs,cs,2G
46,M,M,3,2060,2102,2243,5,4,cs,cs,3G
43,M,M,3,2367,2101,2101,2,2,dd,cs,2G
42,F,M,3,514,2101,2101,2,2,cs,cs,2G
38,F,S,3,2182,2101,2101,1,1,cs,cs,2G
31,M,S,3,2586,2102,2101,4,2,cs,cs,3G
29,F,S,3,2458,2243,2101,2,2,dd,cs,2G
41,F,M,3,1683,2105,2105,2,2,cs,cs,2G
42,F,M,7,747,2156,2156,3,1,dd,dd,2G
22,M,S,3,1571,2242,2101,1,1,cs,cs,2G
35,F,M,3,1104,2105,2119,2,2,cs,cs,2G
43,M,M,3,814,2105,2105,2,2,dd,cs,2G
25,M,M,3,322,2242,2242,2,2,cs,cs,2G
30,F,S,3,1560,2241,2114,2,1,cs,cs,2G
38,M,M,3,1335,2105,2105,4,4,cs,cs,2G
46,M,M,3,741,2135,2135,1,1,cs,cs,2G
54,F,M,3,1052,2135,2101,2,1,cs,cs,2G
54,F,M,3,2301,2101,2101,1,1,cs,cs,2G
59,M,M,3,2163,2101,2101,2,2,cs,cs,2G
37,F,M,3,2875,2242,2102,3,3,cs,cs,3G
37,F,M,3,1354,2105,2105,2,2,cs,cs,2G
34,M,S,3,700,2137,2137,5,3,cs,cg,2G
39,M,S,3,1365,2105,2105,2,2,cs,cs,2G
57,F,M,3,1788,2101,2101,2,2,cs,cs,2G
48,M,M,3,1587,2242,2103,1,1,cs,cs,2G
37.411584,M,S,9,273,2117,2117,195,195,cs,cs,2G
32,F,S,3,1534,2114,4101,1,1,cs,cs,2G
24,F,S,5,370,2241,2241,1,1,cs,cs,2G
51,M,M,7,1714,2156,2156,1,1,dd,dd,2G
26,M,S,3,2240,2248,2206,1,1,cs,cs,3G
39,F,S,7,1984,2105,2105,3,2,cg,cg,2G
31,F,S,3,1913,2242,2101,2,2,cs,cs,3G
51,F,M,3,1511,2242,2101,4,2,cs,cs,2G
45,M,S,3,962,2117,2117,3,2,cs,cs,2G
54,M,M,7,1961,2171,2101,2,2,cs,cs,2G
19,M,S,4,1179,2242,2107,1,1,cs,cs,2G
30,M,S,3,1861,2102,2101,2,1,cs,cs,2G
29,F,S,3,1871,2206,2107,2,2,cs,cs,2G
46,M,M,3,642,2135,2135,1,1,cs,cs,2G
39,M,M,3,2607,2206,2108,2,2,dd,cs,3G
28,M,S,3,2295,2102,2101,4,2,co,cs,2G
35,F,S,7,1916,2156,2161,1,1,cg,cs,2G
20,M,S,3,471,2248,2206,1,1,cs,cs,2G
48,F,M,3,325,2242,2242,2,1,cs,cs,2G
30,M,S,3,1884,2102,2104,2,2,cg,cs,2G
53,M,M,3,1090,2107,2107,3,3,cs,cs,2G
52,F,M,3,1095,2101,2101,1,1,cs,cs,2G
46,M,M,3,988,2101,2101,3,1,cs,cs,2G
52,M,M,7,2154,2160,2171,3,3,dd,cs,2G
36,M,M,3,582,2135,2135,2,2,cs,cs,2G
47,F,M,3,1874,2101,2101,1,1,cs,cs,2G
48,M,M,3,3098,2102,2101,1,1,cs,cs,2G
42,M,S,3,1488,2102,2102,3,2,cs,cg,3G
22,M,S,3,1719,2242,2101,1,1,cs,cs,2G
38,M,M,3,1432,2101,2101,3,2,cx,dd,2G
47,F,S,3,2400,2101,2101,2,2,cs,cx,2G
47,M,M,3,500,2241,2101,1,1,cs,cs,2G
27,M,S,3,1093,2101,2101,1,1,cs,cs,2G
55,M,M,3,2839,2101,2102,4,3,cs,cs,2G
21,M,S,3,506,2135,2135,2,0,cs,cs,2G
25,F,S,3,760,2242,2135,3,1,cs,cs,2G
49,F,M,3,1879,2102,2107,1,1,cs,cs,2G
34,M,S,3,451,2107,2107,2,1,cs,cs,2G
27,M,S,3,785,2242,2107,1,1,cs,cs,2G
40,M,M,3,1999,2101,2101,2,2,cs,cs,3G
37,F,M,3,429,2241,2241,1,1,cs,cs,2G
57,F,M,3,887,2105,2105,2,2,dd,dd,2G
37,M,S,5,2487,2242,2107,1,1,cs,cs,3G
33,M,M,3,2328,2241,2101,2,1,cs,cs,2G
46,M,M,3,378,2241,2241,1,1,cs,cs,2G
43,M,S,3,1054,2119,2119,5,2,cs,cs,2G
48,F,M,3,2661,2102,2101,2,2,dd,dd,2G
33,F,M,3,713,2105,2119,2,2,dd,dd,2G
30,M,S,3,429,2242,2242,2,1,cs,cs,2G
52,M,M,3,2523,2243,2137,4,2,cs,cg,2G
47,M,M,3,1776,2242,2101,5,4,cs,cs,2G
43,F,M,3,1543,2107,2101,2,1,cs,co,2G
33,F,M,3,1501,2101,2101,3,2,co,co,2G
49,M,M,3,1738,2101,2101,4,3,cg,cg,2G
38,F,S,3,1876,2103,2102,2,0,cs,cs,2G
31,F,S,3,1374,2101,2101,3,2,cs,cs,2G
42,M,M,3,1073,2242,2101,2,2,cs,cs,2G
34,M,S,3,458,2242,2242,2,1,cs,cs,2G
38,F,M,3,797,2137,2137,2,2,cs,cs,3G
39,F,S,3,1404,2101,2101,2,1,co,cs,2G
47,F,S,3,345,2248,2241,3,2,cs,cs,3G
25,F,S,3,376,2243,2206,3,1,cs,cs,3G
40,F,M,3,232,2242,2242,1,1,cs,cs,2G
33,F,S,3,252,2248,2242,4,2,cs,cs,2G
28,F,S,6,370,2242,2242,1,1,cs,cs,2G
49,F,M,3,2019,2135,2105,2,2,cs,cs,2G
44,M,M,3,204,2242,2242,3,3,cs,cs,2G
29,F,S,3,1065,2107,2102,2,2,cs,cs,2G
35,M,S,3,1016,2242,2107,1,1,cs,cs,2G
34,F,M,3,1549,2114,4101,2,2,dd,cs,2G
27,F,S,3,2325,2241,2107,5,2,cs,cs,2G
29,M,S,8,444,2241,2137,1,1,cs,cs,2G
27,F,S,3,2084,2105,2105,3,2,cs,cs,2G
23,M,S,3,1822,2136,2103,1,1,cs,cs,3G
25,M,S,3,2810,2101,2101,1,1,cs,cs,2G
73,M,M,3,196,2241,2241,1,1,cs,cs,2G
50,M,M,3,1053,2242,2119,2,2,cs,cs,2G
30,F,S,3,235,2248,2241,7,0,cs,cs,2G
36,M,M,5,892,2135,2119,2,2,dd,cs,2G
29,M,S,3,1670,2105,2105,2,2,cs,cs,2G
37,M,M,3,1548,2137,2104,2,1,co,cs,2G
25,F,S,3,2470,2242,2102,2,2,cs,cs,2G
29,M,S,6,251,2248,2242,1,1,cs,cs,2G
48,F,M,3,1301,2206,2105,2,2,cs,cs,2G
32,M,S,3,942,2119,2119,2,2,cs,cs,2G
18,F,S,4,513,2206,2206,1,1,cs,cs,2G
43,F,M,3,1200,2242,2107,2,2,cs,cs,2G
35,M,S,3,1603,2105,2105,3,2,cs,cs,2G
37.411584,F,S,9,1814,2156,2156,2,2,cs,cs,2G
31,F,S,3,343,2241,2241,4,2,cs,cs,2G
51,F,S,3,401,2242,2105,2,2,cs,cx,3G
34,M,S,3,2117,2105,2105,7,2,cs,cs,2G
49,M,M,3,680,2106,2106,1,1,cs,cs,2G
45,M,S,7,2129,2156,2156,4,2,cs,co,2G
51,M,M,3,614,2206,2206,2,1,dd,dd,2G
35,M,S,3,2310,2101,2101,1,1,cs,cs,3G
22,F,S,3,1104,2135,2107,1,1,cs,cs,3G
29,F,S,7,1809,2156,2105,3,3,co,dd,2G
52,M,M,7,1399,2166,2166,2,2,cs,cs,2G
27,M,S,7,1834,2161,2101,2,2,dd,cs,2G
47,M,S,3,1691,2105,2105,3,1,cs,cs,2G
55,M,M,7,1798,2155,2155,2,1,dd,dd,2G
36,M,S,3,2470,2101,2102,2,2,cs,cs,2G
45,M,M,3,1464,2104,2102,2,2,cg,cg,2G
29,M,S,3,3046,2101,2101,1,1,co,cs,2G
25,M,S,3,332,2206,2206,3,1,cs,cs,2G
16,F,S,4,214,2241,2241,1,1,cs,cs,2G
27,M,S,3,806,2105,2105,2,2,cs,cs,2G
45,M,M,3,1477,2135,2105,2,1,cs,cg,2G
23,M,S,6,1416,2101,2101,2,1,cs,cs,2G
27,M,S,3,1411,2243,2102,5,1,cs,cs,3G
38,M,S,3,1696,2105,2105,2,2,cs,cs,2G
43,M,M,3,670,2135,2135,3,1,cs,cs,2G
37,F,M,3,748,2135,2135,2,1,cs,cs,2G
24,M,S,3,2023,2248,2243,1,1,cs,cs,2G
34,M,M,3,1329,2135,2101,3,2,co,cs,2G
42,M,S,3,1256,2105,2105,5,4,cs,cs,2G
32,M,S,3,1785,2102,2102,3,3,cs,cs,2G
37,M,S,3,2692,2102,2101,2,1,cs,cs,3G
36,M,S,3,1850,2103,2101,1,1,cs,cs,2G
25,F,S,3,774,2105,2105,2,2,cs,cs,2G
20,M,S,4,623,2206,2206,2,1,cs,cs,2G
56,M,M,3,1877,2137,2102,2,1,cs,cs,2G
33,M,S,3,340,2242,2242,3,1,cs,cs,2G
38,M,S,7,1705,2156,2156,3,1,dd,dd,2G
47,M,M,7,340,2161,2161,3,2,dd,dd,2G
32,F,M,3,1690,2105,2105,2,2,dd,dd,2G
49,F,M,3,1427,2105,2105,4,2,dd,dd,2G
44,M,M,3,2706,2101,2101,2,1,cs,co,2G
58,M,M,3,2688,2242,2101,2,2,cs,cs,2G
53,M,M,3,1550,2114,4101,1,1,cs,cs,2G
38,M,M,7,1948,2156,2101,3,0,cs,cg,2G
50,F,M,3,1740,2101,2105,3,1,cs,cs,2G
22,M,S,3,733,2248,2135,1,1,cs,cs,2G
29,M,S,3,210,2242,2242,10,2,cs,cs,2G
58,M,M,3,1837,2105,2105,2,2,cs,cs,2G
42,M,M,3,1733,2248,2135,1,1,cs,cs,2G
30,M,S,3,2497,2101,2101,1,1,cs,cs,2G
22,M,S,6,1544,2101,2101,1,1,cs,cs,2G
40,M,M,3,1810,2105,2105,2,2,dd,cs,2G
16,M,S,4,225,2242,2242,1,1,cs,cs,2G
48,M,M,3,1017,2243,2101,1,1,cs,cs,2G
26,F,S,3,3018,2101,2101,1,1,cs,cs,3G
33,F,S,3,328,2241,2241,3,3,co,cs,2G
27,M,S,3,2307,2102,2101,4,1,cs,cs,2G
40,F,M,3,397,2242,2241,3,3,cs,co,2G
48,O,M,3,192,2117,2117,4,4,cs,cs,2G
54,M,M,3,2283,2101,2101,3,3,cs,cs,2G
32,F,S,3,1958,2104,2102,2,0,co,cs,2G
31,F,S,3,1826,2107,2101,2,2,cs,co,3G
37.411584,M,S,9,565,2155,2155,101,52,cs,cs,3G
39,M,M,7,1813,2105,2105,3,2,dd,cs,2G
30,M,S,3,2760,2242,2135,1,1,cs,cs,2G
36,F,M,8,1454,2101,2101,2,1,dd,cs,2G
28,M,S,3,1318,2107,2107,3,3,cs,cs,2G
36,M,S,3,1406,2102,2102,1,1,cs,cs,2G
30,M,S,3,1186,2109,2102,3,2,cs,cs,2G
22,M,S,3,1703,2101,2102,1,1,cs,cs,2G
46,M,M,3,1444,2242,2101,2,1,co,co,2G
42,M,M,5,960,2101,2101,1,1,cs,cs,2G
25,M,S,3,1539,2209,2213,1,1,cs,cs,2G
37,M,M,3,996,2242,2135,1,1,cs,cs,2G
51,M,M,3,1422,2107,2103,2,2,cs,cs,2G
29,M,M,3,1143,2101,2101,2,2,co,cs,2G
28,M,S,3,2389,2135,2107,4,2,cs,cs,2G
46,M,M,3,1256,2241,2105,2,2,cg,dd,2G
46,F,S,3,380,2243,2242,1,1,cs,cs,2G
35,M,S,3,3000,2102,2241,2,2,cs,dd,3G
27,M,S,3,1927,2102,2101,2,1,cs,cs,3G
60,M,M,3,1123,2105,2105,5,2,cs,cs,2G
40,F,M,3,705,2135,2135,2,1,cs,cs,2G
34,M,M,3,1326,2242,2101,4,2,cs,cs,2G
23,F,S,3,2792,2105,2103,2,2,cs,dd,2G
50,M,M,3,472,2241,2241,2,2,cs,cs,2G
37.411584,F,S,9,452,2156,2156,71,48,cs,cs,2G
58,M,M,3,2363,2101,2101,2,1,cs,cs,2G
42,M,M,3,644,2243,2135,1,1,cs,cs,3G
48,M,S,3,1884,2103,2101,1,1,cs,cs,2G
26,F,S,3,1914,2242,2101,4,4,cs,cs,2G
36,F,M,3,1087,2242,2101,4,2,cs,cs,2G
30,F,S,7,1694,2183,2102,2,2,cs,cs,2G
32,M,S,3,1200,2103,2103,1,1,cg,cs,2G
43,M,M,3,238,2242,2242,4,2,cs,cs,2G
54,M,S,7,1887,2156,2156,2,1,cg,cg,2G
37,F,M,3,1431,2101,2101,1,1,cs,cs,2G
34,M,M,3,1567,2101,2101,2,1,co,co,2G
30,M,S,3,2204,2104,2102,2,1,cs,cs,3G
49,M,M,3,910,2241,2101,4,4,cg,cs,2G
45,M,S,3,619,2206,2206,1,1,cs,cs,2G
38,F,M,3,2103,2104,2137,3,3,cs,cs,2G
46,F,M,3,664,2135,2135,2,1,cs,cs,2G
25,M,S,3,1160,2206,2102,7,3,cs,cs,2G
34,M,S,7,888,2155,2155,1,1,dd,dd,2G
40,M,S,7,3122,2166,2161,2,2,cs,cs,2G
52,M,M,7,1903,2156,2161,2,2,co,co,2G
4,F,M,7,1699,2156,2161,4,2,co,cs,2G
52,M,M,3,966,2114,2101,1,1,cs,cs,2G
52,F,M,3,588,2206,2206,1,1,cs,cs,2G
47,M,M,5,1681,2242,2105,3,3,cs,cs,2G
37.411584,F,S,7,2023,2156,2156,3,3,dd,dd,2G
30,F,S,3,1900,2105,2105,2,2,cs,cs,2G
40,M,M,3,1108,2102,2136,4,3,cs,cs,3G
48,M,M,3,1801,2105,2105,2,2,cs,cs,2G
47,M,S,3,2597,2102,2101,5,4,cs,cs,2G
43,F,M,3,670,2206,2135,1,1,cs,cs,2G
44,F,M,3,997,2105,2105,2,2,cs,cs,2G
30,M,S,3,1452,2101,2101,4,2,cs,cs,2G
37.411584,F,S,9,595,2166,2171,25,18,dd,cs,3G
25,M,S,3,1142,2105,2119,3,3,cs,cs,2G
35,M,S,7,306,2183,2183,3,2,cs,cs,2G
41,F,M,3,1171,2101,2101,2,2,dd,dd,2G
46,M,M,5,1074,2241,2101,2,2,cs,cs,2G
50,F,M,3,1834,2102,2102,4,1,cs,cs,3G
41,F,M,3,1921,2136,2102,2,1,co,cg,3G
29,M,S,3,674,2242,2101,2,2,cs,cs,2G
49,F,M,3,2463,2135,2107,4,1,cs,cs,2G
29,M,S,3,2304,2101,2101,3,3,cs,cs,3G
39,M,M,3,2518,2104,2102,4,4,cs,cs,2G
51,F,M,3,562,2135,2135,1,1,cs,cs,2G
45,M,M,3,1542,2105,2105,2,2,cs,cg,2G
60,M,M,3,1872,2242,2105,2,2,cs,cs,2G
34,F,S,3,706,2101,2101,2,2,cs,cs,2G
19,F,S,4,1027,2107,2107,1,1,cs,cs,2G
23,F,S,5,779,2242,2107,2,1,cs,cs,2G
22,M,S,3,1304,2107,2107,1,1,cs,cs,2G
35,M,S,5,1240,2107,2107,2,1,cs,cs,2G
32,M,S,3,2988,2107,2101,1,1,dd,cs,2G
35,F,M,3,1770,2105,2119,3,2,cs,cs,2G
27,M,S,5,334,2242,2242,1,1,cs,cs,2G
44,M,S,3,1786,2137,2104,4,4,dd,cs,2G
33,M,S,3,2224,2102,2101,1,1,cg,cs,2G
33,F,M,5,493,2241,2135,3,3,cs,cs,2G
26,F,M,3,788,2135,2135,2,1,cs,cs,2G
35,M,S,3,2542,2107,2101,1,1,co,co,2G
34,F,S,3,2116,2101,2101,1,1,cs,cs,2G
44,M,M,3,2056,2242,2105,2,2,cs,cs,2G
46,F,S,3,2627,2101,2101,4,4,co,co,3G
40,M,M,3,1832,2242,2101,4,1,cs,cs,2G
37,M,M,3,844,2107,2102,2,2,co,co,3G
51,F,M,3,1703,2101,2101,2,2,cs,cs,2G
26,F,S,3,1399,2206,2107,3,2,cs,cs,3G
40,F,M,3,236,2117,2117,7,4,cs,co,2G
31,M,S,3,1649,2241,2135,3,3,cs,co,2G
51,F,M,3,461,2241,2241,1,1,cs,cs,2G
35,M,S,3,2240,2241,2101,1,1,dd,cs,2G
51,F,M,3,966,2101,2101,1,1,cs,cs,2G
33,M,S,3,2502,2135,2101,2,2,co,cs,2G
26,F,S,3,2223,2107,2101,2,1,cs,cs,2G
31,M,S,3,2356,2242,2103,1,1,cs,cs,2G
31,M,S,7,1490,2151,2171,5,1,cs,cs,2G
34,F,M,3,1008,2242,2101,2,2,cs,cs,2G
47,M,S,3,1419,2243,2102,3,3,cs,co,2G
49,M,S,5,1028,2102,2102,1,1,cs,cs,3G
33,M,S,3,2082,2241,2101,2,2,co,co,2G
40,M,S,3,2482,2120,2104,3,2,cs,co,3G
45,M,M,3,454,2241,2241,2,2,cs,cs,2G
32,F,S,3,317,2242,2242,3,2,cs,cs,2G
25,M,S,3,382,2248,2102,2,1,cs,cs,2G
17,M,S,4,275,2242,2242,1,1,cs,cs,2G
18,F,S,4,632,2206,2206,1,1,cs,cs,2G
47,F,M,3,2051,2101,2101,1,1,cs,cs,2G
26,F,S,3,1524,2101,2101,2,2,cs,cs,2G
28,M,S,3,1648,2242,2107,1,1,cs,cs,2G
39,M,M,3,657,2248,2137,2,2,co,co,3G
39,F,M,3,1559,2135,2114,1,1,dd,dd,2G
27,F,S,3,1123,2242,2105,2,2,cs,cs,2G
26,M,S,5,574,2242,2241,1,1,cs,cs,2G
17,M,S,4,241,2242,2242,1,1,cs,cs,2G
38,M,M,3,1389,2241,2206,2,1,cs,cs,2G
26,M,S,3,2209,2248,2107,1,1,cs,cs,3G
40,F,M,3,2399,2101,2103,3,2,co,co,2G
73,M,M,3,2456,2101,2101,1,1,cs,cs,2G
42,M,M,7,2339,2209,2102,1,1,cs,co,2G
28,M,S,3,452,2242,2242,3,1,cs,cs,2G
39,F,M,3,2030,2102,2101,2,1,cx,cs,2G
24,M,S,3,2846,2102,2101,1,0,cs,cs,2G
35,M,M,3,1211,2105,2105,2,2,cs,cs,2G
31,M,S,3,1809,2105,2105,3,2,co,co,2G
28,F,S,5,550,2241,2206,1,1,dd,cs,2G
47,M,M,3,940,2241,2107,1,1,cs,cs,2G
63,M,M,7,888,2156,2156,1,1,dd,cs,2G
28,M,S,3,2031,2242,2101,2,1,cs,cs,2G
57,F,M,3,1542,2114,4101,1,1,cg,cs,2G
35,M,S,3,2307,2104,2102,5,4,cs,cs,2G
47,F,M,3,1558,2242,2114,4,2,cs,cs,2G
47,F,M,3,2798,2101,2101,3,2,dd,dd,2G
26,F,S,3,228,2206,2102,2,2,cs,cs,2G
52,M,S,3,2633,2242,2102,3,2,cs,cs,2G
46,M,M,3,2328,2101,2101,1,1,cg,cg,2G
24,M,S,3,807,2135,2135,2,2,cs,cs,2G
24,M,S,7,229,2214,2214,1,1,cs,co,3G
35,M,M,3,1828,2101,2101,2,2,cs,cs,2G
31,F,S,3,1317,2105,2105,2,2,cs,cs,2G
37,F,M,3,1668,2105,2105,2,2,cs,cs,2G
28,M,S,3,2230,2102,2101,2,2,cs,cs,2G
26,M,S,3,1686,2105,2105,2,2,cs,cs,2G
40,F,M,3,1241,2101,2101,1,1,dd,cs,2G
33,M,S,7,2479,2166,2101,1,1,cs,cs,2G
40,M,M,3,1043,2101,2101,2,0,cs,cs,2G
37.411584,M,M,8,2674,2101,2103,1,1,dd,cs,2G
46,M,S,3,516,2206,2206,1,1,dd,dd,2G
23,M,S,3,686,2242,2135,1,1,cs,cs,2G
28,M,S,3,498,2105,2242,2,2,cs,cs,2G
35,F,S,7,2157,2155,2160,1,1,cs,cs,2G
54,M,M,3,3014,2101,2101,2,1,cs,cs,2G
53,M,M,3,1304,2101,2102,7,3,cs,cs,2G
29,M,S,6,1220,2103,2103,1,1,cs,cs,2G
26,M,S,6,1837,2101,2101,1,1,cs,cs,2G
30,F,S,3,2212,2243,2248,4,4,cg,dd,3G
43,M,M,7,2871,2170,2165,2,2,dd,cs,2G
16,F,S,4,323,2242,2242,1,1,cs,cs,2G
32,F,S,3,2097,2102,2101,2,2,cs,cs,2G
54,M,S,3,2394,2242,2135,2,2,co,cs,2G
29,F,S,7,1571,2156,2161,2,2,cs,cs,2G
27,F,S,3,954,2241,2101,3,3,dd,dd,2G
35,M,M,3,1843,2242,2241,2,1,cs,cs,2G
50,M,M,8,347,2137,2137,1,1,cs,cs,3G
20,F,S,4,877,2242,2107,1,1,cs,cs,2G
54,M,M,3,1044,2105,2105,2,2,cs,cs,2G
29,F,S,3,2783,2242,2101,2,1,cg,cs,2G
30,M,S,3,257,2242,2135,0,0,cs,cs,2G
51,F,M,3,1550,2243,2136,4,3,cs,cs,2G
37,F,S,3,602,2135,2135,4,3,cs,cs,2G
34,M,S,7,3130,2166,2101,2,2,co,cs,2G
25,M,S,3,1424,2104,2102,3,2,cs,dd,2G
40,M,M,7,2643,2154,2101,2,1,cs,cs,2G
27,M,S,3,2065,2242,2206,1,1,cs,dd,2G
38,F,M,3,1137,2107,2107,3,3,co,cs,2G
56,M,M,7,1996,2156,2156,4,3,cg,cs,2G
47,F,M,3,1788,2136,2102,3,3,cg,cs,3G
49,M,M,3,1075,2107,2107,1,1,cs,cs,2G
24,F,S,3,2212,2107,2101,1,1,cs,cs,2G
41,M,S,3,2170,2104,2102,2,2,cs,cs,2G
29,M,S,3,1876,2242,2101,1,1,cs,cs,2G
23,F,S,3,854,2248,2134,1,1,cs,cs,2G
24,M,S,3,630,2102,2102,1,1,cs,cs,2G
37,M,S,7,2507,2161,2101,1,1,cs,cs,3G
27,M,S,7,1645,2156,2105,2,2,cx,cs,2G
26,F,S,3,947,2135,2105,2,2,cs,cs,3G
52,M,M,3,2108,2101,2101,3,3,dd,cs,2G
37.411584,M,S,9,867,2153,2153,475,175,cx,dd,2G
53,M,M,3,818,2135,2135,2,2,cs,cs,2G
39,M,M,3,3021,2101,2101,1,1,cs,cs,3G
46,M,M,3,387,2242,2242,1,1,cs,cs,2G
48,F,M,3,1129,2105,2105,4,2,cs,cs,2G
43,M,M,3,1753,2135,2101,4,2,cs,cs,2G
26,F,S,3,1860,2242,2101,2,2,co,co,2G
22,F,S,3,310,2242,2242,1,1,cs,cs,2G
26,F,S,3,381,2242,2242,1,1,cs,cs,2G
44,M,S,3,2361,2102,2101,1,1,cs,cs,2G
48,F,M,3,1898,2105,2105,4,4,cs,cs,2G
40,F,M,3,640,2206,2101,5,4,cs,cs,2G
29,M,S,7,1970,2156,2161,2,1,co,cs,2G
46,F,M,3,2715,2101,2101,3,3,cs,cs,2G
49,M,S,3,307,2243,2243,1,1,cs,cs,3G
31,M,S,9,721,2194,2194,7,4,cs,cs,3G
22,F,S,3,483,2242,2206,1,1,cs,cs,2G
19,M,S,4,549,2242,2206,2,2,cs,cs,2G
37,M,S,3,3121,2104,2102,2,2,cs,cg,2G
20,F,S,3,940,2242,2107,1,1,cs,cs,2G
47,F,M,3,2528,2242,2107,3,3,cs,cs,2G
27,F,S,3,1257,2101,2102,3,1,cs,cs,2G
29,F,S,3,2255,2101,2101,2,1,co,dd,3G
22,F,S,3,1707,2135,2107,1,1,cs,cs,2G
32,M,S,3,2107,2101,2101,1,1,dd,cs,2G
42,M,S,3,387,2242,2242,3,2,cs,cs,2G
37,M,M,3,913,2102,2104,3,2,cs,cs,2G
46,F,S,7,2233,2209,2161,1,1,cs,cs,2G
34,M,M,3,317,2242,2242,1,0,cs,cs,2G
51,M,M,3,2207,2101,2101,1,1,cs,cs,2G
29,M,S,3,822,2119,2119,3,2,dd,dd,2G
51,F,M,3,1468,2242,2101,2,1,cs,cs,2G
45,M,M,3,1553,2107,2114,2,2,dd,cs,3G
22,F,S,3,275,2242,2242,1,1,cs,cs,2G
49,M,S,3,1929,2105,2105,2,2,cs,cs,2G
50,M,S,3,2152,2242,2101,4,1,co,co,3G
48,F,M,3,1940,2105,2105,4,4,cs,cs,2G
21,F,S,3,186,2242,2242,2,2,cs,cs,2G
55,M,M,3,1554,2102,2107,1,1,cs,cs,2G
27,F,S,5,1864,2101,2101,2,2,cs,cs,2G
28,F,S,3,934,2101,2101,3,0,cs,cs,2G
20,M,S,4,672,2242,2107,1,1,cs,cs,2G
57,F,S,3,2990,2101,2101,2,1,cg,cg,2G
27,F,S,3,2371,2105,2101,2,0,co,cs,2G
32,M,S,3,248,2241,2241,2,2,cs,cs,2G
36,M,S,3,2023,2101,2101,2,2,cs,cs,2G
54,F,M,3,1765,2102,2101,3,3,cs,cs,2G
30,M,S,3,722,2134,2103,2,0,cs,cs,2G
37,M,M,5,214,2241,2135,2,2,cs,cs,2G
32,M,M,3,725,2135,2135,1,1,cs,cs,2G
49,M,S,3,2575,2241,2101,3,2,cs,cs,2G
40,M,M,3,2287,2102,2101,1,1,cx,cs,3G
30,M,S,3,2327,2104,2102,3,1,cs,cg,2G
38,M,M,5,387,2242,2242,3,3,cs,cs,2G
50,F,M,3,1151,2101,2241,3,2,cs,cs,2G
22,M,S,6,1560,2101,2101,1,1,cs,cs,2G
64,M,M,7,2237,2166,2161,1,1,cs,cs,2G
38,F,S,3,1872,2206,2101,4,3,co,cs,2G
25,M,S,3,2679,2107,2101,3,2,cs,cs,3G
32,M,M,7,362,2209,2156,2,1,cs,cs,2G
51,M,M,3,2417,2101,2107,2,2,cs,cs,2G
34,M,S,3,2142,2101,2101,1,1,cs,cs,3G
51,F,M,3,963,2119,2119,6,2,cs,cs,2G
51,M,M,7,1492,2156,2156,4,3,dd,dd,2G
30,M,S,3,1840,2105,2105,2,2,cs,cs,2G
36,M,M,5,2239,2107,2101,3,3,cx,cg,2G
44,F,M,3,622,2135,2135,1,1,cs,cs,2G
26,M,S,3,446,2105,2241,4,3,cs,cs,2G
41,F,M,3,512,2206,2206,2,2,cs,cs,2G
19,F,S,4,298,2241,2241,1,1,cs,cs,2G
18,M,S,4,652,2135,2135,1,1,cs,cs,2G
40,F,M,3,619,2135,2135,1,0,cs,cs,2G
37.411584,M,S,7,945,2156,2156,3,2,cs,cs,2G
44,M,M,3,344,2242,2241,2,2,cs,cs,2G
25,F,S,3,1533,2242,2103,1,1,dd,cs,2G
28,F,S,3,3090,2102,2102,2,2,dd,cs,3G
26,M,S,3,576,2104,2104,3,1,cs,co,2G
28,M,S,3,2171,2101,2101,2,1,cs,cs,2G
32,F,M,3,1590,2135,2103,2,2,cs,cs,2G
19,M,S,4,977,2241,2107,1,1,cs,cs,2G
24,F,S,3,1014,2101,2101,1,1,cs,cs,2G
48,F,M,3,557,2241,2135,1,1,cs,cs,2G
17,M,S,4,380,2242,2242,1,1,cs,cs,2G
44,M,S,3,1786,2242,2135,4,3,cs,co,2G
26,F,S,3,200,2135,2135,2,1,cs,cs,2G
24,M,S,3,1765,2101,2101,1,1,cs,cs,2G
40,M,M,3,463,2104,2242,1,1,co,co,3G
33,F,S,6,556,2242,2135,1,1,cs,dd,2G
21,M,S,3,1177,2242,2107,1,1,cs,cs,2G
55,M,M,3,2383,2241,2107,2,1,cs,cs,2G
30,M,M,7,1161,2208,2156,4,2,cs,co,2G
36,M,M,7,1552,2156,2166,1,1,cs,cs,2G
26,M,S,3,2197,2102,2101,1,1,cs,cs,3G
36,F,S,3,1192,2242,2101,2,2,cs,cs,2G
26,M,S,3,1334,2101,2107,2,2,cs,cs,2G
34,M,S,7,2266,2156,2156,2,2,cg,cg,2G
23,M,S,3,1660,2242,2101,1,1,cs,cs,2G
37,F,S,7,1069,2156,2156,3,3,cs,cs,2G
37.411584,M,S,9,2974,2194,2162,3,2,cs,cs,2G
37,F,M,3,1752,2101,2101,2,2,cs,co,2G
31,M,S,3,598,2135,2135,2,0,cs,cs,2G
50,M,M,3,1698,2242,2101,1,1,cs,cs,2G
42,F,M,3,849,2135,2134,1,1,cs,cs,2G
52,M,S,5,750,2248,2206,1,1,dd,cs,2G
50,M,M,3,733,2241,2135,1,1,cs,cs,2G
26,F,S,3,928,2101,2101,1,1,cg,cs,2G
48,F,M,3,601,2206,2206,2,1,cs,cs,2G
49,F,M,3,1542,2105,2105,5,5,cs,dd,2G
34,F,S,3,1365,2105,2105,5,4,co,cs,2G
21,M,S,3,1151,2242,2101,1,1,cs,cs,2G
46,F,M,3,835,2241,2101,1,1,cs,cs,2G
47,M,S,3,2190,2101,2101,1,1,cs,co,2G
58,M,M,3,1925,2102,2102,2,2,cs,cs,2G
53,F,M,3,469,2242,2103,3,1,cs,cs,2G
25,F,S,3,628,2206,2206,3,2,cs,cs,2G
39,M,S,3,2290,2101,2101,1,1,cs,cs,2G
45,F,M,7,1713,2161,2161,5,3,cs,cs,2G
23,F,S,3,1406,2242,2103,1,1,cs,cs,2G
31,M,M,5,206,2242,2242,1,1,cs,cs,2G
29,F,S,7,1555,2208,2165,1,1,cs,co,2G
64,M,M,3,2032,2105,2105,2,2,cs,cs,2G
34,F,M,7,214,2156,2156,2,2,cs,cs,2G
18,M,S,4,703,2135,2135,1,1,cs,cs,2G
25,M,S,3,2804,2137,2136,1,1,cs,cs,3G
39,M,S,3,2561,2242,2101,2,2,cs,cs,2G
28,M,S,3,1998,2104,2102,2,2,co,co,2G
42,M,M,3,904,2242,2101,1,1,dd,dd,2G
31,F,M,3,359,2241,2241,1,1,cs,cs,2G
35,M,S,3,2895,2101,2101,1,1,cs,cs,2G
34,M,S,3,893,2135,2101,4,2,cs,cs,2G
72,M,S,3,711,2135,2135,3,1,cs,cs,2G
32,M,S,3,1403,2102,2102,1,1,cs,cs,3G
49,M,M,3,1560,2114,4101,1,1,cs,cs,2G
26,M,S,3,236,2242,2242,3,1,cs,cs,2G
38,F,M,3,889,2248,2120,1,1,co,co,2G
47,M,M,3,947,2105,2105,2,2,cs,cs,2G
59,M,M,3,500,2135,2135,1,1,cs,cs,2G
49,M,S,3,1721,2242,2102,1,1,dd,cs,2G
61,M,M,3,1059,2101,2101,3,2,cs,cs,2G
39,M,M,3,2377,2242,2102,3,1,cs,cs,2G
27,M,S,3,2125,2104,2243,3,1,cs,cs,3G
40,M,M,3,328,2242,2242,1,1,cs,cs,2G
56,M,M,3,182,2241,2241,3,2,cs,cs,2G
34,M,S,3,1862,2206,2103,3,1,cs,cs,2G
43,M,M,3,1057,2242,2107,8,0,cs,cs,2G
37.411584,M,M,3,362,2241,2241,5,2,cs,cs,2G
26,F,S,3,1979,2102,2101,4,2,cs,co,2G
24,F,S,6,315,2156,2156,1,1,cs,cs,2G
23,M,S,3,1584,2242,2206,2,2,cs,cs,2G
50,M,M,7,1434,2166,2166,6,4,co,cs,2G
57,M,M,3,206,2242,2242,3,1,cs,cs,2G
42,M,M,3,2215,2101,2135,3,2,cs,cs,2G
50,M,M,3,1553,2101,2114,4,3,cs,cs,2G
33,M,M,3,445,2242,2241,2,2,dd,cs,2G
22,M,S,3,507,2206,2206,1,1,cs,dd,2G
26,F,S,3,764,2242,2101,3,2,cs,cs,2G
31,F,S,7,1398,2166,2166,3,2,cs,cs,2G
44,M,M,7,929,2156,2156,4,2,cs,cs,2G
28,F,S,3,2366,2241,2101,1,1,cs,cs,2G
55,M,M,3,404,2243,2243,2,2,cs,cs,2G
48,F,M,3,1682,2105,2105,4,4,cs,cs,2G
50,M,M,3,1489,2135,2102,3,2,cs,cg,2G
44,M,S,3,837,2105,2105,4,2,cs,cs,2G
31,F,M,3,320,2242,2242,2,2,cs,cs,2G
39,M,M,3,874,2242,2105,3,1,cs,cs,2G
36,F,S,3,1550,2114,4101,1,1,cs,cs,2G
51,M,M,3,1250,2242,2101,1,1,cs,cs,2G
29,F,M,3,1677,2105,2105,2,1,cs,co,2G
42,F,M,3,1554,2242,2206,1,1,cs,cs,2G
27,F,S,3,1815,2101,2101,2,2,cs,cs,2G
52,M,M,3,2652,2104,2102,1,1,cs,cs,2G
30,M,S,3,2061,2242,2101,2,1,co,co,2G
35,F,M,3,2591,2101,2101,4,3,cs,cs,3G
52,F,M,7,1789,2155,2155,2,2,dd,cs,2G
49,M,M,3,1675,2107,2103,2,2,co,co,2G
25,F,S,3,304,2243,2137,1,1,cs,cs,2G
44,F,M,3,1964,2248,2242,2,2,cs,cs,2G
36,M,M,3,2701,2242,2135,2,2,dd,dd,3G
24,M,S,3,1701,2101,2101,1,1,cs,cs,2G
46,F,M,3,1666,2105,2105,4,3,co,cg,2G
34,F,S,3,1174,2105,2105,2,2,cs,co,2G
29,F,S,3,965,2243,2166,6,5,co,cg,2G
26,M,S,7,1865,2208,2166,3,0,cs,cs,2G
50,F,M,3,2311,2242,2102,1,1,cs,dd,2G
47,F,M,3,1604,2242,2105,2,1,cs,cs,2G
33,F,M,3,2507,2101,2101,2,1,co,cs,2G
46,F,S,3,328,2243,2243,3,2,cs,cs,2G
41,M,M,3,254,2242,2242,3,1,cs,cs,2G
44,F,M,3,1553,2107,2114,3,2,cs,cs,2G
42,F,M,3,269,2242,2242,5,5,cs,cs,2G
44,M,S,5,268,2248,2248,2,2,cs,cs,2G
60,M,M,3,756,2106,2106,1,1,dd,dd,2G
33,M,S,3,2797,2102,2137,3,3,cs,co,3G
24,M,S,3,1010,2107,2107,1,1,co,dd,2G
28,M,S,3,2091,2248,2102,2,1,cs,cs,2G
42,F,S,7,1707,2156,2156,2,2,dd,cs,2G
27,M,S,3,1331,2101,2101,1,1,cs,cs,2G
26,M,S,3,294,2242,2242,2,2,cs,cs,2G
44,M,M,3,748,2135,2135,1,1,cs,cs,2G
45,F,M,3,2478,2104,2102,1,1,cs,dd,3G
38,M,M,3,384,2242,2242,6,2,cs,cs,3G
36,M,M,3,2310,2242,2101,1,1,cs,cs,2G
47,F,M,3,2052,2105,2105,5,4,cs,cs,2G
41,M,M,3,269,2241,2241,2,1,cs,cs,2G
28,M,S,7,2495,2166,2101,3,2,cs,cs,2G
51,F,M,3,1813,2102,2101,2,2,cs,cs,2G
49,M,M,3,941,2105,2105,2,2,co,co,2G
29,M,S,7,979,2156,2156,3,2,co,co,2G
41,M,S,7,1857,2156,2161,4,2,cs,cs,2G
39,M,M,3,1960,2102,2101,1,1,cs,cs,2G
37.411584,F,S,9,1545,2114,4101,26,25,dd,dd,2G
25,F,S,3,1980,2242,2206,2,2,cs,cs,2G
30,M,S,7,2298,2194,2171,2,0,cs,co,2G
31,M,S,3,1782,2102,2107,3,1,cs,co,2G
32,M,S,3,1948,2242,2135,1,1,cs,cs,2G
33,M,S,3,2344,2102,2101,3,2,cs,cs,2G
37,F,M,3,1439,2107,2101,2,2,cs,cs,2G
47,M,M,3,2083,2104,2102,2,0,cs,cs,2G
37.411584,M,M,9,2601,2183,2101,11,7,dd,cs,2G
62,M,M,3,744,2241,2135,1,1,cs,cs,2G
35,M,M,3,1451,2101,2101,2,1,cg,cg,2G
45,M,M,3,2227,2101,2101,1,1,cs,cs,2G
41,M,M,7,2482,2156,2161,2,2,cs,cs,2G
40,M,M,3,1556,2114,4101,1,1,cs,cs,2G
35,F,M,7,273,2242,2242,5,2,dd,dd,3G
25,M,S,3,1373,2136,2102,4,4,cs,dd,2G
38,M,M,3,1599,2242,2101,3,1,cs,cs,2G
39,M,S,3,2395,2248,2102,2,2,dd,dd,2G
25,F,S,3,569,2242,2206,1,1,cs,cs,2G
44,M,M,3,361,2241,2241,3,2,cs,cs,2G
37.411584,M,S,3,1678,2242,2101,4,2,co,cs,2G
41,M,S,5,1711,2101,2101,1,1,cs,cs,2G
50,F,M,3,260,2242,2242,4,3,cs,cs,2G
38,M,M,3,277,2242,2242,2,1,cs,cs,2G
27,M,S,3,1400,2102,2102,4,2,cs,cs,2G
30,M,S,3,654,2135,2135,3,2,cs,cs,2G
40,M,M,3,889,2101,2101,5,5,dd,dd,2G
35,M,S,3,2472,2102,2102,2,1,cs,co,2G
33,M,S,3,1436,2101,2101,2,1,cs,cs,3G
45,M,M,3,346,2241,2241,1,1,co,co,2G
30,F,S,3,1894,2242,2105,3,3,co,co,2G
26,M,S,7,785,2166,2101,2,1,cs,cs,2G
28,M,S,3,216,2241,2241,7,3,cs,cs,2G
28,F,S,3,2085,2242,2101,2,2,cs,cs,2G
57,F,M,3,826,2206,2134,3,3,cs,cs,2G
39,M,M,3,234,2242,2242,3,2,cs,cs,2G
44,M,M,3,969,2119,2119,2,2,cs,cs,2G
46,M,M,3,746,2105,2135,4,4,cs,cs,2G
18,F,S,4,548,2242,2206,1,1,cs,cs,2G
42,M,M,3,569,2206,2206,2,2,cs,cs,2G
33,F,S,3,210,2241,2241,2,2,cs,cs,2G
41,M,M,3,865,2241,2101,2,2,cg,cs,2G
53,F,M,3,339,2241,2241,1,1,dd,dd,2G
47,M,M,3,682,2135,2135,3,1,cs,cs,2G
66,M,S,3,998,2101,2102,2,1,dd,cs,3G
33,M,S,3,1120,2242,2101,3,2,cs,cs,2G
23,M,S,7,1829,2159,2103,1,1,cs,cs,2G
36,F,M,3,761,2241,2101,1,1,cs,cs,2G
39,M,S,3,2028,2107,2105,2,1,cs,cs,3G
33,M,M,3,413,2242,2242,4,3,cs,cs,3G
34,M,S,3,2104,2102,2101,1,1,dd,cs,2G
48,M,M,3,1722,2242,2101,3,2,cs,cs,2G
53,M,M,3,2642,2101,2101,2,2,cs,cs,2G
27,F,S,3,2056,2101,2103,1,0,cs,cs,2G
66,M,M,3,365,2241,2241,3,2,cs,cs,2G
29,F,S,3,1184,2101,2105,4,4,cs,cs,2G
45,M,M,3,534,2135,2135,1,1,cs,cs,2G
34,M,S,7,2158,2166,2101,2,1,co,cs,2G
28,F,S,3,1871,2105,2105,3,2,co,cs,2G
35,M,S,3,199,2241,2241,4,3,cs,cs,2G
26,M,S,3,1545,2107,2101,2,2,cs,cs,2G
51,M,M,3,936,2101,2101,3,2,cs,cs,2G
27,F,S,3,402,2248,2101,4,2,cs,cs,3G
23,M,S,3,1858,2105,2107,2,2,cs,cs,2G
26,M,S,3,1156,2105,2105,3,3,cs,cs,2G
33,M,S,3,1716,2105,2105,2,2,co,cg,2G
27,F,S,7,1157,2166,2102,2,2,cs,cs,2G
26,M,S,3,2672,2248,2135,1,1,cs,cs,2G
32,M,S,3,2979,2104,2248,4,2,co,co,3G
23,F,S,3,192,2242,2242,3,0,cs,cs,2G
50,M,M,3,1993,2107,2101,1,1,cs,cs,2G
34,F,M,3,1052,2241,2101,1,1,cs,cs,2G
35,M,S,3,2003,2135,2101,3,2,cs,cx,2G
54,F,M,3,437,2242,2242,2,1,cs,cs,2G
32,M,S,7,2018,2156,2156,6,3,dd,dd,2G
17,M,S,4,447,2206,2206,1,1,cs,cs,2G
45,F,M,3,1928,2241,2105,2,2,cs,cs,2G
39,M,M,7,1579,2156,2166,4,2,cg,cs,2G
29,M,S,3,1215,2242,2135,1,1,cs,cs,2G
43,F,M,3,793,2101,2101,3,3,cs,cs,2G
32,M,S,3,1930,2104,2137,3,1,cs,cs,2G
45,M,M,3,1193,2242,2105,2,2,cs,cs,2G
30,M,S,3,509,2206,2206,3,0,cs,cs,2G
55,M,M,3,2065,2206,2105,8,3,cs,cs,2G
54,M,M,3,287,2241,2241,1,1,cs,cs,2G
45,M,M,3,2159,2101,2101,3,3,cs,cs,2G
53,F,S,7,706,2156,2156,1,1,cs,cs,2G
33,M,S,3,552,2242,2243,4,3,cs,cs,3G
41,F,M,3,247,2248,2248,1,1,cs,cs,2G
29,M,S,3,2023,2206,2102,2,2,cs,cs,2G
30,F,S,3,1918,2105,2105,2,2,cs,cs,2G
23,M,S,3,786,2135,2135,2,2,cs,cs,2G
49,F,S,3,613,2206,2206,1,1,cs,cs,2G
20,F,S,4,456,2242,2242,1,1,cs,cs,2G
51,F,M,3,255,2242,2242,4,3,cs,cs,2G
26,F,S,3,1958,2242,2107,1,1,cs,cs,3G
54,M,M,3,1465,2242,2105,2,2,cs,dd,2G
51,M,M,3,2778,2101,2101,2,2,co,cg,2G
46,F,M,3,261,2242,2242,1,1,cs,cs,3G
29,F,S,3,638,2101,2156,2,1,cs,cs,2G
47,F,M,5,702,2241,2135,1,0,cs,cs,2G
21,F,S,3,824,2242,2107,1,1,cs,cs,2G
37.411584,M,M,3,1908,2105,2101,4,3,cs,cs,2G
55,M,S,7,1160,2156,2156,3,3,cs,cs,2G
38,F,M,3,447,2242,2242,1,1,cs,cs,2G
38,F,M,3,611,2135,2206,1,1,cs,cs,3G
37.411584,M,M,8,1892,2102,2101,1,1,cs,cs,2G
64,F,M,3,1705,2101,2101,1,1,cs,cs,2G
29,M,S,3,1879,2242,2101,3,2,cs,cs,3G
24,F,S,3,1667,2101,2101,1,1,cs,cs,3G
36,M,M,3,728,2241,2136,1,1,cs,cs,2G
28,M,S,7,2127,2161,2101,3,1,cs,cs,3G
29,F,S,7,1071,2165,2165,3,2,cs,cs,2G
46,M,M,3,2121,2101,2101,3,2,cs,cs,2G
44,M,S,3,375,2242,2242,6,3,cs,cs,2G
28,F,S,7,1007,2156,2156,1,1,dd,dd,3G
50,F,M,3,2072,2242,2107,2,2,cs,cs,2G
34,M,S,7,1994,2166,2171,1,0,cs,co,2G
57,F,M,7,2082,2166,2101,2,2,dd,cs,2G
26,F,S,3,2871,2102,2243,2,2,cs,cs,2G
59,F,M,3,3112,2241,2135,1,1,co,cs,2G
51,F,M,3,850,2105,2105,2,2,cs,cs,2G
46,F,M,3,920,2105,2105,4,3,cs,cs,2G
26,M,S,3,2758,2107,2101,2,2,cs,cs,2G
23,M,S,3,295,2242,2242,1,0,cs,cs,2G
49,M,M,3,1570,2135,2101,1,1,cs,cs,2G
18,M,S,4,664,2134,2134,1,1,cs,cs,2G
32,F,S,7,2985,2156,2101,1,1,cs,cs,2G
41,F,M,3,746,2102,2102,4,4,dd,dd,2G
35,M,S,7,2088,2166,2127,1,1,co,co,3G
26,M,S,3,2455,2102,2166,1,1,cs,cs,3G
54,M,M,3,269,2135,2135,1,0,cs,cs,3G
33,M,M,3,1830,2105,2105,2,2,co,cs,2G
34,F,M,3,663,2243,2135,2,1,cs,cs,2G
29,M,S,3,983,2105,2119,3,2,cs,co,2G
31,M,S,7,541,2160,2135,2,2,cs,cs,2G
29,M,S,3,1932,2242,2135,3,1,cs,cs,2G
26,M,S,3,1094,2242,2101,2,2,cs,cs,2G
64,M,M,3,627,2135,2135,1,1,cs,cs,2G
43,M,M,7,1105,2155,2160,2,2,cs,co,2G
31,M,M,7,1893,2166,2171,2,1,cs,co,2G
26,F,S,3,1264,2105,2105,2,1,co,cx,2G
39,M,S,3,199,2242,2242,1,1,cs,cs,3G
29,F,S,6,1869,2135,2101,1,1,cs,cs,2G
31,M,S,3,1879,2101,2101,1,1,cs,cs,2G
59,M,M,5,311,2242,2242,1,1,cs,cs,2G
20,M,S,6,458,2242,2107,1,1,cs,cs,2G
41,M,M,3,2870,2242,2101,1,1,cs,cs,2G
21,M,S,6,807,2135,2135,1,0,cs,cs,2G
36,M,S,3,609,2248,2242,2,2,cs,cs,2G
53,F,M,3,1506,2105,2105,2,2,cs,cs,2G
47,F,M,3,1094,2242,2101,1,1,cs,cs,2G
57,M,M,3,1207,2242,2101,1,1,dd,cs,2G
39,M,M,3,1098,2136,2120,2,2,cs,cs,3G
49,M,M,3,1559,2114,4101,2,1,cs,cs,2G
38,M,M,3,1554,2114,4101,1,1,cs,cs,2G
39,M,M,3,1709,2105,2105,4,2,cs,co,2G
34,F,M,7,1474,2165,2165,2,2,cs,cs,2G
25,M,S,7,1966,2166,2102,2,2,cg,cs,2G
49,M,M,3,219,2242,2242,1,1,cs,cs,2G
51,M,S,3,296,2242,2242,3,0,cs,cs,2G
28,F,S,3,2813,2101,2101,3,1,cs,cs,2G
39,M,S,3,2255,2104,2102,2,2,cs,cs,3G
45,M,S,3,654,2135,2135,3,3,cx,cg,2G
24,F,S,3,384,2242,2242,2,2,cs,cs,2G
39,M,M,7,2156,2166,2156,1,0,co,cs,2G
48,M,M,3,1998,2102,2104,1,0,cs,cs,2G
65,M,M,3,2529,2101,2101,1,1,cs,cs,2G
42,M,M,7,2295,2171,2102,2,1,cs,cs,3G
43,M,M,3,408,2241,2241,2,1,dd,dd,2G
37,F,S,7,2042,2213,2102,1,1,cx,cx,2G
36,F,M,3,1823,2101,2101,2,2,cs,cs,2G
30,M,S,3,700,2104,2120,6,2,cs,co,3G
35,F,S,3,1990,2241,2101,3,2,cs,cs,2G
23,M,S,3,1010,2206,2101,1,1,cs,cs,2G
25,M,S,3,2676,2101,2101,2,2,cs,cs,2G
35,F,S,3,2637,2102,2101,1,1,cs,cs,2G
27,F,S,3,2273,2102,2101,2,1,cs,cs,3G
33,F,S,3,2057,2101,2102,4,0,dd,cs,2G
27,F,S,3,709,2242,2101,3,2,co,co,2G
24,F,S,3,1291,2241,2107,3,2,cs,cs,2G
32,M,S,3,443,2241,2105,4,1,cs,cs,2G
27,F,S,3,311,2242,2242,2,1,cs,cs,2G
42,F,S,7,1560,2156,2156,2,1,cs,cs,2G
37,M,S,3,2760,2101,2101,1,1,cs,cs,3G
31,M,S,3,2525,2102,2102,3,3,cs,cs,2G
44,F,M,3,359,2241,2241,1,1,cs,cs,2G
51,F,M,3,2171,2206,2101,2,2,dd,cs,2G
41,M,M,3,1559,2241,2114,5,1,cs,cs,2G
35,M,M,3,1560,2114,4101,1,1,cs,cs,3G
37,F,M,3,1101,2242,2107,1,1,co,co,2G
22,F,S,3,1370,2102,2102,1,1,cs,cs,2G
49,F,M,3,634,2135,2135,1,1,cs,cs,2G
46,F,M,3,1438,2241,2103,3,3,cs,cs,2G
28,F,S,3,1220,2105,2105,2,2,cs,cs,2G
45,M,M,3,932,2107,2107,6,4,cs,cs,2G
31,M,S,3,185,2242,2242,2,1,cs,cs,2G
34,M,S,3,1675,2105,2105,2,2,cs,cs,2G
37.411584,M,S,3,1089,2119,2119,3,2,cs,cs,2G
53,M,M,3,387,2241,2241,1,1,cs,cs,2G
32,M,S,3,1956,2105,2105,2,2,cs,cs,2G
23,F,S,3,1891,2102,2101,1,1,dd,cs,2G
33,M,M,7,2112,2196,2151,1,1,cs,cg,3G
37,M,S,7,636,2166,2183,2,1,dd,cs,2G
62,M,M,3,2555,2101,2101,1,1,cs,cs,2G
17,F,S,4,341,2242,2242,1,0,cs,cs,2G
58,F,M,3,406,2241,2241,1,1,cs,cs,2G
48,F,M,3,1725,2242,2103,1,1,cs,cs,3G
37.411584,F,S,9,2300,2212,2194,2637,649,cs,cs,3G
25,M,S,3,642,2242,2135,5,5,cs,cs,2G
44,M,M,3,580,2135,2135,1,1,cs,cs,2G
31,F,S,3,2686,2107,2101,1,1,co,cs,2G
31,M,S,3,2251,2102,2166,1,0,co,cg,2G
62,M,M,3,482,2135,2135,2,1,cs,cs,2G
19,M,S,4,380,2242,2242,1,1,cs,cs,2G
58,F,M,3,496,2206,2206,2,2,dd,dd,2G
30,M,S,3,608,2206,2206,2,2,cs,cs,2G
22,M,S,3,588,2206,2206,1,1,cs,cs,2G
29,M,S,3,205,2241,2241,3,3,cs,cs,2G
26,M,S,3,1843,2242,2241,1,1,cs,cs,2G
60,M,M,3,1315,2241,2105,2,1,cs,cs,2G
29,M,S,3,2527,2107,2102,2,1,cs,cs,2G
28,M,S,3,2396,2101,2101,1,1,cs,cs,2G
26,F,S,3,2466,2241,2101,1,1,cs,cs,2G
37,M,M,3,468,2137,2137,1,1,cs,cs,2G
53,F,M,3,2322,2101,2101,2,1,cs,cs,2G
33,M,M,3,2454,2248,2135,3,0,co,co,2G
47,F,S,3,2237,2102,2101,3,0,cs,cs,2G
30,M,S,3,1017,2119,2119,2,2,cx,cs,2G
31,F,S,3,2318,2135,2101,5,2,co,co,2G
50,M,M,3,297,2242,2242,2,0,cs,cs,2G
47,M,M,7,1426,2156,2156,7,4,co,co,2G
33,M,S,3,1689,2101,2101,2,1,cs,dd,2G
34,F,M,3,629,2206,2206,2,1,cs,cs,2G
17,M,S,4,360,2242,2242,1,1,cs,cs,2G
41,M,S,7,984,2166,2171,1,1,cs,cs,2G
35,M,M,3,2646,2248,2101,2,1,co,cg,2G
42,M,M,3,677,2242,2135,4,2,cs,cs,2G
25,M,S,3,642,2248,2135,2,2,cs,cs,2G
48,M,S,3,2216,2102,2101,3,3,cs,cs,2G
56,F,M,3,1137,2248,2243,5,4,cs,cs,2G
52,M,M,3,324,2241,2241,3,2,cs,cs,2G
45,F,M,3,1869,2101,2101,2,2,cs,cs,2G
26,F,S,3,963,2241,2105,3,1,cs,cs,2G
29,F,S,3,2332,2104,2120,3,2,cs,cs,2G
25,M,S,3,759,2135,2136,1,1,cs,cs,2G
30,M,S,3,1408,2107,2102,1,1,cs,cs,2G
29,M,S,3,2481,2102,2206,2,1,cs,cs,2G
32,M,M,7,976,2166,2166,2,2,cs,cs,2G
51,M,M,3,584,2135,2135,4,1,cs,cs,2G
46,M,M,3,331,2241,2241,1,1,cs,cs,2G
35,M,S,3,1096,2242,2107,1,1,cs,cs,2G
31,F,S,3,599,2248,2136,2,1,cs,cs,2G
46,M,M,3,1933,2105,2105,2,2,cs,cs,2G
74,F,M,3,576,2135,2135,1,1,cs,cs,2G
43,M,M,3,1503,2242,2101,2,2,cs,cs,3G
17,F,S,4,341,2242,2242,1,1,cs,cs,2G
46,M,M,3,1783,2104,2102,1,1,cs,cs,3G
26,M,S,6,1578,2135,2103,1,1,cs,cs,2G
31,F,S,7,1542,2114,4101,3,2,cs,cs,2G
29,F,S,7,2003,2156,2161,3,3,co,cg,2G
52,F,M,3,427,2242,2242,2,1,cs,cs,2G
32,M,S,3,2602,2107,2101,2,2,cs,cs,2G
30,M,S,6,1651,2101,2101,1,1,cs,cs,2G
47,M,S,7,1488,2166,2166,1,1,cx,cx,2G
31,M,S,3,2092,2242,2102,2,1,cs,cs,2G
32,M,S,3,2010,2105,2105,2,1,cs,co,2G
40,M,S,3,2106,2101,2101,1,1,co,cs,3G
34,M,S,3,1994,2242,2101,1,0,co,co,2G
27,M,S,3,363,2241,2241,5,5,cs,cs,3G
55,M,M,3,3000,2242,2102,1,1,cs,cs,2G
34,M,M,3,2501,2242,2101,3,2,cs,cs,3G
34,M,S,3,2285,2101,2101,4,2,cs,cs,2G
42,M,M,3,957,2242,2119,4,3,co,cs,2G
29,F,S,3,674,2241,2118,4,1,cs,cs,2G
30,M,S,3,1821,2242,2107,2,2,cs,cs,3G
32,F,S,3,1073,2119,2119,2,2,cs,cs,2G
37.411584,M,S,3,380,2242,2242,3,1,cs,cs,2G
17,F,S,4,404,2242,2242,1,1,cs,cs,2G
46,F,M,3,1771,2101,2101,3,3,cs,cs,2G
39,F,S,7,2451,2161,2101,2,2,cs,cs,2G
23,M,S,6,1354,2242,2101,1,1,cs,cs,2G
44,M,M,7,854,2160,2160,2,2,cs,cs,2G
46,F,M,3,511,2135,2135,4,0,cs,cs,2G
55,M,M,3,374,2242,2242,1,1,cs,cs,2G
41,F,M,7,1903,2166,2107,2,1,cs,cs,2G
23,M,S,3,589,2248,2135,1,1,cs,cs,2G
42,F,M,3,1777,2107,2101,1,1,cs,cs,2G
25,F,S,3,2737,2242,2101,1,1,cs,dd,2G
40,M,M,3,983,2119,2119,3,3,cx,cg,2G
37.411584,M,S,8,2969,2102,2101,1,1,cs,cs,2G
21,M,S,3,1180,2101,2103,1,1,cs,cs,2G
49,F,M,3,1118,2105,2105,2,2,dd,cs,2G
45,F,M,3,194,2242,2242,3,0,cs,cs,2G
47,M,M,3,513,2242,2206,2,2,cs,cs,2G
24,F,S,3,485,2241,2105,5,2,cs,cs,3G
28,M,S,7,328,2209,2209,3,1,cs,cs,2G
32,F,M,3,334,2242,2242,1,1,cs,cs,2G
19,M,S,4,456,2242,2242,1,1,cs,cs,2G
42,F,M,3,749,2242,2106,3,3,cs,cs,2G
40,M,M,7,1372,2194,2101,4,2,co,co,2G
26,F,S,3,993,2107,2107,3,2,cs,cs,2G
43,F,S,3,2706,2101,2101,1,1,cs,cs,2G
53,M,S,3,1039,2101,2101,2,2,cs,cs,2G
46,M,S,3,858,2136,2102,5,2,cs,cs,3G
47,F,M,3,1046,2242,2101,3,3,cs,cs,2G
41,M,M,3,1983,2105,2105,2,2,cg,cs,2G
25,F,S,3,197,2242,2242,1,1,cs,cs,3G
30,F,S,3,1972,2248,2102,1,1,dd,cs,2G
41,F,S,3,1278,2101,2101,1,1,cs,cs,2G
28,F,M,7,1486,2156,2166,2,2,cg,cs,2G
48,F,S,3,1411,2242,2206,4,4,dd,cs,2G
25,F,S,3,355,2241,2101,4,2,cs,cs,2G
31,F,S,3,487,2135,2135,1,1,cs,cs,2G
36,F,M,7,945,2171,2166,5,4,co,cs,2G
27,M,S,3,1957,2114,2101,1,1,cs,cs,2G
29,F,S,3,1233,2105,2105,4,2,dd,cs,2G
34,M,M,3,597,2135,2135,1,1,cs,cs,2G
44,F,M,3,1466,2206,2134,2,2,cs,cs,3G
45,M,M,3,315,2241,2241,2,2,cs,cs,2G
21,M,S,3,1340,2242,2206,1,1,cs,cs,2G
38,F,S,3,526,2135,2135,1,1,cs,cs,2G
47,F,M,3,1643,2103,2103,2,2,cs,cs,2G
47,F,M,3,1963,2101,2101,2,2,dd,dd,2G
31,F,S,3,596,2242,2206,1,1,cs,cs,3G
32,F,S,3,1305,2103,2105,2,1,cs,cs,2G
26,F,S,3,495,2206,2206,3,1,cs,cs,2G
63,F,M,3,1555,2114,4101,1,1,dd,cs,2G
51,M,M,3,1625,2105,2105,2,2,cs,cs,3G
42,M,M,3,2198,2102,2101,2,2,cs,cs,3G
25,F,S,3,1409,2137,2135,2,1,cs,cs,3G
37.411584,F,S,7,333,2208,2107,2,1,cs,cs,3G
47,F,M,3,424,2243,2242,6,5,cs,cs,3G
32,M,S,3,1794,2101,2101,3,2,cs,cs,2G
39,M,M,3,2341,2102,2102,8,3,cs,cs,2G
45,M,M,3,1740,2105,2105,4,4,cs,cs,2G
37.411584,F,M,3,2012,2105,2105,2,1,cs,co,2G
30,M,S,3,812,2242,2105,4,3,cs,cs,2G
29,M,S,3,2358,2102,2101,3,2,co,co,3G
36,M,M,3,2768,2103,2102,4,4,co,co,3G
32,M,S,3,1407,2243,2102,2,1,cs,co,3G
25,F,S,3,2184,2102,2101,1,1,cs,cs,2G
25,M,S,3,1846,2137,2104,5,1,cs,cg,3G
26,F,S,3,1483,2101,2102,2,1,co,cg,2G
21,M,S,6,669,2101,2134,1,1,cs,cs,2G
48,F,M,3,447,2241,2102,4,1,cs,cs,2G
52,M,M,3,2117,2102,2101,2,2,cs,cs,2G
47,F,M,3,1782,2107,2101,4,1,cs,cs,2G
31,F,M,3,1039,2107,2101,3,2,cs,cs,2G
31,M,S,3,1913,2104,2102,2,2,cs,cs,3G
49,F,M,3,593,2206,2206,1,1,cs,cs,2G
35,F,S,3,891,2241,2137,2,2,cs,cs,2G
47,M,M,3,659,2248,2135,1,1,cs,cs,2G
24,M,S,6,1546,2242,2103,1,1,cs,cs,2G
36,F,M,6,1260,2101,2101,1,1,cs,cs,2G
37.411584,M,S,9,2337,2166,2161,102,40,cs,cs,2G
41,F,M,3,1869,2101,2101,4,3,cs,cs,2G
31,F,M,7,2380,2151,2104,2,2,co,co,2G
29,M,S,6,1552,2114,4101,1,1,cs,cs,2G
31,M,S,3,2435,2102,2101,4,4,cs,cs,3G
47,M,M,3,252,2248,2135,3,0,cs,cs,2G
56,F,M,3,872,2241,2101,1,1,cs,cs,2G
26,F,S,3,448,2114,2114,2,2,cs,cs,2G
42,M,S,3,1835,2242,2101,2,1,cs,cs,2G
45,F,M,3,631,2241,2206,1,1,cs,cs,2G
25,F,S,3,925,2243,2102,1,1,cs,cs,2G
31,F,S,3,1901,2101,2101,3,1,cs,cs,2G
47,F,M,3,1866,2242,2107,1,1,cs,cg,2G
31,F,S,3,2248,2101,2101,1,1,cs,cs,2G
34,M,M,3,3090,2101,2101,2,2,cg,cs,2G
37.411584,M,S,6,1186,2103,2103,1,1,cs,cs,2G
20,M,S,4,680,2135,2135,1,1,cs,cs,2G
24,M,S,3,1722,2252,2103,1,1,cs,cs,3G
39,F,M,3,476,2248,2242,2,1,cs,cs,2G
47,M,M,3,1881,2107,2101,3,3,cs,cs,2G
35,M,M,7,1434,2166,2166,2,1,cs,cs,2G
26,F,S,5,1429,2101,2101,2,1,cs,cs,2G
31,M,S,3,225,2242,2242,3,2,cs,cs,2G
31,F,S,3,1844,2101,2101,2,2,co,co,2G
39,F,M,3,944,2106,2106,6,3,dd,dd,2G
24,F,S,3,996,2248,2243,3,1,cg,cs,2G
19,M,S,4,729,2242,2135,1,0,cs,cs,2G
57,M,M,3,515,2135,2135,2,1,cs,cs,2G
43,M,M,3,1248,2105,2105,3,2,cs,cs,2G
40,F,M,3,2007,2102,2101,2,1,cs,cs,2G
47,M,M,3,1638,2241,2105,4,4,cs,cs,2G
23,M,S,3,779,2102,2102,1,1,cs,cs,2G
31,M,S,3,1330,2136,2102,3,2,co,cs,3G
55,M,M,3,1052,2101,2101,3,3,cs,cs,2G
37,F,S,3,2140,2107,2136,3,3,cs,cs,3G
48,M,M,3,1315,2107,2107,3,2,cs,cs,3G
26,F,M,3,458,2135,2103,1,1,cs,cs,2G
25,F,S,3,1662,2242,2105,2,2,cs,cs,2G
32,F,S,3,2599,2101,2101,1,1,cs,dd,2G
45,F,M,3,1544,2105,2105,4,3,cs,cs,2G
48,F,M,3,747,2242,2135,2,1,cs,cs,2G
32,F,S,3,1620,2242,2102,2,1,co,cs,2G
52,M,M,3,2023,2105,2105,2,2,cg,cs,2G
39,F,M,3,1332,2105,2105,2,2,cs,cs,2G
39,F,M,3,1109,2107,2102,3,3,cs,cs,3G
31,F,M,3,1997,2101,2101,3,2,cs,cs,2G
39,M,M,3,205,2242,2242,1,0,cs,cs,2G
46,M,M,3,1724,2103,2103,1,1,cs,cs,2G
30,F,S,3,1307,2102,2101,3,2,cs,cs,3G
52,F,M,7,1434,2156,2156,5,3,cs,cs,2G
44,M,M,7,340,2156,2156,4,1,cs,cs,2G
41,M,S,7,2030,2156,2156,2,2,cg,cg,2G
50,F,M,3,634,2135,2135,2,1,cs,cs,2G
27,M,S,3,1574,2105,2105,2,2,dd,dd,2G
27,M,S,3,810,2137,2104,3,1,co,cs,2G
52,M,M,3,864,2134,2134,3,3,co,co,2G
51,F,S,3,1482,2242,2156,2,2,cg,cs,2G
51,M,M,3,2109,2102,2101,3,2,cs,cs,2G
24,M,S,6,566,2206,2102,2,1,cs,cs,3G
57,F,M,3,1558,2242,2114,3,1,cs,co,2G
20,F,S,4,375,2242,2242,1,1,cs,cs,2G
40,M,S,3,863,2135,2136,2,1,cs,cs,2G
32,M,M,3,413,2242,2241,1,1,dd,dd,2G
34,M,S,3,1422,2102,2102,4,3,cs,cs,3G
31,F,S,3,1775,2107,2102,1,1,cs,co,2G
38,F,S,7,976,2156,2156,1,1,cs,cs,2G
39,F,M,3,310,2242,2242,3,2,cs,cs,2G
41,M,M,3,407,2242,2242,3,2,cs,cs,2G
27,M,S,3,1864,2102,2101,2,1,cs,cs,3G
49,F,M,3,591,2206,2206,1,1,cs,cs,2G
29,M,S,3,1735,2107,2101,2,2,co,co,3G
52,F,M,3,2632,2101,2101,2,2,cs,cs,2G
25,F,S,3,386,2242,2101,3,2,cs,cs,2G
32,F,S,3,2396,2103,2101,3,3,co,cs,2G
24,M,S,5,1204,2135,2101,1,0,cs,cs,2G
26,F,S,3,409,2101,2101,4,3,cs,cs,2G
38,M,M,3,2883,2102,2101,1,1,cs,cs,2G
28,M,S,3,1311,2105,2119,2,2,cg,cs,2G
31,M,S,7,1924,2156,2105,3,3,co,cs,2G
45,M,S,3,2337,2102,2101,2,1,cs,cs,2G
28,F,S,7,2035,2161,2166,2,2,co,cs,2G
43,M,M,3,2080,2206,2101,4,3,dd,cs,2G
49,F,M,7,808,2156,2101,3,3,cs,cs,2G
26,M,S,3,2804,2102,2101,2,2,cs,cs,3G
41,F,M,3,1084,2241,2101,3,3,cs,cs,2G
37,F,M,7,1197,2208,2156,2,1,cs,cs,2G
44,F,M,3,261,2242,2242,2,2,cs,cs,2G
60,M,S,3,257,2241,2241,1,1,cs,cs,3G
46,M,M,3,1071,2105,2105,4,3,cs,cs,2G
58,M,M,3,288,2242,2242,1,1,cs,cs,2G
55,M,M,3,234,2241,2241,3,3,cs,cs,2G
49,M,M,3,464,2241,2242,4,3,cs,cg,2G
49,F,M,3,576,2206,2206,1,1,cs,cs,2G
47,F,S,3,969,2114,2106,6,5,cs,cs,2G
25,F,S,3,1013,2135,2107,2,1,cs,cs,2G
40,M,M,3,2669,2102,2102,3,3,cs,cs,3G
41,F,M,7,964,2166,2166,1,1,co,co,2G
26,F,S,3,2608,2107,2101,4,1,cg,dd,2G
21,M,S,3,626,2206,2206,1,1,cs,cs,2G
33,F,M,7,1622,2156,2156,1,1,cg,cx,2G
26,F,S,3,1057,2105,2101,6,2,cs,cs,2G
51,F,M,3,1555,2206,2101,1,1,dd,dd,2G
50,F,S,3,2295,2104,2102,4,3,cs,cs,2G
23,F,S,3,979,2101,2101,2,1,cs,cs,2G
22,M,S,3,1441,2206,2101,4,2,dd,cs,3G
23,F,S,3,670,2242,2241,2,2,cs,cs,3G
40,F,M,3,692,2101,2102,2,1,cs,cg,2G
37,M,S,3,2583,2104,2102,4,1,dd,cs,3G
23,M,S,3,352,2241,2241,2,2,cs,cs,2G
32,F,S,3,2423,2206,2102,2,2,cs,cs,2G
29,F,S,3,213,2242,2242,1,1,cs,cs,2G
66,M,M,3,2020,2101,2101,1,1,dd,dd,2G
33,F,S,3,730,2135,2135,3,2,cs,cs,2G
26,F,S,3,872,2102,2102,3,2,cs,cs,2G
27,F,S,3,2020,2105,2103,2,1,cs,cs,2G
35,F,S,3,348,2241,2241,1,1,cs,cs,2G
67,M,S,3,1121,2105,2105,3,2,cs,cs,2G
26,F,S,3,445,2206,2206,3,2,cs,cs,2G
18,M,S,4,639,2206,2206,1,1,cs,cs,3G
40,M,M,3,1678,2107,2101,4,1,cs,cs,2G
21,M,S,3,1175,2206,2103,1,1,cs,cs,2G
31,M,S,3,2138,2119,2105,2,2,cs,cs,2G
45,F,S,3,1981,2242,2135,2,1,dd,cs,2G
30,M,S,3,2035,2105,2105,2,2,cs,cs,3G
48,F,M,3,472,2242,2242,1,1,cs,cs,2G
38,M,M,7,1492,2156,2156,2,2,cs,cg,2G
49,M,S,3,820,2105,2105,4,2,cs,cs,2G
47,F,M,3,2596,2102,2101,5,3,cg,cs,3G
34,M,S,3,328,2242,2242,2,1,cs,cs,2G
31,M,S,3,895,2101,2101,1,1,cs,cs,2G
26,M,S,3,2044,2102,2101,2,1,cs,cs,2G
66,M,M,3,1102,2101,2101,2,2,cs,cs,2G
34,F,M,5,745,2135,2134,1,1,cs,cs,2G
53,M,M,3,399,2241,2241,1,1,cs,cs,2G
38,M,M,3,1953,2105,2101,2,1,cg,cg,2G
38,F,S,3,3126,2101,2103,1,1,co,cs,2G
51,M,M,3,2695,2102,2101,1,1,cs,cs,2G
23,F,S,3,544,2242,2206,1,1,cs,cs,2G
37,M,S,3,1332,2105,2105,1,1,cs,cs,2G
25,M,S,3,1129,2119,2119,3,3,cs,cs,2G
28,F,S,3,1010,2119,2119,2,2,cs,cs,2G
34,M,S,3,1539,2114,4101,1,1,dd,dd,2G
67,M,M,3,1860,2101,2103,2,2,cg,cg,2G
68,F,M,3,213,2242,2242,3,3,cs,cs,2G
32,F,M,3,947,2119,2119,3,2,co,cs,2G
35,M,S,3,2924,2248,2102,2,1,cs,co,2G
35,M,M,3,1837,2102,2101,3,2,cs,cs,2G
33,F,S,3,198,2241,2241,1,1,cs,cs,2G
43,F,M,3,1878,2119,2105,6,4,cs,cs,2G
51,M,M,3,305,2241,2241,1,1,cs,cs,2G
53,F,S,3,913,2105,2105,4,3,cs,cs,2G
32,M,S,3,1892,2242,2206,1,1,dd,cs,2G
53,F,M,3,638,2206,2206,1,1,cs,cs,2G
52,M,M,3,1675,2105,2105,2,2,cs,cs,2G
32,M,S,3,351,2242,2242,2,2,cs,cs,2G
42,F,M,3,1557,2241,2242,1,1,dd,dd,2G
34,M,S,3,1232,2242,2105,4,1,cg,cs,2G
33,F,S,3,226,2241,2243,7,3,cs,cs,2G
33,F,M,3,369,2103,2103,3,1,cs,cs,2G
51,F,M,3,2074,2241,2101,2,2,cs,cs,2G
48,M,M,3,1034,2107,2101,4,3,cs,cs,2G
37.411584,M,M,3,1876,2105,2105,2,2,cs,cs,2G
48,M,M,3,2145,2101,2101,2,1,cs,cs,2G
41,M,S,3,196,2242,2242,1,1,cs,cs,2G
43,M,M,3,914,2105,2105,2,1,dd,cs,2G
24,F,S,3,901,2242,2206,1,1,cs,cs,3G
29,F,S,3,369,2241,2241,2,1,cs,cs,2G
32,M,M,3,1559,2115,4102,3,2,cg,cs,2G
29,M,S,3,1140,2101,2101,4,2,cs,cs,2G
27,M,S,3,2555,2102,2101,2,2,cs,cs,2G
26,F,S,3,2281,2102,2101,4,2,cs,cs,2G
26,F,S,3,2471,2102,2101,1,1,cs,cs,3G
53,M,M,3,765,2135,2135,1,1,cs,cs,2G
28,F,S,3,2101,2102,2101,2,1,cs,cs,3G
35,M,S,7,1720,2156,2105,2,2,co,co,2G
38,F,M,3,276,2241,2241,1,1,cs,cs,2G
30,F,M,3,1585,2105,2105,3,3,cs,cs,2G
32,M,S,7,2188,2166,2161,5,1,cs,co,2G
32,M,S,3,2453,2107,2101,2,2,cg,cs,2G
33,M,M,3,610,2135,2135,1,1,cs,cs,2G
29,M,S,3,2047,2102,2101,1,0,co,cs,3G
62,M,M,3,2296,2101,2101,1,1,dd,dd,2G
53,M,M,3,723,2135,2135,1,1,cs,cs,3G
47,F,M,3,2800,2102,2101,4,3,cs,cs,2G
53,F,M,3,936,2101,2101,3,1,cs,cs,2G
30,M,S,3,1316,2242,2135,2,1,co,cs,2G
41,M,S,3,432,2242,2242,1,1,cs,cs,2G
28,F,S,7,1108,2156,2161,4,3,cg,cg,2G
51,F,M,7,2611,2166,2161,1,1,dd,cs,2G
50,F,S,3,993,2241,2136,1,1,cs,cs,2G
30,F,S,3,1200,2105,2105,2,2,cs,cs,2G
17,F,S,4,525,2242,2206,1,1,cs,cs,2G
41,F,M,3,717,2135,2135,1,1,cs,cs,2G
45,M,M,7,526,2202,2202,4,4,dd,dd,2G
32,F,S,3,2418,2101,2101,3,2,cs,cs,2G
39,F,M,3,2939,2241,2101,1,1,co,co,2G
38,M,M,7,1698,2209,2156,1,1,cs,cs,2G
32,F,M,3,592,2206,2206,1,1,cs,cs,2G
25,M,S,3,709,2248,2135,1,1,cs,cs,2G
22,M,S,3,609,2135,2135,2,1,cs,cs,2G
35,F,S,3,2014,2102,2101,2,2,cg,cs,2G
26,F,M,3,679,2135,2135,4,2,cs,cs,2G
49,F,M,3,2394,2242,2107,4,1,cs,cs,2G
47,M,M,3,3105,2101,2101,1,1,cs,cs,2G
47,M,M,3,960,2119,2119,6,2,cs,cs,2G
22,M,S,3,359,2242,2242,1,1,cs,cs,2G
45,M,S,7,1128,2166,2166,1,1,cs,cs,3G
41,F,M,3,1554,2241,2114,2,2,cs,cs,2G
57,M,M,3,661,2206,2101,2,2,cs,cs,3G
37,M,M,3,1165,2242,2101,2,2,co,co,2G
28,M,S,3,2923,2101,2101,3,3,cs,cs,2G
23,F,S,3,473,2241,2101,1,1,cs,cs,2G
33,M,S,3,1084,2248,2114,2,2,cs,co,2G
30,F,S,3,1588,2242,2105,4,2,cs,cs,2G
26,F,S,3,2117,2105,2101,2,2,cs,cs,2G
26,F,S,7,1288,2166,2161,2,1,cs,cs,3G
35,M,S,3,1345,2242,2104,1,1,dd,cs,3G
34,M,S,3,2234,2105,2105,2,1,cs,cs,2G
31,F,M,3,431,2241,2241,2,1,cs,cs,2G
41,F,S,3,1549,2105,2105,2,2,dd,dd,2G
26,M,S,7,2254,2166,2102,3,2,cs,cs,3G
25,M,S,6,1401,2101,2101,1,1,cs,cs,2G
37,M,M,3,2398,2104,2104,2,2,cs,cs,2G
37.411584,F,S,3,508,2101,2101,3,1,cs,cs,3G
37,M,M,3,2548,2101,2101,1,1,cs,cs,2G
45,F,M,3,551,2206,2206,3,3,cs,cs,2G
28,M,S,7,1996,2166,2161,2,2,cs,cs,2G
29,F,S,3,2052,2101,2101,1,1,cg,cs,2G
33,M,S,3,408,2248,2135,5,2,cs,cs,2G
51,M,M,3,1879,2105,2105,3,3,cs,cs,2G
32,M,S,3,325,2242,2242,2,1,cs,cs,2G
41,M,M,3,2436,2101,2101,2,2,cs,cs,2G
27,M,S,3,3004,2137,2104,1,1,co,cs,2G
46,M,M,3,1018,2242,2102,1,1,dd,cs,3G
26,M,S,3,2350,2206,2101,1,1,cs,cs,2G
25,M,S,3,470,2242,2242,1,1,cs,cs,2G
36,M,S,3,250,2242,2242,3,2,cs,cs,2G
33,M,S,3,1558,2135,2102,2,0,cs,co,2G
55,M,S,3,2805,2107,2101,3,3,cs,cs,2G
38,F,M,3,639,2135,2135,2,2,cs,cs,2G
23,F,S,3,1444,2101,2101,1,1,cs,cs,2G
21,F,S,6,452,2241,2101,1,1,cs,cs,2G
31,M,S,7,2268,2155,2160,3,0,cs,cs,2G
59,M,M,3,1934,2105,2105,3,3,cs,cs,2G
39,F,M,3,1682,2105,2105,3,2,dd,dd,2G
43,M,M,3,1512,2242,2102,2,1,cs,cs,3G
30,F,S,3,2840,2101,2101,2,2,cg,cs,2G
22,M,S,3,1317,2243,2102,1,1,cs,cs,2G
46,F,M,3,685,2135,2135,4,3,cs,cs,2G
39,M,M,3,1389,2107,2101,4,2,cs,cs,2G
48,M,S,3,291,2242,2242,3,1,cs,cs,2G
44,M,M,3,254,2242,2242,1,1,cs,cs,2G
44,F,M,3,447,2241,2241,1,1,cs,cs,2G
45,M,M,3,2023,2105,2105,2,2,dd,dd,2G
46,M,M,3,2939,2241,2107,4,4,cs,cs,2G
51,M,S,5,347,2242,2242,1,1,cs,cs,2G
43,M,M,3,1927,2101,2101,3,3,cs,cs,2G
25,F,S,3,2037,2248,2243,1,1,cs,dd,2G
33,M,S,3,3034,2101,2101,3,2,co,co,2G
18,F,S,4,226,2242,2242,0,0,cs,cs,2G
32,F,M,3,1800,2135,2102,2,1,dd,dd,2G
24,M,S,3,295,2242,2242,1,1,cs,cs,2G
34,F,S,9,1573,2137,2136,24,16,cs,cs,2G
31,F,S,3,500,2206,2206,2,2,cg,cg,2G
26,M,S,3,2063,2101,2101,2,2,cs,cs,2G
27,M,S,3,991,2243,2102,3,1,cs,cs,2G
24,F,S,3,853,2119,2119,2,2,cs,cs,2G
46,M,S,6,1697,2101,2101,1,1,cs,cs,2G
23,M,S,3,419,2242,2241,4,2,cs,cs,2G
23,M,S,3,1716,2242,2102,2,1,cs,cs,3G
37,M,S,7,1132,2156,2156,2,1,cs,cs,2G
37.411584,F,S,9,977,2166,2166,10,8,dd,dd,2G
48,F,M,3,217,2241,2241,1,1,cs,cs,2G
43,M,M,3,183,2242,2241,4,2,cs,cs,2G
33,M,S,7,1434,2156,2156,3,2,co,co,2G
67,M,M,3,1765,2102,2101,2,2,cg,cs,2G
38,M,M,3,2173,2104,2102,2,1,cs,co,2G
49,M,M,7,1168,2156,2156,3,3,cg,cs,2G
50,F,M,3,878,2105,2105,2,2,dd,cs,2G
62,M,M,3,890,2105,2105,2,2,cs,cs,2G
33,F,S,3,2645,2102,2102,1,1,cs,cs,2G
29,M,S,3,2609,2102,2101,1,1,cs,cs,2G
42,M,S,3,1010,2242,2101,2,2,cs,cs,2G
41,F,S,3,231,2242,2242,5,4,cs,cs,2G
38,M,S,3,289,2242,2242,2,2,cs,cs,2G
52,F,M,3,1717,2104,2107,6,4,cs,cs,3G
37.411584,F,M,3,1899,2101,2101,2,1,cs,cs,2G
30,F,S,3,2254,2101,2156,3,2,cs,dd,2G
54,M,M,3,2528,2242,2102,3,2,cs,cs,2G
26,M,S,3,563,2135,2136,2,1,cs,cs,2G
28,M,S,3,2519,2101,2101,2,2,co,co,2G
42,M,M,3,324,2241,2241,4,3,cs,cs,2G
47,M,M,3,2404,2101,2101,3,2,cs,cs,2G
51,F,M,3,707,2136,2136,1,1,cs,cs,2G
21,M,S,3,1102,2242,2135,1,1,cs,cs,2G
22,F,S,3,593,2206,2206,2,2,cs,cs,2G
34,M,M,3,583,2243,2206,3,1,cs,cs,2G
19,F,S,4,1039,2101,2101,2,2,cs,cs,2G
18,F,S,4,612,2206,2206,1,1,cs,cs,2G
42,F,M,3,2941,2248,2101,5,4,dd,dd,2G
37,F,M,3,768,2135,2135,2,1,cs,cs,2G
30,M,S,3,338,2242,2242,2,1,cs,cs,2G
29,M,S,3,2146,2248,2242,3,3,cs,cs,2G
31,M,S,3,1563,2241,2102,2,2,cx,cs,2G
37.411584,M,S,9,938,2151,2151,10,7,cg,cs,3G
38,F,M,3,687,2106,2106,4,2,cs,dd,2G
31,M,S,6,1479,2101,2103,1,1,cs,cs,3G
73,M,M,3,1290,2101,2101,2,2,cs,cs,2G
45,M,S,3,3110,2101,2101,2,2,cs,cs,2G
34,M,S,3,2011,2104,2102,4,2,cs,cs,2G
29,F,S,3,1240,2107,2107,3,1,cs,cs,2G
55,M,M,3,1647,2105,2105,2,2,cs,cs,2G
27,M,S,7,2154,2166,2102,1,0,cs,cs,3G
37.411584,M,M,3,385,2242,2242,2,2,cs,cs,2G
48,M,M,5,947,2103,2103,3,3,cs,cs,2G
40,M,S,8,2667,2242,2102,4,2,cs,cs,2G
65,F,M,3,243,2242,2242,1,1,cs,cs,2G
64,F,M,3,939,2101,2101,3,3,cs,cs,2G
33,F,S,3,994,2241,2119,2,2,cs,cs,2G
39,F,M,3,1204,2241,2107,1,1,cs,cs,2G
33,F,S,3,2942,2242,2107,1,1,co,co,3G
46,F,M,3,317,2242,2242,2,1,cs,cs,2G
43,M,S,3,774,2135,2102,5,0,cs,cs,2G
40,M,M,3,639,2135,2135,1,1,cs,cs,2G
29,M,S,3,1558,2104,2102,1,1,co,cs,2G
28,M,S,3,1711,2101,2101,2,2,cs,cs,2G
21,M,S,3,245,2242,2242,4,3,cs,cs,2G
42,F,M,3,1032,2119,2119,2,2,cs,cs,2G
48,M,S,3,1262,2105,2105,2,2,cs,cs,2G
42,F,M,3,1949,2135,2101,2,2,cs,cs,2G
20,M,S,3,1342,2135,2206,1,1,cs,cs,2G
58,M,M,3,288,2242,2242,2,2,cs,cs,2G
24,M,S,7,468,2156,2156,1,1,cs,cs,2G
37,M,M,3,851,2107,2101,5,3,co,co,2G
74,M,M,3,2402,2101,2101,2,2,cs,cs,2G
31,F,S,7,2309,2166,2161,1,1,cs,co,2G
36,M,S,3,1736,2102,2101,3,2,cs,cs,2G
48,M,M,3,1535,2105,2105,3,3,cs,cs,2G
25,M,S,3,2151,2105,2101,2,2,cs,cs,2G
39,M,M,3,936,2242,2101,1,1,cs,cs,2G
45,M,M,3,3016,2135,2101,2,2,cs,cs,2G
31,M,S,6,1016,2101,2101,1,1,cs,cs,2G
45,F,M,6,380,2103,2103,1,1,cs,cs,2G
27,F,S,3,440,2241,2241,1,1,cs,cs,2G
25,F,S,3,402,2206,2206,1,1,cs,cs,3G
54,F,M,5,1832,2101,2101,1,1,cs,cs,2G
41,F,M,3,928,2242,2101,3,3,cs,cs,2G
26,F,S,3,2068,2242,2101,1,1,cs,cs,2G
45,M,M,3,393,2241,2241,3,3,cs,cs,2G
32,M,S,3,1788,2119,2105,2,2,dd,cs,2G
41,F,M,7,2033,2155,2155,1,1,cs,cs,2G
43,M,M,3,1417,2102,2102,5,3,cs,cs,3G
43,M,M,3,1097,2105,2105,2,1,cs,cs,2G
19,F,S,6,615,2135,2135,1,1,cs,cs,2G
30,F,S,3,2676,2101,2101,1,1,cs,cs,2G
31,F,S,3,752,2252,2206,2,1,cs,cs,2G
30,M,S,7,2702,2161,2101,2,1,cg,cs,3G
23,M,S,3,1214,2242,2107,1,1,cs,cs,3G
35,M,M,3,577,2135,2135,2,0,cs,cs,2G
52,F,M,3,1914,2101,2101,2,2,dd,cs,3G
21,F,S,3,953,2101,2101,2,2,cs,cs,2G
40,F,S,3,2815,2241,2101,4,4,cs,cs,2G
35,M,M,3,1082,2105,2105,2,2,cs,cs,2G
32,M,S,3,755,2135,2107,7,0,cs,cs,2G
28,M,S,3,2038,2105,2101,2,2,cs,cs,2G
25,F,S,6,1858,2101,2101,1,1,cs,cs,2G
34,M,S,3,2467,2120,2102,2,2,cs,cs,2G
37,M,S,3,1137,2241,2102,1,0,cs,cs,2G
48,M,M,3,1157,2105,2101,3,3,cs,co,2G
39,F,M,3,449,2241,2241,6,3,cs,cs,2G
41,F,M,3,1599,2241,2103,1,1,dd,dd,2G
29,M,S,3,2728,2242,2102,2,2,cs,cs,2G
40,F,M,3,1939,2248,2242,1,1,cs,cs,2G
23,M,S,3,608,2206,2206,2,1,cs,cs,2G
40,M,S,7,1286,2156,2156,5,2,dd,cs,2G
17,M,S,4,276,2242,2242,1,1,cs,cs,2G
26,F,S,3,1232,2101,2102,1,1,cs,cs,2G
37.411584,F,M,3,270,2241,2241,2,0,cs,cs,2G
39,F,M,3,797,2105,2105,2,2,dd,cs,2G
37.411584,F,S,9,1342,2163,2163,22,16,dd,cs,3G
25,M,S,3,700,2136,2135,3,0,cs,cs,2G
17,M,S,4,359,2248,2242,1,1,cs,cs,2G
18,F,S,4,594,2248,2243,1,1,cs,cs,2G
30,M,S,3,2639,2102,2101,2,2,co,co,2G
35,F,M,3,316,2242,2242,3,1,cs,cs,2G
39,M,M,3,723,2135,2135,2,2,cs,cs,2G
46,F,M,3,936,2105,2105,6,5,cs,cs,2G
55,M,M,3,911,2119,2119,2,2,dd,dd,2G
37.411584,M,S,3,435,2242,2242,3,2,cs,cs,2G
44,M,M,3,1738,2101,2101,2,2,cs,cs,2G
52,F,M,3,529,2242,2135,2,0,cs,cs,2G
40,M,M,7,1493,2161,2156,2,2,cg,cs,2G
45,M,M,3,2885,2101,2101,2,2,co,co,2G
55,M,S,7,1027,2119,2119,2,2,cx,dd,2G
27,F,S,3,331,2242,2242,1,1,dd,dd,2G
43,F,S,3,2799,2241,2107,4,3,cs,co,2G
32,F,S,3,2662,2101,2101,2,2,cs,cs,2G
51,M,M,3,391,2242,2102,1,1,cs,cs,2G
31,M,S,3,1883,2242,2101,1,1,cs,co,2G
29,M,S,3,1002,2105,2105,2,1,cs,co,2G
30,M,S,7,2026,2156,2101,2,2,co,co,2G
33,M,S,3,812,2101,2101,3,0,cs,cs,2G
36,M,S,3,1465,2101,2101,1,1,cs,cs,2G
53,F,M,3,636,2135,2135,1,0,cs,cs,2G
31,M,S,3,2005,2101,2107,2,1,cs,cs,2G
44,F,S,3,1662,2242,2135,3,3,cs,cs,2G
45,M,M,3,676,2101,2101,1,1,cs,cs,2G
32,M,S,5,1069,2119,2119,3,2,cs,cs,2G
28,F,S,3,1668,2105,2105,2,2,cs,cs,2G
33,M,S,7,222,2161,2101,2,2,cs,cs,2G
28,M,S,3,373,2243,2243,3,1,cs,cs,2G
27,F,S,3,2447,2104,2101,4,2,cs,cs,3G
33,F,M,3,320,2242,2242,3,2,cs,cs,2G
52,M,M,3,1787,2101,2101,2,2,cs,cs,2G
46,F,M,3,1425,2105,2105,4,3,cs,cs,2G
55,M,M,3,234,2241,2241,3,0,cs,cs,2G
36,M,M,3,761,2206,2134,2,0,cs,cs,2G
67,M,M,3,601,2135,2101,2,0,cs,cs,2G
18,M,S,4,555,2206,2206,1,1,cs,cs,2G
32,F,S,3,1724,2102,2134,4,3,cs,cs,2G
34,F,M,7,1278,2156,2156,2,2,cs,cs,2G
41,F,M,3,1708,2105,2105,2,2,cs,cs,2G
50,F,M,3,822,2101,2101,2,2,cs,cs,2G
60,F,M,3,502,2242,2206,1,1,cs,cs,2G
47,F,M,3,996,2242,2101,1,1,cs,cs,2G
52,M,M,3,257,2242,2242,1,1,cs,cs,2G
50,F,M,3,1816,2105,2105,4,3,cs,cs,2G
31,M,S,5,464,2242,2242,1,1,co,co,2G
23,F,S,6,986,2242,2103,1,1,cs,cs,2G
29,F,S,3,313,2206,2206,2,1,cs,cs,2G
67,M,M,3,830,2105,2105,2,2,cs,cs,2G
38,M,M,3,426,2241,2241,2,1,cs,cs,2G
30,F,S,3,489,2119,2105,2,2,cs,co,2G
30,F,S,3,2111,2248,2102,1,0,co,co,2G
41,F,M,3,2327,2104,2102,3,2,cs,cs,2G
21,F,S,3,598,2136,2136,1,1,cs,cs,3G
32,F,S,3,1975,2105,2105,2,2,dd,cs,3G
62,M,M,3,2433,2101,2101,1,1,cs,cs,2G
58,M,M,3,2345,2248,2101,2,2,cs,cs,2G
70,M,M,3,2126,2101,2101,2,2,dd,dd,2G
41,M,M,3,351,2242,2242,1,1,cs,cs,2G
21,F,S,3,767,2242,2243,1,1,cs,cs,3G
55,M,M,3,1739,2105,2105,2,2,cs,cs,2G
19,M,S,6,889,2248,2102,1,1,cs,cs,2G
47,M,M,3,464,2241,2241,2,2,cs,cs,2G
31,M,S,3,489,2135,2135,1,1,cs,cs,3G
19,F,S,4,434,2242,2242,2,1,cs,cs,3G
48,M,M,3,3018,2107,2101,5,5,cs,cs,2G
37.411584,F,S,9,2019,2212,2194,2637,649,cs,cs,2G
47,M,M,7,1427,2166,2166,4,3,cs,dd,2G
32,M,S,7,1655,2156,2166,4,1,cs,cs,3G
32,M,S,3,1254,2105,2105,4,3,cs,cs,2G
38,M,M,3,1993,2107,2101,1,1,dd,cs,2G
20,M,S,4,368,2242,2242,1,1,cs,cs,2G
20,F,S,4,341,2242,2242,1,1,cs,cs,2G
38,M,M,3,650,2242,2137,2,1,cs,cs,2G
35,M,S,7,1425,2156,2156,2,1,co,cs,2G
26,F,S,3,2426,2242,2101,3,3,cs,cs,2G
27,M,S,3,1910,2120,2101,4,3,cs,cs,2G
52,M,M,3,1192,2242,2114,2,2,cs,cs,2G
33,M,S,3,1488,2102,2104,1,1,cs,co,2G
42,F,M,3,1688,2102,2101,1,1,cs,cs,3G
41,M,M,3,1555,2242,2114,1,1,cs,cs,2G
27,F,S,3,2029,2101,2105,2,2,co,dd,2G
50,M,S,3,2737,2101,2101,1,1,cs,cs,2G
38,M,S,3,2283,2206,2101,1,1,cs,cs,2G
29,M,S,3,1008,2105,2105,4,2,dd,dd,2G
37,M,S,3,2063,2101,2155,2,2,cs,cs,2G
29,M,S,3,1692,2101,2101,3,2,cs,cs,2G
28,F,S,7,225,2208,2208,5,2,cs,cs,2G
49,F,M,3,1558,2242,2135,5,1,cs,cs,2G
24,F,S,3,588,2242,2206,1,1,cs,cs,2G
44,M,M,3,1542,2114,4101,2,1,dd,cs,2G
54,M,M,3,1914,2101,2101,2,2,cs,cs,2G
56,M,M,7,774,2155,2155,5,1,cs,cs,2G
33,M,S,3,2311,2104,2102,2,2,cs,cg,2G
27,F,S,3,195,2242,2242,4,3,cs,cs,2G
53,M,M,3,2867,2101,2101,1,1,cs,cs,2G
36,F,M,3,547,2135,2135,3,2,cs,cs,3G
52,M,M,3,2608,2135,2101,2,2,cs,cs,2G
25,M,S,3,1843,2101,2102,2,2,cs,cs,2G
37.411584,M,S,8,2590,2102,2101,1,1,cs,cs,2G
26,M,M,3,1356,2105,2105,2,1,cs,cs,2G
34,M,S,3,303,2241,2241,3,1,cs,cs,2G
33,M,S,3,2452,2104,2136,2,1,co,cs,2G
22,M,S,7,279,2156,2156,2,2,cs,cs,2G
36,F,M,3,2801,2101,2101,1,1,cs,cs,2G
36,M,S,7,1704,2156,2156,4,4,cs,cg,2G
34,F,S,3,322,2241,2241,1,1,cs,cs,2G
50,F,M,3,1042,2242,2119,2,2,cs,cs,2G
34,F,M,3,339,2241,2241,1,1,cs,cs,2G
41,M,M,3,1591,2241,2135,1,1,co,co,2G
38,M,S,3,2939,2101,2101,2,2,cs,co,2G
36,M,M,3,2439,2101,2101,2,1,co,co,2G
29,M,S,7,2547,2166,2107,3,1,co,cs,2G
31,M,S,3,2013,2242,2135,3,1,cg,cs,2G
38,M,M,3,1858,2102,2102,3,2,cs,co,2G
45,F,M,7,320,2156,2242,1,1,cs,cs,2G
45,F,M,3,1164,2105,2105,2,2,cs,cs,2G
34,M,S,7,2217,2156,2156,2,1,cs,cs,2G
30,F,S,3,1315,2101,2101,5,2,dd,dd,2G
36,M,M,7,1884,2166,2101,2,2,dd,dd,2G
32,F,S,3,1191,2101,2103,2,2,cs,cs,3G
55,M,M,3,680,2135,2135,1,1,cs,cs,2G
39,F,S,3,1472,2206,2103,1,1,cs,cs,2G
20,F,S,4,1304,2107,2107,1,1,cs,cs,2G
32,F,S,3,2680,2101,2101,2,1,cs,co,2G
29,F,S,3,1166,2241,2119,2,2,cs,cs,2G
49,M,M,7,1709,2156,2156,1,1,cs,cs,3G
48,M,M,3,2447,2102,2104,3,3,cs,cs,2G
46,F,M,3,506,2206,2206,4,3,cs,cs,2G
35,F,S,3,1443,2248,2242,6,6,cs,cs,3G
27,M,S,3,187,2242,2242,1,1,cs,cs,2G
32,M,S,3,705,2104,2102,3,2,cs,cs,3G
62,M,M,3,352,2241,2241,2,1,cs,cs,2G
31,M,S,3,1532,2114,2107,3,2,cg,cs,2G
23,M,S,3,982,2135,2101,2,1,cs,cs,3G
39,M,M,3,1704,2101,2101,6,3,cg,cg,2G
42,F,M,3,387,2242,2242,1,1,cs,cs,2G
52,F,M,3,2182,2101,2101,1,1,cs,cs,2G
27,M,M,3,728,2206,2102,5,2,cs,cs,2G
24,F,S,3,1116,2107,2101,2,2,cs,cs,2G
18,F,S,4,408,2242,2242,1,1,cs,cs,2G
51,F,M,3,1780,2102,2105,2,1,cs,cs,2G
35,F,M,3,631,2241,2135,4,3,cs,cs,2G
52,M,M,3,2727,2242,2101,2,2,cs,cs,2G
56,M,M,7,1833,2156,2156,1,1,cs,cs,2G
53,F,M,3,1703,2101,2105,2,2,cs,cs,2G
56,M,M,3,2809,2120,2135,4,3,cs,cs,2G
33,F,M,3,337,2241,2241,1,1,cs,cs,2G
44,F,M,3,626,2206,2206,1,1,cs,cs,2G
27,M,S,3,2031,2105,2105,2,1,cx,cs,2G
54,M,M,7,1774,2105,2105,3,2,cs,cs,2G
23,F,S,3,493,2248,2242,1,1,cs,cg,3G
30,F,S,3,2438,2243,2102,2,2,co,co,2G
51,M,M,3,443,2135,2135,2,0,cs,cs,2G
24,M,S,3,623,2135,2135,1,1,cs,cs,2G
43,F,M,3,268,2242,2242,8,4,cs,cs,2G
27,M,S,3,271,2117,2117,4,2,cs,cs,2G
23,F,S,3,430,2242,2242,1,1,cs,cs,2G
55,F,M,3,2077,2101,2101,2,2,cs,cs,3G
40,F,S,3,2775,2101,2101,2,2,co,co,2G
33,F,M,3,2615,2242,2101,1,1,cs,cs,2G
33,M,S,7,588,2210,2135,5,2,cs,cs,2G
46,M,M,3,2118,2102,2101,1,1,cs,cs,3G
48,M,M,3,1545,2105,2105,4,3,co,co,2G
51,F,M,3,428,2242,2105,4,4,cs,cs,2G
43,F,M,3,797,2105,2105,2,2,cs,cs,2G
26,F,S,3,1742,2242,2105,2,2,co,co,2G
40,F,M,3,180,2105,2105,2,2,cs,cs,2G
26,F,S,3,1143,2101,2101,2,1,cs,cs,2G
34,M,S,3,1548,2120,2102,4,2,cs,cs,2G
31,M,S,3,931,2242,2101,8,4,dd,cs,3G
48,F,M,3,1542,2105,2105,2,2,cg,cs,2G
58,M,M,3,1196,2119,2119,5,5,cg,cs,2G
29,M,S,3,973,2102,2102,1,1,cg,cs,3G
49,M,M,3,416,2117,2117,4,4,cs,cs,2G
49,M,S,3,2064,2102,2102,3,2,cs,cs,2G
27,M,S,3,2400,2248,2102,2,1,dd,dd,2G
28,M,S,3,788,2135,2135,5,2,cs,cs,2G
37,M,M,3,1493,2241,2101,5,2,cs,cs,2G
40,M,M,3,1127,2136,2101,2,2,cs,cs,2G
30,F,S,3,1409,2243,2102,2,1,cs,cs,2G
56,M,M,3,655,2105,2105,4,3,cs,cs,2G
44,M,M,3,1998,2242,2107,3,2,cx,cs,2G
28,M,S,3,2685,2242,2102,1,1,cs,cs,2G
28,M,S,7,1711,2183,2101,6,3,co,cs,2G
52,M,M,3,1746,2105,2105,3,2,cx,cs,2G
25,M,S,3,1669,2242,2101,2,2,cs,cs,2G
19,M,S,4,284,2242,2242,1,0,cs,cs,2G
52,F,M,3,1875,2105,2105,2,2,cs,cs,2G
25,M,S,3,2420,2242,2101,1,1,dd,dd,2G
34,F,M,3,449,2137,2243,1,1,cs,cs,3G
45,F,S,3,1548,2114,4101,2,2,cs,dd,2G
31,F,M,3,1725,2101,2101,1,1,cs,cs,2G
43,F,M,3,2397,2101,2101,2,2,cs,cs,2G
49,M,M,3,1738,2119,2101,3,3,cs,cs,2G
33,M,S,7,2477,2166,2166,1,1,co,cs,2G
37,M,M,5,408,2242,2242,1,1,cs,cs,2G
30,F,S,3,2218,2127,2101,1,1,co,cs,2G
25,M,S,7,1132,2212,2156,3,1,cs,cs,2G
35,M,S,3,1837,2102,2101,1,1,cx,cx,2G
34,F,M,3,2585,2102,2107,2,2,cg,cg,3G
29,M,S,3,1569,2101,2101,4,4,cs,cs,2G
40,M,M,3,1553,2135,2114,1,1,cs,cs,2G
33,F,M,3,675,2135,2135,2,1,cs,cs,2G
26,M,S,3,242,2135,2135,2,1,cs,cs,2G
35,F,M,3,519,2101,2101,1,1,cs,co,2G
26,F,S,3,1876,2242,2101,2,1,co,co,2G
28,M,S,3,908,2248,2135,5,1,cs,cs,3G
37,F,S,3,1752,2105,2105,2,2,cs,cs,2G
34,F,M,3,731,2102,2101,1,1,cs,cg,3G
45,F,M,3,1769,2242,2101,2,1,cs,cs,2G
50,M,M,3,1693,2104,2136,2,2,cs,cs,2G
31,F,S,3,2630,2101,2101,2,2,dd,dd,2G
26,M,S,6,1493,2114,2103,1,1,cs,cs,2G
35,M,S,3,3085,2101,2101,1,1,co,co,2G
36,M,M,3,408,2241,2241,1,1,cs,cs,2G
24,M,S,3,1412,2101,2206,1,1,cs,cs,2G
41,M,M,3,1502,2101,2101,1,1,cs,cs,2G
31,F,M,3,333,2241,2241,1,1,cs,cs,2G
24,M,S,3,1362,2243,2248,3,2,cs,dd,2G
33,M,S,3,2557,2101,2101,1,1,cg,cs,2G
30,M,S,3,1088,2241,2107,3,2,cs,cs,2G
31,M,S,5,1720,2135,2101,1,1,cs,cs,3G
32,M,S,7,1426,2156,2156,3,2,cg,cs,2G
43,M,M,3,1667,2103,2102,3,3,cs,cs,2G
28,F,S,3,2614,2102,2109,3,2,cs,cs,2G
50,F,M,3,604,2206,2206,3,3,cs,cs,2G
26,M,S,3,1778,2242,2107,1,1,cs,dd,2G
36,M,S,3,2457,2242,2107,2,2,dd,dd,2G
17,F,S,6,216,2242,2242,1,1,cs,cs,2G
35,M,S,3,1555,2115,4102,4,3,cs,cs,2G
25,F,S,3,1536,2103,2103,1,1,dd,dd,2G
46,M,M,3,1494,2114,2242,1,1,co,cs,2G
25,F,S,7,1711,2165,2101,1,1,dd,dd,2G
32,M,S,3,593,2102,2101,2,2,co,cs,3G
28,F,S,6,418,2241,2241,1,0,cs,cs,2G
43,M,M,3,643,2114,2114,3,1,cs,cs,2G
48,M,M,3,1014,2107,2107,2,2,cs,cs,2G
60,M,S,3,1098,2241,2242,2,1,cs,cs,2G
30,M,S,3,308,2241,2241,1,1,cs,cs,2G
36,M,M,3,1060,2119,2119,4,4,cs,cs,2G
34,M,S,3,2298,2128,2102,3,1,cg,cs,3G
32,F,S,3,2127,2102,2101,2,2,co,cs,3G
29,F,M,3,689,2135,2135,2,1,cs,cs,2G
53,M,M,3,1462,2103,2102,3,2,cg,cg,2G
28,F,M,3,521,2242,2206,6,1,cs,cs,2G
32,M,S,3,2159,2241,2135,3,0,co,co,2G
34,F,M,3,807,2242,2135,1,1,dd,cs,3G
43,M,M,3,190,2248,2248,2,1,cs,cs,2G
43,M,S,7,2073,2156,2156,2,2,cs,cs,2G
48,F,M,3,1488,2102,2102,2,2,cg,cs,3G
36,M,S,7,1141,2183,2171,2,1,co,cs,2G
50,M,M,3,1619,2242,2105,4,0,dd,dd,2G
53,M,M,7,1969,2166,2101,2,2,cs,cs,2G
25,M,S,3,1819,2101,2101,1,1,cs,cs,2G
56,F,M,3,435,2241,2241,2,1,cs,cs,2G
27,F,S,7,2778,2156,2101,2,2,cs,cs,3G
27,M,S,6,588,2242,2135,1,1,cs,cs,2G
41,M,M,7,1643,2212,2156,2,1,cs,cg,2G
69,F,M,3,1343,2101,2101,1,1,dd,dd,2G
23,M,S,7,1446,2156,2101,1,1,cs,cs,3G
25,M,S,3,2464,2102,2101,1,1,cs,cs,3G
51,M,M,3,1762,2101,2101,1,1,cs,cs,2G
32,M,S,3,1645,2101,2105,5,2,cs,co,2G
28,F,S,7,1196,2156,2156,1,1,cs,cg,3G
33,M,S,7,2152,2161,2166,2,0,cg,cs,2G
29,F,M,3,314,2114,2114,2,1,cs,cs,2G
41,M,M,3,1055,2119,2105,2,1,dd,dd,2G
35,F,M,3,1530,2242,2102,3,2,cs,co,2G
44,F,M,3,1548,2242,2114,2,2,dd,dd,2G
32,M,S,3,441,2241,2241,3,1,cs,cs,2G
19,M,S,4,460,2242,2242,1,1,cs,cs,2G
27,F,S,3,1437,2134,2101,3,1,cs,cs,2G
44,F,M,3,1053,2248,2101,2,2,cs,cs,2G
60,F,M,3,273,2242,2242,1,1,cs,cs,2G
22,M,S,3,1272,2107,2107,1,1,cs,cs,2G
37,M,S,3,783,2248,2242,4,2,cs,cs,2G
30,M,M,3,602,2206,2206,1,1,cs,cs,2G
32,M,S,3,2064,2102,2102,2,2,cs,cs,2G
18,F,S,6,641,2242,2135,2,1,cs,cs,2G
24,M,S,3,1305,2242,2206,2,1,cs,cs,2G
55,F,M,3,2063,2105,2105,3,3,cs,cs,2G
55,F,M,3,785,2135,2135,1,1,cs,cs,2G
34,F,M,3,450,2243,2242,2,1,cs,cs,2G
65,M,S,3,743,2106,2106,2,1,cs,cs,2G
39,M,M,3,1198,2242,2102,3,2,cs,cs,2G
37.411584,M,S,9,1636,2156,2156,250,121,cs,cs,2G
35,M,S,3,2208,2101,2101,1,1,cs,cs,2G
50,F,M,3,989,2135,2101,1,1,cs,cs,2G
34,F,S,3,315,2242,2242,2,2,cs,cs,2G
44,M,S,3,1087,2101,2101,5,4,cs,cs,2G
57,F,S,3,2773,2101,2101,2,1,cs,cs,2G
45,M,M,3,1749,2101,2102,1,1,cs,cs,2G
34,M,S,3,2522,2101,2102,2,2,cs,cs,2G
52,F,S,7,1608,2209,2105,5,3,dd,dd,2G
50,F,M,3,1010,2104,2101,3,2,cs,cs,3G
26,M,S,3,1868,2101,2103,1,1,cs,cs,2G
27,M,S,3,1553,2114,4101,7,3,cs,cs,2G
43,F,M,7,958,2156,2156,2,1,cs,cs,2G
46,M,M,3,1856,2102,2101,2,2,cs,cs,2G
52,M,M,3,2248,2206,2101,2,1,dd,dd,2G
22,F,S,3,328,2243,2243,1,1,cs,cs,2G
36,M,S,3,1740,2105,2105,2,2,dd,dd,2G
34,F,M,3,1210,2102,2102,2,2,cs,cs,2G
47,M,M,3,1763,2105,2105,2,2,cs,cs,2G
58,M,M,3,1339,2242,2107,3,1,dd,dd,2G
27,M,S,3,2642,2102,2102,4,4,co,cx,2G
32,F,S,3,1948,2104,2102,2,1,cs,cs,3G
27,M,S,3,579,2241,2135,3,2,cs,cs,2G
30,F,S,3,2523,2242,2101,2,2,cs,cs,2G
50,F,M,3,1002,2242,2107,1,1,cs,cs,2G
28,F,S,3,1346,2242,2101,2,1,cs,co,3G
38,F,M,7,698,2156,2156,8,4,cs,cs,2G
47,F,M,3,359,2242,2242,3,1,cs,cs,2G
36,M,M,3,686,2135,2105,3,1,cs,cs,2G
40,F,M,3,588,2206,2206,1,1,cs,cs,2G
24,M,S,7,265,2156,2161,2,1,cs,cs,2G
39,F,S,7,1859,2156,2156,1,1,cs,cs,2G
24,M,S,3,956,2242,2107,5,1,cs,cs,2G
30,M,S,3,1554,2242,2114,1,1,dd,dd,2G
58,F,M,3,1973,2101,2101,1,1,cs,cs,2G
35,F,M,3,1311,2103,2102,1,1,cs,cs,2G
31,F,S,3,225,2241,2241,1,1,cs,cs,2G
28,M,S,3,2500,2107,2101,5,3,co,cs,2G
25,M,S,7,1554,2209,2171,4,1,cs,dd,2G
26,M,S,3,2746,2242,2101,2,2,cs,cs,2G
58,M,M,3,2028,2137,2243,3,2,cx,cx,3G
44,F,M,3,1088,2241,2107,2,2,cs,cs,2G
31,M,S,3,1902,2107,2103,1,1,dd,dd,2G
58,M,M,7,1361,2105,2105,2,2,cs,cs,2G
72,M,M,3,1645,2105,2105,2,2,dd,cs,2G
32,M,S,3,1230,2104,2137,5,1,co,cs,2G
41,F,M,3,314,2242,2242,2,2,cs,cs,2G
43,F,S,3,966,2106,6101,4,3,cs,cs,2G
43,M,S,3,2255,2102,2102,5,3,cs,cs,2G
42,M,M,7,2810,2155,2101,2,1,co,co,2G
31,F,S,7,1949,2160,2101,1,1,co,cg,3G
37,M,M,6,788,2241,2135,1,1,cs,cs,2G
54,F,M,3,2338,2101,2101,2,2,cs,cs,2G
29,M,S,5,360,2242,2242,2,1,cs,cs,2G
26,F,S,3,1087,2242,2107,3,2,cs,cs,2G
41,M,M,3,593,2135,2135,5,2,cs,co,3G
29,M,S,3,2446,2101,2101,1,1,cs,cs,2G
51,F,M,3,1942,2105,2105,3,2,dd,dd,2G
47,F,M,3,605,2206,2206,1,1,dd,dd,2G
24,M,S,6,1214,2242,2101,1,1,cs,cs,2G
45,M,S,3,269,2242,2242,7,5,cs,cs,2G
48,F,M,3,2013,2101,2103,2,1,cs,cs,2G
49,F,M,3,2302,2101,2102,2,2,dd,cs,2G
27,M,S,3,2077,2102,2101,2,1,cs,cs,3G
29,F,S,6,2241,2156,2156,2,1,cs,cs,2G
25,M,S,3,1483,2135,2102,3,2,cs,cs,2G
48,M,M,7,2022,2166,2171,2,2,cs,cs,2G
26,M,S,3,2153,2101,2101,2,1,cs,cs,2G
50,M,M,3,1635,2105,2103,3,2,cs,cs,2G
55,M,M,3,206,2242,2242,4,3,cs,cs,2G
37.411584,M,S,3,348,2243,2243,3,1,cs,cs,3G
39,F,S,3,1871,2135,2102,4,3,cs,cs,2G
33,M,S,5,581,2241,2102,1,1,cs,cs,2G
50,F,M,7,1916,2166,2156,3,3,cs,co,3G
31,F,M,7,1743,2166,2101,1,1,cg,cs,3G
26,M,S,3,992,2107,2101,3,3,cs,cs,2G
63,M,M,3,247,2241,2241,3,3,cs,cs,2G
32,M,S,3,1489,2243,2102,3,1,cg,cs,2G
37.411584,M,S,9,422,2208,2208,156,19,cs,cs,2G
50,F,M,3,1870,2107,2103,1,1,cs,cs,2G
62,M,M,3,883,2242,2103,3,1,cs,cs,2G
25,F,S,3,2268,2101,2101,1,1,cs,cs,2G
37,F,M,3,1101,2119,2119,3,2,cs,cs,2G
17,M,S,4,351,2242,2242,1,1,cs,cs,2G
35,M,S,3,2020,2104,2136,2,0,co,cs,3G
42,F,S,3,1764,2101,2101,3,3,cs,cs,2G
25,F,S,7,214,2156,2156,5,1,cs,cs,2G
40,F,M,3,309,2242,2242,5,3,cs,cs,2G
31,F,S,5,1026,2101,2101,1,1,cs,cs,2G
38,F,S,3,693,2135,2135,1,1,cs,cs,2G
35,M,M,7,1834,2156,2156,1,1,dd,dd,2G
27,M,S,3,180,2242,2242,1,1,cs,cs,2G
47,M,M,3,996,2101,2101,1,1,cs,cs,2G
27,F,S,3,1927,2101,2101,1,1,cs,cs,2G
27,M,S,6,846,2135,2101,1,1,cs,cs,2G
60,M,M,3,2586,2101,2101,2,1,cs,cs,2G
41,F,M,3,821,2242,2105,2,2,cs,cs,2G
27,F,S,3,571,2242,2206,2,1,cs,cs,2G
51,M,M,8,1666,2101,2101,2,1,cs,cs,2G
37.411584,F,S,3,516,2206,2206,4,1,cs,cs,2G
42,M,M,7,2393,2161,2101,2,2,cs,cs,2G
29,M,S,3,2726,2101,2101,1,1,cs,cs,3G
37.411584,F,S,9,1617,2151,2156,71,34,dd,cs,2G
37.411584,F,S,8,849,2155,2155,2,1,cs,cs,2G
56,F,M,3,1075,2101,2101,2,1,cs,cs,2G
44,M,M,7,627,2166,2161,1,1,cg,cs,3G
26,F,S,3,1611,2105,2105,2,2,cs,cs,2G
48,F,M,3,964,2101,2101,4,3,cs,cs,2G
40,F,M,3,581,2241,2206,1,1,dd,cs,2G
20,M,S,4,513,2241,2206,1,1,cs,cs,2G
25,M,S,3,561,2102,2166,2,2,cs,cs,2G
44,M,M,7,2564,2166,2102,3,3,dd,dd,3G
33,M,M,3,502,2206,2206,1,1,cs,cs,2G
25,F,S,3,1129,2105,2105,2,2,cs,cs,2G
44,F,M,3,1038,2119,2119,2,2,dd,cs,2G
36,M,S,3,2847,2101,2101,1,1,cs,cs,2G
55,M,M,3,259,2101,2101,2,2,cs,cs,2G
29,F,S,3,2485,2103,2101,2,1,cs,cg,2G
27,F,S,3,2774,2107,2101,2,2,cg,cg,2G
25,F,S,3,1038,2101,2101,2,1,cs,cs,2G
47,F,M,3,637,2206,2206,1,1,cs,cs,2G
41,M,M,3,1541,2101,2101,2,2,cs,cs,2G
25,M,S,3,1488,2242,2107,5,3,cs,cs,2G
31,F,S,3,829,2119,2105,2,2,cs,cs,2G
27,F,S,3,1232,2242,2206,2,2,cs,cs,2G
27,F,S,3,1080,2242,2206,1,1,dd,dd,3G
48,F,S,3,1998,2101,2101,2,2,co,co,2G
40,F,S,3,1695,2102,2102,2,2,co,co,3G
28,M,S,3,1030,2104,2102,2,1,cs,cs,2G
55,M,M,3,211,2242,2242,13,7,cg,cg,2G
26,M,S,7,320,2212,2212,1,1,cs,cs,2G
36,M,M,3,1011,2101,2101,3,3,dd,cs,2G
57,M,M,3,1716,2105,2105,2,2,cs,cs,2G
26,M,S,3,2208,2104,2102,4,3,co,cs,2G
39,M,M,3,529,2206,2206,6,3,cs,cs,2G
36,F,M,3,1082,2102,2105,4,2,cs,cs,2G
22,M,S,3,1520,2242,2103,1,1,cs,cs,2G
27,M,S,3,1794,2102,2101,2,1,cs,cs,2G
44,F,M,7,2013,2209,2161,4,3,cs,cs,2G
29,M,S,3,1864,2105,2105,2,2,cs,cs,2G
48,M,M,3,1579,2101,2101,3,2,cs,cs,2G
40,M,S,9,2219,2156,2156,109,51,cs,cs,3G
53,M,M,3,1760,2101,2101,2,1,cs,cs,2G
46,M,M,3,1740,2107,2105,5,4,co,co,2G
36,F,S,5,240,2117,2117,3,3,cs,cs,2G
26,F,M,3,641,2135,2135,2,2,cs,cs,2G
37,F,M,3,1553,2135,2114,3,3,cs,cs,2G
39,M,S,3,2951,2135,2107,1,1,cs,dd,2G
28,M,S,3,1005,2102,2107,1,1,cs,cs,2G
55,M,M,3,2506,2101,2101,3,2,cs,cs,2G
51,M,M,3,953,2114,2119,4,1,cs,cs,2G
47,M,M,3,1013,2105,2105,4,3,cs,cs,2G
56,F,M,3,1584,2242,2101,2,2,cs,cs,2G
29,F,M,3,1934,2242,2107,2,1,dd,cs,3G
41,F,M,3,1330,2242,2101,5,3,cs,cg,2G
31,M,S,3,1798,2242,2102,2,1,cs,cs,2G
25,M,S,3,577,2135,2135,2,2,cs,cs,3G
46,M,M,3,2402,2101,2101,3,3,cg,cs,3G
37.411584,M,S,3,2008,2102,2105,2,1,co,cg,2G
24,M,S,3,2772,2242,2209,1,1,cs,cs,2G
34,M,M,3,1783,2248,2120,2,2,cs,cs,2G
37.411584,M,S,7,786,2166,2135,5,2,cg,cs,2G
28,M,S,3,1055,2107,2107,3,2,cs,cs,3G
47,F,M,3,1081,2105,2105,2,1,cs,cg,2G
24,M,S,3,638,2206,2101,3,2,cs,cs,2G
42,M,M,3,866,2241,2101,2,1,cs,cs,2G
73,M,M,3,1560,2115,4102,1,1,cs,cs,2G
73,M,M,3,1554,2114,4101,1,1,cs,cs,2G
31,F,S,3,2265,2114,2101,4,3,cg,cs,2G
41,F,M,3,678,2242,2101,5,3,cs,cs,2G
44,M,M,3,770,2242,2241,1,1,cx,cx,2G
54,F,M,3,1703,2101,2103,1,1,cs,cs,2G
55,M,M,5,1774,2105,2105,4,3,dd,cs,2G
27,M,S,3,627,2206,2206,1,1,cs,cs,2G
29,F,S,3,584,2206,2107,1,1,cs,cs,3G
46,M,S,3,782,2135,2135,5,2,cs,cs,2G
31,M,M,3,1433,2248,2102,1,1,cs,cs,2G
37.411584,F,S,9,2190,2212,2166,2637,649,cs,cs,3G
37.411584,F,S,7,1817,2156,2166,3,1,co,cs,2G
42,F,S,3,2337,2242,2135,2,1,cs,cs,2G
39,M,S,6,317,2135,2102,1,1,cs,cs,2G
40,M,M,3,1809,2119,2105,2,2,cg,cs,2G
44,M,M,3,842,2206,2134,1,1,cs,cs,2G
47,M,S,3,1711,2136,2102,3,1,cs,cs,2G
55,M,M,3,2770,2101,2102,1,1,cs,cs,2G
51,F,M,3,1872,2242,2102,2,1,cs,cs,2G
29,M,S,7,1062,2166,2107,5,2,cs,cs,3G
41,F,M,3,374,2242,2242,3,2,cs,cs,2G
28,M,S,3,1440,2114,2101,2,1,cs,cs,2G
18,M,S,6,874,2101,2103,1,1,cs,cs,2G
41,F,S,3,1108,2101,2101,1,1,cs,cs,2G
33,M,S,3,1489,2119,2105,3,1,cs,cs,2G
48,F,M,3,1954,2206,2101,2,2,cs,dd,2G
31,M,S,3,2937,2241,2102,1,1,cs,cs,2G
34,M,M,3,1493,2248,2105,2,2,co,co,3G
29,M,S,3,1807,2248,2102,4,3,dd,cs,2G
29,F,M,3,1678,2105,2105,5,4,cs,cs,2G
25,M,S,3,1451,2101,2101,1,1,cs,cs,3G
48,M,M,3,678,2241,2102,1,1,cs,cs,2G
21,M,S,3,1597,2107,2103,1,1,cs,cs,2G
26,M,S,3,1571,2242,2101,2,2,cs,cs,2G
35,F,M,3,1340,2206,2101,2,1,cs,cs,3G
42,F,M,3,779,2101,2101,2,1,cs,cs,2G
52,F,M,3,1543,2252,2114,1,1,cs,cs,2G
27,M,S,3,1718,2242,2166,2,1,cs,cs,2G
32,F,S,3,632,2101,2101,1,1,cs,cs,2G
43,M,M,7,1418,2165,2165,3,2,co,co,2G
70,F,S,3,336,2242,2242,1,1,cs,cs,2G
37,F,S,3,897,2243,2242,2,1,cs,cs,3G
30,F,S,3, ,2119,2119,2,2,cs,cs,2G
33,F,S,3,2602,2101,2101,1,1,co,cs,2G
36,M,M,5,1255,2105,2105,3,2,cs,cs,2G
53,F,M,3,1949,2105,2105,2,2,cs,cs,2G
59,F,M,3,1726,2103,2103,1,1,cs,cs,2G
27,F,S,3,1788,2241,2101,2,1,cs,cs,2G
48,M,M,3,2227,2102,2104,2,2,cs,cs,2G
47,F,M,3,1654,2135,2101,3,2,cs,cs,2G
42,M,M,3,2009,2107,2101,2,1,dd,dd,2G
30,M,S,7,329,2208,2208,1,1,cs,cs,2G
58,M,S,3,3134,2101,2101,2,2,dd,dd,2G
46,F,M,3,903,2105,2105,4,3,cs,cs,2G
26,F,S,7,2395,2156,2166,1,1,cs,cs,3G
53,M,M,3,1559,2107,2114,3,3,cs,cs,2G
26,F,S,3,1936,2101,2101,3,2,cs,cs,3G
50,M,S,3,2014,2105,2105,2,2,dd,dd,2G
38,M,M,7,2266,2212,2101,2,2,cs,cs,2G
24,M,S,3,879,NA,2101,1,1,cs,cs,2G
38,M,M,3,1509,2102,2102,2,1,cs,cs,2G
33,M,M,3,289,2243,2243,3,1,cs,cs,2G
48,M,M,3,1833,2101,2101,3,2,cs,cs,2G
28,M,M,3,189,2242,2242,4,3,cs,cs,2G
53,F,S,7,2071,2154,2154,2,2,dd,dd,2G
43,M,S,3,610,2102,2102,4,3,cs,co,2G
27,F,S,3,2783,2108,2101,1,1,cs,cs,2G
37,M,M,3,185,2242,2242,1,1,cs,cs,2G
49,M,M,3,757,2242,2135,3,3,cs,cs,2G
19,M,S,4,344,2242,2242,1,1,cs,cs,2G
36,M,S,7,3032,2161,2101,1,1,cg,cs,2G
29,F,S,3,413,2242,2242,1,1,cs,cs,2G
39,F,M,3,409,2102,2101,3,3,co,co,2G
51,M,M,3,771,2105,2105,3,2,cs,cs,2G
24,F,S,3,401,2241,2241,2,2,cs,cs,2G
55,M,M,7,1784,2166,2166,2,1,dd,cs,2G
27,F,S,3,1746,2101,2101,3,3,cs,cs,2G
26,M,S,3,1646,2105,2105,3,3,cs,cs,2G
34,M,M,3,206,2241,2241,4,1,cs,cs,2G
43,M,M,3,2996,2102,2101,1,1,cs,cs,2G
33,M,M,3,1193,2241,2135,3,1,cs,cs,2G
17,M,S,4,640,2206,2135,1,1,cs,cs,2G
28,M,S,3,2618,2102,2101,3,2,co,dd,2G
48,M,M,7,2846,2171,2166,3,3,dd,dd,2G
33,M,M,3,593,2206,2206,1,1,cs,cs,2G
41,M,M,3,896,2101,2101,2,2,cs,cs,2G
47,F,M,3,790,2242,2101,1,1,cs,cs,3G
