W,Frequence,Mut,Freedom_L,Freedom_R,mark
哈哈哈哈哈哈,3067716,14.7,5.893,6.65,0
一卷一卷,616029,12.8,4.182,3.885,0
糊糊糊糊,507089,11.9,3.685,2.907,0
哈哈哈哈哈哈哈,411893,12.7,5.916,6.764,0
自由自由,369388,13.8,5.623,5.95,0
火钳刘明,304115,14.9,6.27,6.73,1
乌拉乌拉,245561,14.3,5.846,6.447,0
欧拉欧拉,201150,12,4.703,4.265,0
牛逼,180498,5.8,2.592,3.218,1
进入直播间,172694,12.6,8.061,7.713,1
飞飞飞飞,161725,12,4.76,5.496,0
护眼护眼,152186,16,3.937,4.025,0
害怕害怕,132291,12.3,5.694,6.258,0
真香真香,128815,8.3,5.406,5.804,0
开炮开炮,126299,11.7,6.016,5.223,0
奥利给,107040,14.3,2.161,4.32,1
嘟嘟嘟嘟,96261,12.3,3.368,2.954,0
下次一定,96120,11.9,5.774,6.64,1
卧槽卧槽,92800,14.9,4.627,4.685,0
哈哈哈哈哈,91660,11.2,6.202,6.968,0
嘿嘿嘿嘿,88821,13.9,5.744,6.619,0
前方高能,85358,11.9,6.287,6.896,1
草草草草,76048,8.1,3.535,3.054,0
全体起立,68416,14.4,4.884,5.257,1
再来,68229,5.2,5.733,4.555,0
鸡鸡鸡鸡,66558,6.9,3.196,2.74,0
泪目泪目,66044,11.2,3.147,4.647,0
了哈哈哈哈,64193,5.6,5.259,2.956,0
坚强坚强,60915,14.8,4.811,5.518,0
了哈哈哈,59792,5.6,5.312,6.711,0
专业专业,56508,19.3,5.25,6.213,0
彳亍彳亍,52995,15.5,5.466,5.878,0
辛苦了,46035,17.4,3.819,5.16,0
好开心好开心,42207,6.5,3.811,3.032,0
啊哈哈哈哈,41952,6.2,5.224,5.636,0
武汉加油,40465,17.8,5.138,6.866,0
红红火火恍恍惚惚,40023,9.9,5.14,6.957,1
把哲学,36616,11,4.726,2.08,0
要素过多,36472,12.7,5.973,6.269,1
啊哈哈哈,34458,6,5.328,5.741,0
百万填词,31806,12.2,5.473,6.803,1
哈哈哈我,31402,10.1,5.381,5.305,0
永久反弹,30173,11.7,5.311,5.639,1
俺也,29822,6.2,4.672,3.33,0
反弹反弹,29511,12.6,5.49,5.907,0
中华人民共和国万岁,29505,12.7,5.379,6.374,0
注入灵魂,29453,14.5,6,6.992,1
建国同志,29124,15.5,2.497,5.569,1
高能前方,29016,8.6,3.832,4.816,1
欢迎回来,28515,19.2,6.177,6.977,0
上香,25814,5.9,5.333,5.085,1
吸吸吸吸,24856,12.1,3.868,2.696,0
加油武汉,24645,13.4,4.805,3.175,0
兄弟们,24192,15.4,2.214,3.835,1
高级弹幕,23722,11,6.179,6.56,1
白嫖,23330,7.6,4.173,4.464,1
的女人,22543,5.2,6.309,4.906,0
每天一遍,21565,10.9,6.012,6.688,1
开头见,21227,9,4.724,5.928,1
哈哈哈啊,21134,9.7,3.331,5.092,0
哦哦哦哦哦哦,20416,6.3,3.133,2.283,0
前来助阵,20334,5.7,6.001,6.011,0
回来了,20206,7.7,2.456,6.592,0
蔡徐坤,19928,10.9,5.695,5.388,1
厉害了,19713,15.9,4.568,6.093,0
泪目泪,19705,10,2.595,4.018,0
加油加油,19188,13.1,5.135,5.588,0
玩家前来,19089,9.4,5.614,4.177,0
上头了,19006,7,3.986,6.561,0
弹幕护体,18810,13.7,5.966,6.585,1
啪啪啪啪,18587,12,3.668,2.938,0
律师函警告,17984,15.3,5.85,6.212,1
前来考古,17432,5.5,6.018,6.784,1
万岁中华人民共和国,17375,9.9,4.437,3.254,0
多多多多,17359,6.9,2.209,2.453,0
冲冲冲冲,17292,8.6,3.686,3.284,0
反弹永久,17284,12.1,4.71,3.561,1
B站,17239,6.8,5.66,5.495,0
前方核能,17122,10.3,5.993,6.491,1
呵呵呵呵,16908,10.3,3.613,3.467,0
b站,16310,6.8,5.494,5.769,1
咕咕咕咕,16097,14.7,3.685,2.653,0
保佑我,16052,12.9,3.808,3.978,0
土块土块,15453,13.5,5.038,4.757,0
花花花花,15387,10.1,3.15,2.882,0
祖传开头,14860,13.6,5.6,6.366,1
混入其中,14852,11.6,5.889,6.445,0
是什么,14778,9.1,4.129,5.625,0
高能预警,14746,8,5.694,6.667,1
喜欢的,14595,17,2.984,2.967,0
卢本伟nb,14379,9.2,4.967,5.444,0
开幕雷击,14378,11.7,5.934,6.644,1
开口跪,14265,9.6,5.627,5.668,0
哈哈哈好,14216,9.3,4.881,5.642,0
听到了,14166,6.2,3.089,4.021,0
有何用,14024,8.7,3.625,7.05,0
嘎嘎嘎嘎,13941,10.6,3.924,2.939,0
up主,13796,11.1,5.67,3.039,1
钉钉,13719,7.3,3.613,3.264,1
哈哈哈你,13718,9.3,5.305,5.378,0
进入了,13703,10.1,7.719,4.145,0
消除消除,13595,17.1,4.589,4.692,0
送出,13265,6.9,4.222,2.109,0
每日一刷,12976,11.1,6.023,6.042,1
吉格吉格,12913,15.7,3.546,2.782,0
每天亿遍,12912,10.4,5.82,6.471,1
卢姥爷,12786,14.1,5.009,5.197,1
呱呱呱呱,12681,13.1,3.091,2.183,0
了害怕,12648,5.3,5.764,6.355,0
川建国,12456,12.6,2.162,5.487,1
不敢当不敢当,12438,6.3,5.282,5.953,0
最后亿遍,12431,8.3,5.957,6.471,1
海绵宝宝,12417,18.6,2.703,4.579,1
时代前来,12356,13.2,2.649,3.657,1
中国加油,12260,10.2,4.86,6.629,0
做自己,12216,8.6,4.564,2.849,0
毫无违和感,12117,16.8,6.038,6.366,0
坚持做,11965,17.8,4.799,2.131,0
坤坤,11940,7.2,4.488,5.683,1
茶茶茶茶,11852,11.9,2.686,2.311,0
刘明哈哈哈哈,11797,11,3.443,2.733,0
哈哈哈泪目,11708,9.1,4.982,6.699,0
三连,11700,7.5,3.975,3.199,1
香香香香,11639,6.1,3.142,2.397,0
这次一定,11591,7.2,5.057,6.414,0
不知道,11566,8.4,4.478,5.635,0
我觉得,11221,7.2,6.225,5.163,0
每日一遍,11216,10.9,6.009,6.618,1
不行了,11146,6.1,3.326,4.825,0
掰掰掰掰,11044,11.7,3.691,3.075,0
带制作,10966,12,4.807,5.109,0
两开花,10954,8.1,5.506,4.286,1
离谱离谱,10909,13,4.464,5.466,0
糊糊糊,10874,8.1,5.312,2.921,0
刘明哈哈哈,10866,10.9,4.368,6.41,0
泪目我,10836,9.4,4.03,5.281,0
镇站之宝,10807,7.8,6.586,6.247,1
暂停成功,10775,16.8,6.068,7.099,1
音乐区,10430,12.5,4.004,5.309,1
天尊杨戬,10395,12.9,2.596,3.861,1
嗷嗷嗷嗷,10119,10.3,3.175,2.544,0
吼吼吼吼,10103,10.4,2.951,2.153,0
厉害厉害,10066,15.2,5.827,6.693,0
哈哈哈害怕,10024,9,4.467,6.316,0
加油中国,9915,12.5,4.635,2.836,0
弹幕呢,9876,13,5.714,6.777,0
报警了,9873,14.3,2.293,4.907,0
哔哩哔哩,9803,13.5,5.91,5.663,1
真正的,9797,5.9,3.299,3.657,0
哈哈哈红红火火,9740,8.9,5.708,2.569,0
大制作,9718,11.1,4.588,5.018,1
亿万填词,9693,8.6,5.555,6.578,1
恍恍惚惚哈哈哈哈,9610,14,3.493,4.647,0
全部反弹,9596,12,4.987,5.156,1
好活当赏,9563,6.8,4.285,6.255,1
漫长的,9531,14.3,5.756,3.255,0
何为正常,9467,10.2,4.962,3.15,0
哈哈哈嗝,9432,8.9,4.708,6.576,0
在现场,9370,8.9,6.33,2.283,0
面筋面筋,9321,10.4,2.483,3.556,0
面筋哥,9180,10.3,5.682,4.579,1
恭喜你,9142,16.6,5.723,4.783,0
了什么,9099,7.6,4.448,6.615,0
刘明我,9083,10.7,3.315,5.197,0
拜拜拜拜,9072,12.7,3.72,3.482,0
乌鸦坐飞机,9063,16.9,6.102,6.601,1
飞过来飞过来,8983,7.8,4.631,2.486,0
口区口区,8964,8.9,3.536,5.8,0
明白明白,8910,9.5,5.021,5.792,0
汝甚骚,8758,9.9,4.468,3.656,1
名场面,8751,11.5,3.899,6.031,1
拜托了,8702,13.9,6.304,3.677,0
参见教主,8650,8.7,4.079,4.505,0
狭路相逢勇者胜,8646,14.9,5.733,2.797,1
能天使,8605,6.8,4.326,5.773,1
反弹全部,8596,11.4,4.672,3.096,1
爹爹爹爹,8593,10.8,3.296,2.436,0
大威天龙,8307,10.2,4.882,4.6,1
上电视,8251,7.8,3.948,3.077,0
退出直播间,8214,8.8,4.946,7.089,1
百万助攻,8190,10.9,6.149,6.873,1
计数君,8129,14.4,5.893,4.529,1
金坷垃,8120,13.8,4.554,3.819,1
表演个,8019,11.9,3.19,2.322,0
百万调音师,7949,10.8,5.931,6.698,1
好样的,7914,7.8,2.002,5.775,0
生来孤独,7892,6.2,3.706,3.374,1
的感觉,7819,5.2,6.848,6.359,0
鬼畜区,7812,12.1,5.069,4.653,1
卢本伟NB,7739,8.6,4.711,5.334,0
真实真实,7733,11.7,5.079,5.791,0
用爱发电,7719,6.2,4.875,2.187,0
回来吧,7616,6.7,3.816,4.843,0
要定了,7603,7.3,7.427,3.719,0
摧毁停车场,7508,15.4,4.727,6.441,0
哈哈哈哈我,7499,8.7,3.024,5.282,0
绞,7486,7,4.803,2.377,0
害怕哈哈哈哈,7467,9.4,5.53,2.261,0
许愿能,7424,13,5.5,3.35,0
泪目哈哈哈哈,7366,9,4.323,2.386,0
保护保护,7324,11.9,5.071,5.945,0
马老师,7305,6.7,4.265,5.084,1
因为天才,7288,8,4.91,3.052,0
拜见祖师爷,7230,9.3,5.301,5.883,0
正片开始,7219,9.6,6.078,6.689,1
每日亿遍,7111,10.5,5.851,6.5,1
龙卷风摧毁,7074,10.8,5.901,3.854,0
泪目哈哈哈,7034,8.9,4.424,6.152,0
哈哈哈这,7003,8.6,5.158,4.076,0
太强了,6992,6.6,3.753,5.955,0
了卧槽,6911,5.6,5.625,5.991,0
恍恍惚惚哈哈哈,6908,13.7,4.795,6.011,0
快跑,6900,6.8,3.299,4.17,1
咚咚咚咚,6891,12.2,4.003,3.209,0
梦幻联动,6767,10.8,5.678,6.455,1
什么鬼,6699,11.5,4.682,5.246,0
害怕我,6698,9.3,5.322,5.491,0
哈哈哈下次,6667,8.6,4.458,2.099,0
害怕哈哈哈,6639,9.3,5.325,5.737,0
卢本伟牛壁,6631,8.4,4.376,4.892,0
哈哈哈卧槽,6628,8.6,4.92,5.574,0
厚颜无耻之人,6542,14.9,4.862,2.819,0
泪目了,6522,8.9,4.006,5.982,0
粗鄙之语,6519,19.1,6.119,6.522,1
弹幕了,6499,12.6,2.506,6.555,0
你怎么,6495,6.9,6.402,4.522,0
哈哈哈哈啊,6421,8.5,2.621,4.566,0
标准结局,6386,16.4,5.71,6.719,1
万助攻,6370,10.1,4.899,4.819,0
呜呜呜呜,6364,10.2,3.783,3.021,0
欢乐是,6330,15.3,3.618,2.496,0
久等了,6299,7.5,4.459,6.785,0
哈哈啊,6282,8.5,3.204,4.552,0
灌醉灌醉,6267,13.5,3.417,4.505,0
失踪人口回归,6266,16.7,5.723,6.462,0
自由的,6262,9.7,4.641,4.896,0
卢本伟广场,6214,8.3,3.415,4.794,0
早期作品,6211,12.5,2.829,6.145,1
籽岷,6177,9.1,4.065,4.029,1
伞兵一号,6176,14.4,5.59,5.307,0
闹太套闹,6165,5.5,6.698,2.269,0
越来越离谱,6154,6.1,4.243,3.283,0
耗子尾汁,6107,14.6,4.612,5.667,1
没弹幕,6085,7,5.999,4.795,0
中国红,6057,9.5,2.375,2.839,1
危危危危,6006,8.5,4.622,5.313,0
发发发发,5936,8.1,3.493,4.387,0
播放量,5914,12.1,3.067,6.309,0
封号斗罗,5883,8.5,4.326,2.768,0
起立lbwnb,5842,9.2,3.786,4.338,0
手语老师,5788,10.7,5.06,5.841,0
苏卡不列,5732,9.7,4.718,5.731,0
千万助攻,5726,10.9,5.147,5.529,1
一号卢本伟,5713,5.9,2.612,4.801,0
十个泪目,5706,8.3,4.82,2.864,0
才会,5692,5.5,4.799,3.104,0
见证历史,5686,12.1,5.614,6.058,0
吗哈哈哈哈,5682,5.6,4.489,2.549,0
盯上了,5678,8.8,3.545,5.898,0
少拿,5658,7.3,4.121,2.725,0
文艺复兴文艺复兴,5658,14.2,5.118,6.106,0
溜肥肠,5577,11.9,4.129,3.952,0
死神来,5552,5.3,4.395,2.5,0
火钳留名,5527,10.9,5.762,6.859,1
人员请,5514,9.3,2.807,2.209,0
哈哈哈再来,5512,8.4,2.586,3.672,0
最后一遍,5492,7.5,5.315,5.421,1
可爱可爱,5490,5.1,4.721,5.065,0
呵呵哈哈哈,5480,9.2,5.001,6.052,0
弹幕合影,5473,12.5,3.532,6.47,1
硬币吗,5427,9.2,2.277,2.361,0
泪目建国,5390,8.7,2.788,4.779,0
赌怪赌怪,5378,10,2.432,2.176,0
吗哈哈哈,5372,5.5,4.544,6.022,0
起来了,5372,5.1,3.624,6.721,0
貂蝉貂蝉,5353,18,3.919,4.15,0
开花开花,5353,8.1,3.655,3.129,0
九个笑,5337,8,2.744,5.755,0
啊害怕,5326,5.4,4.137,5.443,0
公主殿下,5291,11.1,5.008,6.404,1
可以可以,5286,7.1,5.71,6.508,0
该来的,5243,5,6.615,3.79,0
仙人指路仙人指路,5238,7.1,4.713,5.278,0
耳机党,5206,12.9,5.789,3.179,1
还愿许愿,5194,6.4,2.17,3.374,0
哈哈我,5191,8.3,4.97,5.197,0
保重啊,5183,11.5,3.115,6.459,0
lbwnb泪目,5170,9,4.733,5.649,0
太草了,5159,5,3.789,5.966,0
顶风作案,5150,10.2,5.719,5.49,1
好哈哈哈哈,5150,5,4.398,2.862,0
本色出演,5122,10.2,5.91,6.465,0
欢迎欢迎,5083,17.5,5.183,5.082,0
国士无双国士无双,5077,13.9,5.299,6.263,0
哈哈哈这个,5051,8.3,4.59,6.337,0
倍新世界,5030,7.2,4.743,5.641,0
波澜哥,5020,11.9,5.797,4.794,1
还挺,5011,5.5,5.876,4.104,0
太秀了,4992,6,3.231,5.228,0
厄运退散,4961,17.5,4.665,5.522,1
出必还愿,4958,7.7,5.625,3.667,0
上刺刀,4948,7.7,4.169,4.679,0
恐龙妈妈,4939,13,5.784,5.755,1
安塞腰鼓,4935,13.2,4.784,4.259,1
确认存活,4906,17.5,6.227,5.705,0
梁非凡,4892,10.2,2.283,4.23,1
喵内,4873,7.1,2.901,2.998,0
最贵的,4849,9.4,4.877,3.083,0
标准开头,4829,16.1,6.016,6.774,0
盘盘盘盘,4772,7.6,2.216,2.466,0
灵魂注入,4772,13.6,5.182,4.611,1
浑身难受,4740,16,2.089,6.472,1
二倍速,4723,7.1,5.065,5.546,1
蕾某人,4720,9.6,2.85,3.429,0
哈哈哈lbwnb,4707,8.2,4.587,5.792,0
哈哈哈草,4695,8.2,3.71,4.163,0
郭老师,4681,7.5,5.2,2.03,1
炫炫炫炫炫炫,4678,14,2.504,2.423,0
虎狼之词,4664,10.7,5.172,6.029,1
奇怪的,4631,11.6,3.313,5.294,0
这首歌,4626,9.1,5.496,5.542,0
泪目lbwnb,4615,8.5,3.824,5.095,0
了百万,4548,6.1,5.459,3.743,0
蹭树,4512,9.2,2.585,5.033,1
小时前,4499,7.8,4.02,5.372,0
过于真实,4491,7.7,4.978,5.99,0
无意冒犯,4485,10.2,5.364,6.006,1
全体上,4462,11.7,5.587,2.406,0
老番茄,4443,9.1,4.783,5.724,1
以为是,4431,7,2.216,2.668,0
女少口阿,4418,8.5,4.325,5.552,1
在此,4411,5.4,5.264,6.138,0
总有一天我会,4406,5.8,5.324,2.592,0
我怎么,4363,6,5.902,5.348,0
填词泪目,4334,11.3,3.42,6.021,0
出现了,4333,9.8,6.293,6.794,0
扫六合,4303,9.4,3.578,5.878,0
时代考古,4295,12.2,3.204,6.778,1
老八老八老八老八,4283,8.6,3.746,2.066,0
哈哈哈前方,4275,8.1,4.762,5.106,0
为什么我,4262,10.8,5.855,3.83,0
w助攻,4251,9.9,5.248,5.055,1
刘明泪目,4245,9.9,4.418,5.164,0
防止抑郁,4205,13,4.219,6.562,0
物业敲门,4196,16.1,5.128,5.872,0
卧槽哈哈哈哈,4193,11.8,5.334,2.39,0
前面的,4179,8.7,6.09,5.523,0
蕾姆,4159,8.8,3.325,5.835,1
这样的,4145,7.3,3.594,4.547,0
晦气晦气,4121,15.9,4.35,4.655,0
我TM,4115,5.2,5.722,5.525,0
核能前方,4113,9.8,2.959,4.029,0
应该是,4104,10.7,4.128,7.811,0
卢老爷,4090,6.4,4.768,5.371,1
草哈哈哈哈,4090,6.6,3.933,2.364,0
送出的,4083,5.8,5.919,4.271,0
的视频,4068,8,5.307,6.108,0
惊喜惊喜,4031,12.4,3.271,3.135,0
百万调音,4008,10.2,5.513,6.59,1
不认识,3993,8.8,3.543,5.012,0
火前留名,3991,7.3,3.861,6.578,1
吧哈哈哈哈,3985,5.5,3.73,2.577,0
了解一下,3983,5.8,6.478,6.744,0
准备进攻,3975,15.9,3.869,3.025,0
灌醉我,3968,13,2.276,3.589,0
嘻嘻嘻嘻,3953,12.2,3.881,2.721,0
呵呵呵,3928,8.8,6.045,6.032,0
恍恍惚惚红红火火,3914,13.1,4.517,4.771,1
后面的,3913,9.1,5.723,3.916,0
中国万岁,3893,9.1,5.231,5.7,0
所指所向披靡,3887,10.3,2.058,3.322,0
怎么了,3878,10,3.431,5.987,0
卧槽哈哈哈,3857,11.8,5.45,5.453,0
派大星,3815,6.6,3.038,4.12,1
高能高能,3801,6.6,5.323,5.85,0
害怕你,3788,8.7,4.782,5.425,0
不至于不至于,3780,7.2,4.197,5.517,0
进来挨打,3778,5.3,3.173,6.381,0
参见公主,3771,7.9,5.341,3.908,1
莫名好听,3758,8.9,5.879,6.368,0
猝不及防猝不及防,3757,9.5,5.542,6.167,0
行行行行,3752,8.3,3.642,4.421,0
卧槽我,3750,11.7,5.338,5.344,0
吧哈哈哈,3736,5.4,3.785,5.982,0
儿童鞋垫,3730,13.6,5.5,6.283,0
儿童邪典,3729,13.6,5.525,6.005,0
了厉害,3713,7.7,5.653,2.31,0
众神归位,3713,11.2,5.485,6.109,1
我tm,3712,5.4,5.602,5.342,0
完结撒花,3702,11.3,5.478,6.109,1
冲冲冲,3701,7.1,5.295,4.855,0
当场去世,3683,10.4,4.507,6.591,0
自动变色,3676,9.5,5.904,6.435,0
拔剑吧,3671,10.7,2.079,6.331,0
哈哈哈上头,3669,8,3.933,2.908,0
三连了,3662,6.3,4.343,6.176,0
哇哇哇哇,3606,6.2,3.535,2.725,0
合影合影,3592,13.4,5.187,6.186,0
没毛病,3566,6.6,5.154,5.781,0
一定要,3552,7.5,4.541,5.027,0
草草草,3549,5.1,5.088,4.315,0
哈哈哈好活,3544,7.9,4.216,5.507,0
哈哈哈哈嗝,3543,7.9,3.39,6.283,0
就离谱,3524,7.1,4.458,5.676,0
土块lbwnb,3507,12,4.142,4.522,0
骑兵连,3497,11.4,5.475,4.544,0
了建国,3497,6.5,4.513,4.855,0
瑟瑟发抖,3494,13.2,5.306,6.448,0
全文背诵,3488,11.1,5.553,6.271,0
刘明你,3487,9.7,3.89,4.446,0
我居然,3481,7.4,5.766,4.38,0
自己的,3480,11.8,5.156,6.547,0
lbwnb哈哈哈哈,3463,8.6,5.118,2.306,0
宴请八方,3462,12.1,4.065,6.095,0
风评被害,3452,12.9,5.039,6.695,0
该死的,3450,5.1,2.491,5.981,0
泪目百万,3411,8.2,3.598,3.096,0
哈哈哈人才,3399,7.9,4.365,3.801,0
哈哈哈xswl,3395,7.9,4.409,6.147,0
一周年一周年,3389,8.3,3.518,3.377,0
w合影,3387,10.3,5.37,4.944,0
草哈哈哈,3378,6.5,3.93,4.675,0
呼呼呼呼,3370,11.5,3.312,2.688,0
厉害啊,3369,14.1,4.707,6.478,0
败者食尘,3368,10.4,5.653,5.785,0
快离开,3359,8.4,2.391,5.778,0
可以的,3359,6.6,5.735,6.476,0
开始了,3356,12,3.721,5.851,0
发弹幕,3333,8.8,4.009,2.786,0
章鱼哥,3323,12,4.457,2.929,0
噗哈哈哈,3295,7.6,5.406,5.598,0
哈哈哈哈好,3295,7.9,2.94,5.422,0
lbwnb哈哈哈,3290,8.6,5.213,5.378,0
蕾丝蕾丝,3280,11.1,3.11,3.056,0
哈哈哈太,3271,7.9,4.395,3.722,0
开口脆,3270,8.1,5.075,4.988,0
哈哈哈啊哈,3249,7.8,3.038,2.007,0
双厨狂喜,3249,10.8,4.797,6.26,0
懵逼,3247,5.5,4.988,5.286,0
老公你,3242,10.4,3.311,2.851,0
波澜波澜,3234,11.5,5.247,4.039,0
氪金,3226,6.7,3.763,2.758,1
一一一一,3223,5.3,4.607,4.024,0
的东西,3219,5.6,5.278,6.256,0
哈哈哈哈你,3216,7.8,2.735,5.292,0
投币了,3212,7.5,4.816,6.686,0
路人,3209,5.4,3.412,5.548,0
lbwnb土块,3198,8.6,4.231,4.06,0
的兄弟,3193,5,2.453,4.869,0
了许愿,3188,6.7,5.347,5.258,0
参上,3162,6.4,4.294,3,0
中国中国,3156,8.9,3.542,3.079,0
口吐芬芳,3123,9.1,6.29,6.679,1
哈哈哈厉害,3112,7.8,4.89,2.777,0
糊涂啊,3108,10.7,2.316,5.608,0
中考加油,3101,7.9,5.43,6.212,0
吴亦凡进来,3098,10.9,5.684,2.719,0
意大利炮,3097,8,3.221,2.797,1
厄运走开,3049,17.1,4.247,5.337,0
厚葬友军,3048,13.7,4.057,6.064,1
中学你,3039,7.6,5.983,3.119,0
嘟嘟嘟,3036,8.9,4.698,3.918,0
吾辈楷模,3026,13.2,4.711,5.31,1
开始吟唱,3010,11.9,5.415,6.264,1
牛批牛批,3008,6.9,4.464,6.195,0
参见猫王,2996,7.6,4.443,4.989,0
万合影,2994,10,4.303,4.888,0
高考加油,2980,8.8,5.569,5.903,0
哈哈哈哈泪目,2976,7.8,2.258,6.478,0
哈哈哈魔鬼,2973,7.8,4.546,4.947,0
琴魔,2971,8.9,2.881,5.092,1
预警前方,2961,17.3,2.659,3.484,0
灵堂歌姬,2957,13.7,4.438,5.786,1
什么时候,2956,10.6,4.874,5.852,0
这弹幕,2951,5.7,5.722,5.742,0
蜜汁好听,2949,10.9,5.883,6.489,0
谢谢你,2941,12.8,4.673,5.231,0
祖师爷拜见,2936,11.4,3.05,3.027,0
离谱哈哈哈,2921,11.7,3.684,4.334,0
坐飞机乌鸦,2913,9.3,2.5,2.42,0
叽叽叽叽,2911,15.2,4.81,4.547,0
拿去,2909,5,3.261,5.455,0
过分了,2894,7.2,4.59,4.565,0
的石灰,2885,5.5,3.762,4.684,0
好厉害,2864,9.4,4.994,4.709,0
啊卧槽,2854,5.7,4.524,5.675,0
哈哈哈有,2835,7.7,4.676,3.822,0
洗脑了,2832,11.7,2.898,6.328,0
知道我,2820,10.9,2.629,3.392,0
哈哈哈彳亍,2816,7.7,3.907,6.199,0
魔鬼魔鬼,2803,7.3,5.326,5.146,0
UP主,2801,11.7,5.358,2.699,1
妈妈妈妈,2769,7.5,4.423,4.297,0
永远的,2767,12,4.554,2.553,0
儒雅随和,2764,15.1,6.054,6.063,0
变色了,2764,9.4,2.571,4.958,0
舒服了,2764,13.7,5.032,6.618,0
中国人,2752,8.7,2.695,4.671,1
舔狗,2747,7.8,4.303,5.485,1
起飞起飞,2747,7.8,4.817,5.236,0
弹幕我,2735,11.8,3.29,4.786,0
为什么要,2735,10.4,4.417,5.91,0
哈哈哈离谱,2734,7.7,2.735,4.978,0
抖腿,2733,8.5,4.045,5.687,1
忘记原唱,2732,10.5,5.104,4.805,0
上海zoo,2712,7.6,4.474,4.911,0
阿里阿里,2699,5.2,4.657,4.647,0
噗哈哈哈哈,2684,7.4,5.354,2.808,0
汪汪汪汪,2666,13.1,4.013,3.089,0
魔鬼啊,2664,7.3,5.16,5.961,0
天空的,2664,9.4,2.12,2.419,0
绝地大科学家,2644,7.5,4.316,4.302,0
新宝岛,2643,9.5,4.913,5.434,1
全程高能,2643,12,5.528,6.19,1
退出了,2638,7.6,3.611,4.434,0
肖战肖战,2630,12.2,3.811,3.877,1
填词百万,2625,10.8,4.107,4.625,1
皮皮皮皮,2620,9.3,3.214,2.401,0
老师好,2615,8.3,3.779,5.561,0
大仙大仙,2613,7,4.32,5.018,0
冲鸭,2613,7.5,3.873,5.104,1
春风春风,2599,12.7,3.077,2.826,0
杨超越,2592,8.8,5.133,2.972,1
是怎么,2588,6.4,2.968,4.674,0
刘明要素,2571,9.4,2.522,2.683,0
啊丞相,2566,8.8,3.756,4.096,0
泪目你,2565,7.9,4.225,5.393,0
泪目这,2565,7.9,3.963,2.856,0
来考古,2563,5.1,4.065,5.51,0
坏女人,2563,8.6,4.188,4.09,0
清泉流响,2547,14.1,4.338,5.708,1
哎呦,2547,6.7,5.566,3.213,0
巴拉巴拉,2544,9.1,4.51,4.041,0
哈哈哈每天,2538,7.6,4.144,3.699,0
哇哦,2536,5,4.703,5.84,0
字幕君,2535,10.4,5.331,4.688,1
打call,2523,6.6,5.231,5.503,1
初音初音,2514,11.1,4.661,4.654,0
高能哈哈哈哈,2509,6.2,4.794,2.62,0
荣耀之剑,2506,17.4,4.33,4.008,1
的旋律,2505,7.9,4.035,5.436,0
许愿万世,2496,11.9,5.434,3.023,1
绿绿绿绿,2495,7,3.283,2.708,0
BGM是,2495,8.1,5.604,2.09,0
悠悠苍天,2489,19.7,3.832,3.427,0
最喜欢,2489,9.9,2.964,2.648,0
呵呵哈哈哈哈,2487,8.4,3.381,5.159,0
英文字幕,2485,13,5.123,5.63,0
吴亦凡对不起,2483,10.7,4.878,5.275,0
必来还愿,2474,5.2,3.633,4.614,0
告诉我,2470,18.3,4.258,4.328,0
每天都,2462,8.7,4.726,3.751,0
我现在,2460,5.5,5.641,5.137,0
这填词,2460,6.7,4.83,5.003,0
诶嘿嘿,2446,6.2,5.008,2.576,0
黄磊老师,2440,12.9,5.479,5.3,0
呜呜呜,2437,9.2,4.361,4.679,0
许愿清泉,2436,11.9,5.383,4.165,0
阿巴阿巴,2430,7.4,5.153,5.736,0
哈哈哈哈害怕,2420,7.6,2.356,5.936,0
加油泪目,2418,11,4.44,5.903,0
呵呵红红火火,2415,8.4,5.789,5.522,0
阿婆主,2413,10.4,5.008,2.554,0
熟悉的,2400,18.4,4.054,3.961,0
哈哈哈还,2398,7.5,4.791,4.742,0
战术换气,2386,12,5.595,6.325,0
亿万调音师,2382,7.2,5.667,6.337,0
哈哈哈up,2375,7.5,4.488,3.109,0
哈哈哈我要,2374,7.5,3.987,3.05,0
giao哥,2370,10,3.754,4.798,1
首页通知书,2370,15.8,5.28,6.257,1
疯狂踩点,2363,8.7,5.591,6.268,0
天籁之音,2361,14.6,4.962,5.609,1
了欢迎,2357,7.1,5.93,4.021,0
刘明妙啊,2354,9.3,2.722,5.252,0
什么都,2347,10.4,5.26,4.447,0
氤氲之息,2346,21.4,4.266,5.367,1
超神超神,2344,7.6,4.725,5.511,0
哈哈泪目,2339,7.5,4.091,6.289,0
在身上,2338,6.8,3.41,3.27,0
蝙蝠时代,2333,20.4,5.838,3.164,1
接受挑战,2320,10.7,6.033,5.871,0
阿婆克烈,2317,10.3,5.066,4.567,1
喜喜喜喜,2314,13.4,3.456,3.409,0
怎么这么,2309,9.5,4.558,5.288,0
挡字幕,2301,7.5,4.707,3.183,0
lbwnb我,2298,8.2,4.753,5.446,0
已盗,2295,7.2,2.955,5.856,1
这游戏,2294,6.6,5.211,2.306,0
更新了,2290,6.8,3.808,6.61,0
的衣服,2283,6,2.186,5.411,0
举报了,2281,12.2,4.885,5.815,0
谢罪警告,2272,10.7,5.326,5.947,1
一直在,2272,8.7,3.853,5.492,0
加油啊,2271,11,4.958,6.289,0
啊百万,2267,6.4,3.406,3.662,0
up主是,2251,9.3,5.459,2.242,0
警告哈哈哈哈,2251,15,5.077,2.69,0
为敬,2250,7.4,2.11,4.786,0
国庆快乐,2245,13,5.032,5.386,0
哈哈哈是,2240,7.5,4.296,3.673,0
进入房间,2238,8.2,5.743,6.433,0
可以啊,2236,6.2,5.16,6.48,0
谁敢,2226,6.2,3.227,3.364,0
认真的,2218,9.7,2.437,2.079,0
刘明这,2217,9.3,2.557,2.947,0
想起了,2215,5.7,2.354,4.996,0
哈哈你,2194,7.5,4.515,5.299,0
的滋味,2193,6.6,4.444,4.442,0
哈哈哈还好,2189,7.5,5.16,3.03,0
嗝哈哈哈哈,2188,7,2.236,2.351,0
马保国,2183,7.4,3.766,4.669,1
鬼畜了,2182,10.8,4.15,6.275,0
光翼展开,2181,11,3.79,4.744,0
哈哈哈弹幕,2174,7.4,4.397,3.817,0
禁止抖音,2171,14.9,5.022,2.738,0
up是,2171,9.2,5.444,2.596,0
自由平等,2170,8.7,5.138,2.948,0
嗨起来,2166,7,4.973,3.477,0
雨女无瓜,2159,9.3,4.422,5.976,1
弹幕护眼,2158,11.5,5.057,5.701,0
怀孕了,2155,17.4,4.126,6.487,0
鬼畜我,2152,10.8,2.552,4.964,0
起立lbwnblbwnb,2151,8.2,2.522,4.352,0
无缝衔接,2150,11.7,5.432,6.067,1
人恒绿之,2149,9.8,2.347,3.81,0
已进入,2149,6.7,5.21,3.191,0
刘明百万,2147,9.2,2.689,3.532,0
不应该,2147,7,5.339,3.401,0
尿素过多,2146,12.3,5.097,5.87,1
艾伦沃克,2143,14.7,3.644,2.971,1
处女币,2139,10.8,5.083,3.621,1
优秀优秀,2138,10.7,5.065,5.769,0
最后的,2138,6.5,3.337,5.504,0
倍速新世界,2136,7.9,2.982,5.864,0
粑粑,2130,8.8,3.902,5.42,0
忘记原版,2127,10.3,4.985,5.194,0
弹幕高能,2120,11.5,4.436,4.893,0
鬼畜的,2120,10.8,4.512,5.1,0
世界第一,2115,12.3,5.099,4.809,0
在震动,2112,5.8,2.645,5.59,0
什么东西,2108,10.3,4.184,5.689,0
禁忌二重唱,2107,16.1,5.494,6.191,0
大家都,2101,6,5.789,4.341,0
逐渐忘记,2096,19.2,5.366,2.486,0
战歌起,2090,9.3,4.038,5.153,1
可以发,2089,6.2,2.372,2.785,0
舒服舒服,2087,13.4,4.709,5.046,0
高能哈哈哈,2084,6,4.549,5.369,0
苏联解体,2081,13.8,4.523,5.513,1
带孝子,2077,9.5,2.98,5.063,0
明明是,2071,10.9,4.495,6.339,0
拉普兰德,2068,10.3,5.006,3.39,1
警告哈哈哈,2065,14.9,5.453,5.314,0
刘明火,2061,9.2,3.568,2.41,0
哈哈哈百万,2059,7.4,4.256,3.664,0
哈哈哈律师函,2055,7.4,4.264,5.038,0
哈哈哈不,2055,7.4,4.095,4.957,0
两倍速,2053,6.2,5.46,2.766,0
天皇驾崩,2051,9.3,5.341,5.652,1
离谱了,2051,11.4,2.065,4.959,0
狒狒挠头,2047,21.7,4.988,5.861,0
上害怕,2042,6.1,3.683,4.913,0
永不为奴,2042,6,2.285,5.407,1
第七翼动,2038,10.1,2.213,2.207,1
般配般配,2037,10,4.861,5.503,0
非凡哥,2034,9.7,5.064,4.151,0
高能我,2032,6,5.242,3.715,0
爱国敬业,2031,7.2,3.043,2.75,0
受不了了,2031,5.6,3.59,5.624,0
毁童年,2030,13.2,4.492,4.41,0
砸瓦鲁多,2029,11.1,5.704,4.686,0
不喜欢,2028,7.2,3.541,4.751,0
大灌篮,2028,9,3.184,4.445,0
一件事,2026,9.7,2.978,4.23,0
好害怕,2026,5.4,2.427,4.734,0
奥里给,2024,7.5,2.481,4.74,1
呢哈哈哈哈,2024,5.4,5.954,2.377,0
开屏雷击,2014,9.5,5.284,5.861,0
淡黄的,2005,12.2,5.288,2.642,0
哈哈哈和,2003,7.4,3.81,5.144,0
奥奥奥奥奥奥,2000,9.1,3.287,3.142,0
算什么,1999,12.2,2.431,5.083,0
保护我方,1995,10.6,4.983,2.735,0
一袋土块,1990,10.1,3.348,2.921,0
特么,1987,7.2,2.695,5.312,1
必糊必糊,1974,7.7,2.815,2.753,0
起立泪目,1974,8.1,3.651,5.578,0
某幻某幻,1973,10.6,3.349,3.827,0
弹幕怎么,1962,11.4,4.658,3.784,0
许愿阿能,1960,11.7,4.833,4.628,0
富强民主,1953,11.1,4.984,3,0
许愿氤氲,1952,11.7,5.309,3.325,0
影流之主,1946,11.4,4.623,5.161,1
牛壁牛壁,1944,7.4,4.321,5.756,0
老师我,1943,8,3.058,4.758,0
吹爆,1938,7.6,4.06,3.33,0
超级反弹,1934,8.7,4.405,4.876,0
那位大人,1931,5.8,4.226,4.023,0
哈哈哈淦,1930,7.3,3.398,4.132,0
说什么,1923,9.3,3.585,4.773,0
反弹超级,1914,9.9,4.46,2.049,0
变成了,1911,8.3,3.025,3.144,0
亲爱的,1905,7.5,2.742,5.099,0
欢迎来到,1904,16.5,5.402,5.264,0
当当当当,1903,6.5,2.374,2.791,0
掀起波澜,1901,11.7,3.531,4.949,0
魔鬼哈哈哈哈,1898,6.9,4.986,2.465,0
天哪,1898,6.7,2.039,4.768,0
倒一杯,1892,6.2,3.749,2.896,0
神仙打架,1891,8.3,5.39,6.083,0
等着,1883,5.2,4.505,3.13,0
弹幕都,1880,11.4,5.315,3.799,0
看简介,1880,6.5,4.668,4.775,0
好活好活,1880,5.2,3.995,5.325,0
成功暂停,1878,11.3,3.914,4.594,0
你喜欢,1871,5.6,5.077,4.27,0
中毒了,1866,8.8,3.9,6.188,0
呢哈哈哈,1866,5.3,5.915,5.449,0
尻面筋,1864,7.9,3.74,3.624,1
up人才,1863,9.1,5.079,4.252,0
黄磊早期,1862,12.6,4.717,2.639,0
牛皮牛皮,1859,5.1,4.932,5.812,0
增加了,1857,12.3,2.814,5.608,0
热乎的,1851,12.4,4.454,5.67,0
牛掰,1848,5.6,3.887,4.498,0
好活哈哈哈哈,1844,5.2,4.406,2.139,0
恭送丞相,1843,11.1,4.675,6.114,0
害怕泪目,1843,8,5.134,5.868,0
回来我,1841,5.3,2.303,4.225,0
弹幕哈哈哈哈,1841,11.4,2.602,2.584,0
太狠了,1839,6.5,5.068,5.52,0
妙哉妙哉,1838,7,4.627,5.45,0
前方弹幕,1835,8.1,4.41,3.325,0
哈哈哈nb,1833,7.3,4.46,5.857,0
彳亍哈哈哈,1833,12.2,5.112,5.017,0
真男人,1831,5.4,4.38,6.099,1
哲学哲学,1826,10.9,5.131,4.646,0
求bgm,1823,6.3,3.354,5.187,0
这句话,1820,6.9,5.075,5.38,0
提前泪目,1817,8.7,4.418,6.116,0
精神小伙,1815,9.1,5.33,6.041,0
xswl哈哈哈哈,1809,8.5,5.078,2.431,0
无敌了,1809,9.3,5.618,6.433,0
弹幕哈哈哈,1807,11.3,2.54,5.07,0
魔鬼哈哈哈,1805,6.9,4.92,5.287,0
渣渣辉,1803,6.5,2.997,4.945,1
泪目啊,1803,7.6,3.967,5.391,0
滚滚滚滚,1797,7.7,3.35,2.162,0
刘明真香,1791,9.1,2.522,5.159,0
up你,1790,9.1,5.321,3.472,0
中国boy,1783,8.3,5.421,5.381,0
警告律师函,1780,14.7,3.359,3.922,0
朋友朋友,1778,16.1,4.56,5.107,0
结束了,1778,18.6,3.875,6.211,0
欢迎回家,1774,16.5,5.218,5.988,0
负能量,1772,7.1,4.054,4.458,1
哈哈哈哈这,1770,7.2,2.587,4.042,0
嘎嘎嘎,1768,8.5,5.385,5.749,0
镇店之宝,1767,11.2,3.026,5.219,1
哈哈哈h,1767,7.2,2.195,5.115,0
六六六六六六,1763,8.2,3.892,3.303,0
大伊万,1763,8.1,2.386,5.913,0
新年快乐新年快乐,1761,6.7,4.656,5.459,0
绝地科学家,1761,7.1,4.789,5.297,0
黑喂狗,1748,7.4,4.779,2.022,0
忍不住了,1745,6.2,3.71,5.96,0
弹幕弹幕,1739,11.3,3.911,4.477,0
了怎么,1730,5,6.283,5.475,0
不容易,1728,6.3,4.426,3.859,0
要坚强,1726,9.2,2.984,3.635,0
太难了,1726,6.5,2.185,5.648,0
战术后仰,1724,11.6,4.855,6.182,1
好活哈哈哈,1722,5.1,4.121,5.24,0
这什么,1719,7.9,5.476,3.674,0
什么意思,1716,10.1,3.021,5.418,0
许愿时光,1714,11.5,5.2,2.29,0
毫无ps,1711,14.8,5.546,3.046,1
进去直播间,1711,6,6.354,6.145,0
根本不倒,1706,10,3.252,5.284,0
卢本伟卢本伟,1705,7,4.375,3.548,0
开哥开哥,1698,5.3,3.53,4.021,0
这视频,1697,9,5.251,5.841,0
啊厉害,1694,8,3.853,2.771,0
太帅了,1691,5.6,4.813,4.467,0
超级加倍,1689,8.6,5.144,5.651,0
哈哈哈真的,1688,7.2,4.194,4.956,0
低调低调,1687,11.1,2.376,2.523,0
哈哈好,1685,7.2,4.57,5.126,0
好活儿,1683,5.1,3.879,5.188,0
英雄联盟,1680,12.3,5.144,4.943,1
毫无压力,1679,14.8,4.454,5.649,0
吴亦凡出来,1677,10.3,5.542,3.79,0
妮可妮,1677,7.5,3.531,4.893,0
二营长,1677,11,4.855,4.31,1
蓬松的,1676,17.4,3.716,2.3,0
押韵狂魔,1676,12.7,5.368,5.793,1
先生大才,1676,8,4.623,5.916,0
已介入,1674,10.8,4.439,3.852,0
哈哈哈就,1668,7.2,4.291,4.976,0
刘明好,1667,9,2.845,5.263,0
香蕉君,1667,6.1,5.637,4.306,1
鬼畜不倒,1665,10.6,3.719,3.928,0
还活着,1665,6.2,2.701,4.865,0
可怕的,1663,5.3,4.789,2.958,0
吸吸吸,1656,9.4,5.063,3.646,0
一天一遍,1651,5.5,5.345,6.186,1
全场最佳,1650,10.7,5.948,5.476,1
护眼弹幕,1647,11.4,3.38,4.291,0
为什么不,1642,9.8,5.434,5.356,0
知道了,1642,10.4,3.319,5.953,0
同志泪目,1642,13.7,2.268,5.265,0
蕉灼,1641,9.3,2.973,3.749,0
厉害哈哈哈哈,1641,13.4,4.555,2.866,0
哈哈哈这是,1640,7.2,2.772,2.845,0
泪目害怕,1636,7.5,3.742,6.089,0
素质三连,1634,17.6,5.273,4.834,1
助攻千万,1633,12.4,2.279,2.962,1
求BGM,1633,6.2,3.458,5.068,0
哈哈害怕,1633,7.2,3.705,5.921,0
玉音放送,1622,11.5,5.382,5.986,0
哈哈哈什么,1618,7.1,4.491,3.067,0
核能预警,1616,8.9,5.358,5.646,1
弹幕吗,1612,11.2,2.283,6.327,0
吼吼吼,1612,8.5,4.493,5.59,0
卢本伟我,1610,7,4.612,2.394,0
爸爸爸爸,1609,10.9,5.037,5.134,0
活着回来,1609,7.1,2.63,4.462,0
感动了,1607,9.2,3.122,5.14,0
必还愿,1602,5.7,2.478,3.718,0
的朋友,1599,7.2,3.671,5.102,0
卧槽这,1590,10.9,5.565,3.65,0
憨憨,1588,8.8,3.805,5.358,0
许愿铁马,1586,11.5,5.286,3.009,0
流弊流弊,1586,13.6,5.223,5.616,0
和哈哈哈哈,1579,5.5,4.706,3.574,0
弹幕的,1573,11.2,4.701,5.576,0
天皇遇刺,1573,9.1,5.397,6.143,0
原声大碟,1573,8.5,5.106,5.754,1
诈尸了,1570,15.2,4.612,6.274,0
张大仙,1570,5.9,4.448,4.474,1
土块lbwnblbwnb,1568,11.2,3.512,4.735,0
什么是,1568,10,4.856,5.029,0
哈哈啊哈,1568,7.1,3.104,2.1,0
哈哈哈卢本伟,1566,7.1,4.549,2.091,0
二倍新世界,1564,6,5.311,6.021,0
现在的,1563,7.1,5.523,5,0
哈哈哈欢迎,1562,7.1,4.833,4.43,0
要素溢出,1561,9.5,4.949,6.011,1
lbwnb开哥,1558,7.8,4.156,3.77,0
咕噜灵波,1557,10.6,4.461,4.354,0
身上纹,1554,6.9,3.287,3.091,0
抱走,1553,6.9,3.909,3.519,0
老师的,1553,7.8,3.989,6.226,0
好喜欢,1552,6.7,3.077,4.895,0
我什么,1551,5.9,4.066,3.355,0
哈哈哈哈卧槽,1548,7.1,2.497,5.367,0
拔刀吧,1545,10.6,2.717,6.079,0
厉害哈哈哈,1545,13.3,4.914,5.27,0
燃燃燃燃,1544,9.9,2.732,2.446,0
加入直播间,1543,8.1,4.959,6.28,1
一拳一个,1540,8.2,5.076,2.443,0
之呼吸,1539,7.5,4.632,5.596,0
哈哈哈给,1535,7.1,4.022,3.184,0
救命啊,1534,10.1,4.207,4.381,0
好诗,1533,5,2.502,2.149,0
最后一次,1532,6.2,4.31,4.65,0
哈哈哈每日,1532,7.1,4.713,2.702,0
准备捉妖,1526,14.9,3.302,2.484,0
打扰了,1523,13.3,3.97,5.894,0
xswl哈哈哈,1520,8.3,5.151,5.385,0
要素察觉,1509,9.5,5.34,5.52,0
卧槽无情,1506,10.8,4.963,6.059,0
品如的,1505,11.7,3.371,3.751,0
官方鬼畜,1504,12,5.538,5.012,1
原谅你,1503,15.7,3.316,2.533,0
每天一刷,1499,8.2,5.327,5.879,1
押韵鬼才,1496,12.6,5.301,6.135,1
早日康复加油,1494,8.3,2.934,2.985,0
哈哈哈牛批,1494,7.1,4.097,5.833,0
已经被,1493,9.4,3.524,3.687,0
灵魂哈哈哈哈,1488,12.5,3.322,2.19,0
和声,1484,6.1,4.032,5.122,1
食用更佳,1483,8,2.057,5.737,0
了律师函,1482,5.9,4.816,5.595,0
弹幕是,1482,11.1,4.1,4.973,0
才发现,1482,5.5,3.149,3.641,0
茄茄茄茄,1481,13.9,2.374,2.252,0
勉强能冲,1480,13.9,5.197,5.648,0
怎么说,1480,9,5.185,4.56,0
回来啦,1478,5.1,2.403,5.143,0
佩恩六道,1475,14.5,3.498,5.868,1
喜欢这个,1471,14.7,3.542,5.778,0
地对地导弹,1470,5.7,2.035,2.461,0
辛苦啦,1469,14,4.403,5.888,0
渣男,1467,6.5,3.792,4.884,1
暴露了,1467,14.4,4.327,5.173,0
bilibili乾杯,1462,6.7,4.9,5.577,1
糊穿地心,1461,6.8,3.122,5.297,0
类目泪目,1461,12.2,4.364,5.864,0
加油早日康复,1460,10.5,2.623,2.75,0
什么啊,1460,9.9,3.851,5.718,0
一如今日,1457,6.2,4.543,5.773,0
视频是,1456,18,3.912,4.916,0
雷霆嘎巴,1455,14.9,5.202,5.628,1
嗷嗷嗷,1454,8.3,4.328,3.621,0
哈哈哈开幕,1452,7,4.11,2.587,0
到底是,1450,9.3,4.563,3.44,0
直呼内行,1449,11.4,4.209,5.463,0
老八真男人,1448,7.5,2.683,5.309,1
哈哈哈哈红红火火,1446,7,2.58,2.497,0
奥观海,1446,12,3.772,4.558,0
人类的,1446,8.1,5.472,3.113,0
李白李白,1444,7,3.423,2.919,0
永世长存你,1443,11.3,2.275,2.499,0
无中生友,1442,6.3,4.65,5.274,1
千万填词,1441,9.5,4.894,6.011,0
哦豁,1438,7.2,4.589,3.637,0
啊兄弟,1435,5.1,4.988,3.594,0
人民共和国万岁,1432,8.5,2.38,5.413,0
单身狗,1430,11.6,3.155,4.181,1
童年啊,1430,11.8,2.465,5.942,0
逐渐上头,1430,18.9,4.833,5.556,0
刘明厉害,1429,8.8,2.948,2.505,0
捂耳朵,1429,10.5,4.668,2.842,0
下面的,1429,7.8,5.855,5.002,0
呀哈哈哈哈,1429,5.7,4.935,2.553,0
卢本伟流弊,1426,6.9,4.446,5.332,0
哈哈哈猝不及防,1424,7,4.065,5.815,0
成功了,1423,11,2.109,2.854,0
难受啊,1422,9.6,4.812,5.55,0
true黑体,1419,12,4.28,4.49,0
老女人,1419,6.5,5.067,4.877,1
最为致命,1418,5.2,4.517,5.897,0
了武汉,1417,5.7,3.717,3.007,0
幻幻幻幻,1417,10.9,2.845,2.807,0
开始正片,1414,11.1,2.585,3.085,0
W助攻,1413,10.1,4.84,4.591,0
天皇驾到,1413,9,5.491,5.958,0
反击风暴,1410,12.1,4.712,5.937,0
了猝不及防,1406,6.5,5.376,5.959,0
催更,1406,8.2,4.042,4.493,0
前面那个,1402,7.6,5.686,5.397,0
卢本伟是,1399,6.8,3.991,3.002,0
哈哈这,1399,7,4.25,3.913,0
哈哈哈真,1398,7,4.54,4.011,0
正常的,1395,9.1,3.039,3.068,0
莫名的,1394,8,5.804,4.737,0
创造奇迹,1391,14.4,3.164,5.257,1
什么我,1391,9.9,3.752,5.234,0
的什么,1391,5.8,5.44,5.192,0
泪目好,1389,7.3,3.307,5.137,0
辣眼睛,1387,9.6,4.247,5.036,1
他曾,1386,5.2,4.251,3.114,0
怎么没,1386,9,5.311,2.74,0
中国人民共和国,1384,8.1,4.559,2.171,0
芜湖起飞,1384,14.1,5.052,5.92,1
金色传说,1383,8,3.525,6.239,1
殿下参见,1382,10.1,2.366,2.419,1
祖国万岁,1378,10.7,4.627,5.537,0
你觉得,1378,5.6,3.618,2.338,0
中国速度,1377,8.1,4.83,5.644,1
死亡老家,1376,7,4.177,4.658,0
爽爽爽爽爽爽,1374,7.7,3.334,2.248,0
哈哈哈噗,1374,7,3.463,3.493,0
可怜的,1373,12.1,5.34,6.01,0
必属精品,1371,11,2.807,6.266,1
哈哈哈好听,1371,7,4.414,5.348,0
哈哈哈可以,1370,7,4.581,4.764,0
当然是,1369,10.6,5.218,5.429,0
全明星阵容,1367,9.4,4.033,5.689,1
年级前,1367,7.7,2.651,4.373,0
哇哇哇,1365,5.2,4.997,5.475,0
吹满地,1364,9.1,2.688,5.404,1
上瘾了,1363,9.6,4.655,6.081,0
洛天依,1362,7.8,2.032,2.78,0
怎么又,1362,8.9,3.886,4.163,0
亿万调音,1361,6.6,5.069,6.136,1
lbwnblbwnb泪目,1361,7.7,4.608,4.63,0
反驳反驳,1359,14.7,2.809,3.43,0
大意了,1358,7.1,2.035,2.109,0
哈哈哈闹太套,1349,7,3.575,2.746,0
已投币,1348,5.6,4.939,6.312,1
一定会,1348,6.5,3.037,3.32,0
lbwnblbwnb土块,1345,7.7,3.779,3.856,0
哈哈哈好好,1339,7,3.678,2.983,0
物理课代表,1338,13.6,5.01,3.86,1
SimHei我,1338,10,3.678,3.14,0
现在是,1337,7,5.199,5.669,0
参见鸡王,1336,6.8,4.26,4.804,0
万世荣光,1335,8.5,4.458,3.403,0
下手了,1335,6.9,4.745,5.724,0
鱼儿出水,1333,9.1,3.314,5.68,0
闪电鞭,1331,9.9,3.207,4.106,1
灵魂哈哈哈,1329,12.4,3.492,5.281,0
哈哈哈个,1328,7,4.174,5.093,0
哈哈哈哈lbwnb,1328,7,2.164,5.189,0
承包空屏,1327,11.1,5.448,5.962,1
爷青回,1325,10.1,2.713,5.131,1
哈哈哈哈哈哈哈哈哈,2469389,11.4,5.867,6.668,0
一卷一卷一卷,607687,21,4.171,3.846,0
糊糊糊糊糊糊,477487,21.6,3.414,2.631,0
自由自由自由,356509,22,5.454,5.841,0
哈哈哈哈哈哈哈哈哈哈,286468,21.5,5.866,5.865,0
乌拉乌拉乌拉,233069,21.2,5.573,6.182,0
欧拉欧拉欧拉,193500,21,4.472,4.048,0
飞飞飞飞飞飞,152594,12.7,4.244,4.893,0
护眼护眼护眼,145398,22.8,3.574,3.601,0
真香真香真香,118165,12.7,5.208,5.687,0
开炮开炮开炮,115240,20,5.775,4.739,0
嘟嘟嘟嘟嘟嘟,88444,20.9,3.167,2.834,0
嘿嘿嘿嘿嘿嘿,84372,14.1,5.485,6.201,0
害怕害怕害怕,83188,19.8,5.263,5.804,0
卧槽卧槽卧槽,81515,21.9,3.685,3.695,0
刘明火钳刘明,74388,20.3,4.356,6.581,0
草草草草草草,70212,18.7,3.022,2.543,0
鸡鸡鸡鸡鸡鸡,62197,18,2.889,2.546,0
坚强坚强坚强,57996,19.8,4.626,5.264,0
专业专业专业,51421,23.7,4.398,5.355,0
彳亍彳亍彳亍,39759,21.1,4.598,5.02,0
好开心好开心好开心,39309,16.3,3.44,2.749,0
再来亿遍,34779,6.5,5.533,5.115,1
俺也一样,29424,7.8,4.44,2.055,0
鸡你太美,26734,6.5,5.057,5.507,1
前方高能前方,25888,18.4,5.074,3.801,0
高能前方高能,25528,17.5,2.475,5.306,0
加油武汉加油,24211,19.8,3.976,6.136,0
个弹幕个,23800,5.8,3.994,3.484,0
再来一遍,23268,6.5,5.43,6.005,1
好好好好好好,22519,15.7,3.548,2.68,0
吸吸吸吸吸吸,21248,20.1,3.599,2.36,0
死死死死死死,19202,16.1,3.35,2.572,0
玩家前来助阵,17840,18.1,5.55,5.965,0
起立全体起立,17688,18.7,2.75,4.376,0
哦哦哦哦哦哦哦哦哦,17397,17.1,2.7,2.109,0
把我灌醉,17146,6.5,3.191,4.226,1
万岁中华人民共和国万岁,17051,17.8,4.286,6.079,0
白嫖失败,17043,7.7,3.411,5.695,1
反弹永久反弹,16908,19.8,3.556,4.374,0
啪啪啪啪啪啪,16898,19.9,3.669,2.953,0
泪目泪目泪目,16215,6.9,2.573,2.9,0
多多多多多多,15819,17.3,2.002,2.051,0
冲冲冲冲冲冲,15694,18.2,3.036,2.594,0
哈哈哈火钳刘明,14926,18.6,5.061,6.336,0
咕咕咕咕咕咕,14869,21.2,2.983,2.054,0
中华人民共和国万岁中华人民共和国,14795,17.9,5.175,3.185,0
花花花花花花,14485,18.9,2.552,2.361,0
反弹反弹反弹,14457,19.6,4.894,5.319,0
加油加油加油,13666,19.3,4.446,4.814,0
进入了直播间,13076,19,7.022,6.614,0
呵呵呵呵呵呵,12861,18.8,2.997,2.5,0
吉格吉格吉格,12513,21.2,3.254,2.53,0
消除消除消除,11752,21.8,4.211,3.981,0
时代前来考古,11632,19.1,2.33,6.222,0
火钳刘明哈哈哈哈,11588,18.3,5.558,2.639,0
嘎嘎嘎嘎嘎嘎,11397,18.9,3.611,2.754,0
喜欢的事情,11166,19.7,2.905,3.169,0
土块土块土块,11019,20.2,4.222,4.079,0
香香香香香香,10966,16.7,2.841,2.068,0
掰掰掰掰掰掰,10813,19.6,3.497,2.847,0
进入直播间泪目,10746,18.8,6.101,6.063,0
火钳刘明哈哈哈,10667,18.2,5.674,6.217,0
前方高能预警,10395,17.5,5.88,6.284,0
烤烤烤烤烤烤,10279,15.3,3.673,2.487,0
不敢当不敢当不敢当,10160,15.1,5.196,5.757,0
弹幕护体弹幕,9827,17.6,4.815,2.552,0
借你吉言,9688,7.7,4.219,5.168,1
nb卢本伟nb,9536,16,3.624,4.789,0
哈哈哈红红火火恍恍惚惚,9369,18.1,5.44,6.252,0
红红火火恍恍惚惚哈哈哈哈,9082,17.9,3.993,4.515,0
加油中国加油,8835,18.8,2.022,5.79,0
拜拜拜拜拜拜,8786,19.9,3.533,3.203,0
爹爹爹爹爹爹,8357,19,2.694,2.123,0
飞过来飞过来飞过来,8150,14.7,3.452,2.12,0
嗷嗷嗷嗷嗷嗷,8143,18.6,2.92,2.264,0
哈哈哈啊哈哈哈哈,7988,18,2.602,3.504,0
反弹全部反弹,7904,19,4.542,5.033,0
天才生来孤独,7795,17.6,3.415,3.224,0
口区口区口区,7770,13.9,3.119,5.019,0
明白明白明白,7712,16.8,4.9,5.595,0
面筋面筋面筋,7689,18,4.125,4.729,0
哈哈哈哈哈哈泪目,7554,17.9,4.058,6.226,0
我们不一样,7523,12.8,5.742,5.305,0
哈哈哈啊哈哈哈,7421,17.9,2.289,3.921,0
许愿能天使,7363,16.6,5.391,5.277,0
消失的呢,7211,6.9,2.727,2.828,0
龙卷风摧毁停车场,6943,19.1,5.537,6.158,1
哈哈哈哈哈哈害怕,6795,17.3,3.815,5.529,0
刘明哈哈哈哈哈哈,6082,17.7,3.404,5.845,0
咚咚咚咚咚咚,6023,19.5,3.468,2.625,0
哈哈哈下次一定,5923,17.7,3.549,5.799,0
红红火火恍恍惚惚哈哈哈,5675,17.4,4.114,5.664,0
灌醉灌醉灌醉,5673,19,4.127,4.621,0
辛苦了泪目,5614,19.1,3.003,2.011,0
卡路里卡路里卡路里,5602,16.9,2.381,2.174,0
全体起立lbwnb,5581,16.7,3.557,3.795,0
危危危危危危,5323,12.1,2.825,2.863,0
回来欢迎回来,5307,14.3,2.922,6.092,0
保护保护保护,5255,18.5,4.407,4.962,0
貂蝉貂蝉貂蝉,5191,22.2,3.836,3.935,0
哈哈哈再来亿遍,5139,17.5,3.841,5.448,0
一号卢本伟准备就绪,5129,16.2,2.496,5.435,0
哈哈哈哈哈哈红红火火,5129,17.5,4.412,2.134,0
刘明哈哈哈哈哈哈哈,5121,17.5,2.492,5.763,0
伞兵一号卢本伟,5116,20.1,4.923,3.978,0
高级弹幕合影,5088,17.8,5.75,6.355,0
可带劲啦,5073,5.2,2.841,3.063,0
哈哈哈牛逼,5045,5.7,3.882,3.523,0
发发发发发发,5040,11.4,3.338,4.361,0
lbwnb全体起立,4994,18.3,3.456,3.331,0
搞比利搞,4975,8.2,3.412,2.55,0
进入直播间感谢,4964,18.1,5.961,4.696,0
您的好友,4871,7.2,5.662,5.838,0
离谱离谱离谱,4790,19.4,3.949,4.954,0
华盛顿进入直播间,4740,19.7,4.459,5.564,0
永久反弹反弹,4700,18.5,3.28,3.886,0
也不一定,4653,6.1,2.641,5.439,0
哈哈哈哈哈哈卧槽,4623,17.4,4.135,5.226,0
文体两开花,4616,12.4,5.503,5.992,0
盘盘盘盘盘盘,4586,16.4,2.077,2.242,0
下次也不,4501,5.8,4.627,2.611,0
一个在狂笑,4472,14.4,2.028,5.772,0
呜呜呜呜呜呜,4455,18.2,3.438,2.202,0
全体上刺刀,4428,17.9,4.9,3.516,0
镇站之宝,4352,9,3.24,5.55,1
狗熊蹭树,4344,9.4,2.854,4.846,0
总有一天我会飞黄腾达,4261,18,5.186,5.948,0
辛苦了泪,4215,5.4,2.511,2.355,0
牛逼哈哈哈哈,4195,5.8,3.667,2.236,0
秦王扫六合,4179,17.1,3.586,5.349,1
泪目火钳刘明,4154,16.1,4.358,5.898,0
真实真实真实,4138,15.6,4.162,4.782,0
火钳刘明泪目,4133,10.9,5.355,5.12,0
泪目建国同志,4103,16.1,2.405,3.84,0
钉钉时代,4074,8,4.356,2.362,0
可爱可爱可爱,4069,15.4,3.017,3.645,0
牛逼哈哈哈,4046,5.8,3.482,5.418,0
林肯进入直播间,4012,19.5,4.066,5.591,0
注入灵魂注入,4001,17.5,5.267,2.931,0
哈哈哈哈哈哈再来,3989,14,2.438,3.09,0
恍恍惚惚哈哈哈哈哈哈,3952,17.3,3.841,5.644,0
前方核能前方,3929,16.5,5.149,3.19,0
灵魂注入灵魂,3915,19.3,3.855,5.945,0
哈哈哈哈火钳刘明,3854,17.2,2.661,6.164,0
仙人指路仙人指路仙人指路,3839,17.3,3.733,4.271,0
下次一定哈哈哈,3837,16.6,4.402,4.911,0
害怕哈哈哈哈哈哈,3834,17.2,4.153,4.446,0
剑锋所指所向披靡,3805,17.1,4.601,2.813,0
泪目哈哈哈哈哈哈,3701,16,3.826,5.418,0
核能前方核能,3642,15.5,2.362,5.257,0
加油奥利给,3615,5.6,2.634,5.53,0
参见公主殿下,3585,16.6,5.298,6.366,0
恐龙妈妈提笔忘字,3554,17,4.762,4.872,0
恍恍惚惚哈哈哈哈哈哈哈,3529,17.1,2.807,5.374,0
红红火火恍恍惚惚红红火火,3511,16.9,4.644,2.394,0
罪不至此,3511,9.3,3.159,3.979,1
奥巴马进入直播间,3470,18,4.239,5.249,0
好听好听好听,3447,13.8,5.045,5.603,0
全部反弹反弹,3432,17.8,4.404,4.909,0
都是怪物,3406,6.2,2.812,6.224,0
从现在开始,3352,8.4,4.163,2.856,0
哈哈哈哈哈哈这个,3324,14.6,4.209,6.009,0
害怕哈哈哈哈哈哈哈,3300,17.1,4.28,4.646,0
妖魔鬼怪快离开,3266,15.3,4.392,5.335,0
哈哈哈前方高能,3242,15.4,4.378,6.117,0
正道的光,3242,9,3.397,4.644,1
一周年一周年一周年,3225,15.8,2.572,2.322,0
国士无双国士无双国士无双,3213,18.4,3.719,4.082,0
会会会会会会会会会,3180,15.6,2.921,2.975,0
欢迎欢迎欢迎,3172,21.5,4.933,4.763,0
全部反弹全部,3163,17.7,4.638,2.683,0
哈哈哈要素过多,3133,15.7,4.07,5.464,0
反弹反弹全部,3122,18.5,4.345,2.44,0
让我心碎,3117,7.3,3.338,3.071,0
泪目哈哈哈哈哈哈哈,3100,15.8,3.683,5.244,0
再来一次,3060,6.5,5.029,4.316,0
借您吉言,3044,7.6,2.821,4.615,1
嘻嘻嘻嘻嘻嘻,3032,19.1,3.313,2.097,0
哈哈哈哈哈哈前方,3031,17,4.177,4.451,0
文艺复兴文艺复兴文艺复兴,3021,19.5,4.067,4.906,0
哈哈哈害怕害怕,2997,16.4,2.499,4.928,0
要定了这个,2984,14.5,6.694,2.29,0
哈哈哈哈哈哈lbwnb,2942,16,3.616,4.693,0
过多要素过多,2880,15.6,2.322,5.46,0
坐飞机乌鸦坐飞机,2872,18.4,2.236,5.425,0
晦气晦气晦气,2868,17.8,3.309,3.661,0
乌鸦坐飞机乌鸦,2867,19.2,4.926,2.42,0
泪目百万填词,2851,15.7,2.931,5.321,0
不至于不至于不至于,2848,13.8,2.876,4.041,0
中国中国中国,2842,16.2,2.264,2.79,0
百万填词泪目,2822,18.4,3.738,5.341,0
籽岷挖矿,2821,9.2,2.852,2.477,0
还挺好听,2808,6.1,5.209,2.518,0
牛逼lbwnb,2776,5.9,2.722,4.363,0
骑兵连进攻,2765,18.6,5.258,5.872,0
真正的石灰,2704,15.2,2.158,4.546,0
每天一遍防止,2701,18.4,4.871,2.559,0
哈哈火钳刘明,2645,16.9,4.63,6.054,0
爱爱爱爱爱,2638,6.3,3.984,4.299,0
不讲武德,2627,5.8,3.158,3.579,0
哔哩哔哩干杯,2624,18.4,4.532,5.734,0
诸葛琴魔,2605,9.1,4.369,4.734,1
哈哈哈哈哈哈上头,2601,16.7,3.721,2.591,0
哇哇哇哇哇哇,2600,16,3.069,2.192,0
一路走好,2597,5.6,3.287,5.408,0
哈哈哈泪目泪目,2594,11,2.966,5.451,0
留名火钳刘明,2581,18.6,2.88,5.738,0
自由的男人,2573,14.3,2.437,5.831,0
高能预警前方,2562,17.1,3.72,2.669,0
我梦到那粒绿豆,2559,11.7,2.154,4.883,0
斯大林进入直播间,2556,18.1,4.313,5.54,0
一一一一一一,2530,15.5,3.279,2.503,0
火钳刘明要素,2528,16.8,5.242,2.567,0
哈哈哈哈啊哈哈哈哈,2517,16.8,2.288,2.821,0
要素过多哈哈哈哈,2493,14.6,4.949,2.484,0
B站方文山,2480,7.4,4.904,5.42,0
阿里阿里阿里,2470,15,4.314,4.081,0
波澜波澜波澜,2467,18.2,4.977,4.789,0
罗斯福进入直播间,2456,18.4,3.952,5.33,0
妈妈妈妈妈妈,2439,16.7,3.338,3.204,0
哈哈哈哈哈哈xswl,2421,16.8,3.778,5.622,0
高能高能高能,2414,15.1,4.386,4.804,0
嘟嘟嘟嘟嘟,2410,5.8,3.778,3.538,0
哈哈哈啊哈哈,2389,8.7,2.541,3.571,0
上香上香,2373,5.4,4.61,4.835,0
初音初音初音,2368,18.2,3.936,3.567,0
卧槽牛逼,2326,5.8,4.656,3.565,0
哈哈哈哈哈哈好活,2322,16.7,3.148,4.747,0
出必还愿许愿,2319,15.4,5.397,3.006,0
汪汪汪汪汪汪,2310,19.5,3.795,2.703,0
哈哈哈哈哈哈人才,2292,15.3,4.588,3.555,0
都是人才,2286,5.9,4.113,5.418,0
漫长的两分钟,2281,19,5.338,6.177,0
要素过多哈哈哈,2276,14.5,5.192,5.39,0
皮皮皮皮皮皮,2264,17.5,2.945,2.099,0
面筋烤一下,2264,16.1,4.218,4.284,0
吴亦凡进来挨打,2257,15,5.551,6.076,0
开哥回来吧,2252,6.2,3.625,4.045,0
笑死哈哈哈哈,2234,5.8,4.363,2.264,0
说的对,2226,5.6,4.285,4.964,0
退出了直播间,2223,18,2.877,6.069,0
针不戳,2223,9.6,4.323,5.271,1
刘明再来,2221,5.6,3.022,2.885,0
进入直播间华盛顿,2213,17.3,4.291,2.461,0
绿绿绿绿绿绿,2207,16.4,3.075,2.698,0
再来亿遍哈哈哈哈,2197,14.2,4.406,2.272,0
卧槽哈哈哈哈哈哈,2192,16.7,4.87,5.044,0
叽叽叽叽叽叽,2164,20.4,3.825,3.952,0
辛苦了建国,2163,18.4,2.905,3.214,0
秦始皇进入直播间,2152,18.9,3.863,4.975,0
哈哈啊哈哈哈,2125,16.6,2.511,4.164,0
喜喜喜喜喜喜,2119,16.2,2.611,2.876,0
火钳刘明百万,2109,13.5,5.079,3.325,0
b站方文山,2105,7.2,4.813,5.731,0
刘明要素过多,2100,15.3,2.585,5.656,0
过多火钳刘明,2088,15.5,2.197,5.857,0
呵呵哈哈哈哈哈哈哈,2081,16.6,3.111,5.327,0
泪目再来,2080,5.6,3.271,2.6,0
哔哩哔哩乾杯,2070,18.2,4.487,5.428,0
全体起立lbwnblbwnb,2068,15.7,2.883,3.409,0
保重啊丞相,2066,17.5,2.597,3.57,0
笑死哈哈哈,2058,5.8,4.486,5.032,0
填词百万填词,2036,17.5,3.113,5.361,0
莫挨老子,2027,10.1,4.093,3.261,0
厉害厉害厉害,2024,17.9,4.941,5.223,0
大仙大仙大仙,2020,14.7,2.68,3.452,0
呀呀呀呀呀呀,2016,15.2,3.346,2.479,0
许愿清泉流响,2005,18.6,5.329,5.633,0
哈哈哈哈哈哈魔鬼,2003,16.1,3.812,4.65,0
哈哈啊哈哈哈哈,2000,16.6,2.507,3.731,0
晚安我在,1992,5.9,2.497,4.918,0
教主参见教主,1990,15.8,3.866,4.232,0
害怕害怕哈哈哈,1986,16.6,3.404,3.705,0
番茄大灌篮,1974,18.5,3.218,3.777,0
干的漂亮,1967,7.7,4.635,5.106,0
鬼畜让我们,1963,15.3,4.965,2.522,0
进入直播间奥巴马,1961,15.6,4.901,2.883,0
上头上头,1958,6.2,3.603,3.201,0
退散厄运退散,1957,17.9,2.664,5.305,0
漫长的三分钟,1950,18.8,5.414,6.112,0
哈哈哈哈哈哈彳亍,1950,16.5,2.605,4.996,0
前方高能哈哈哈哈,1943,15.8,4.944,2.401,0
淡黄的长裙,1927,20.6,4.087,3.552,0
lbwnblbwnb全体起立,1925,17.4,3.061,2.625,0
自由的气息,1924,17.5,4.513,5.767,0
么么哒,1922,6.8,4.427,5.394,1
闹太套下次一定,1921,15.4,5.098,3.332,0
哈哈哈哈哈哈厉害,1917,16.5,3.997,2.351,0
泪目全体起立,1907,15.3,2.983,4.785,0
普京进入直播间,1900,18.7,4.562,4.871,0
起飞起飞起飞,1896,16.5,2.286,2.699,0
放我出去,1872,9,3.361,5.124,0
还不行吗,1863,5.9,3.531,6.162,0
一给我里,1861,8.1,5.234,3.203,0
哔哩哔哩哔哩,1861,18.1,3.979,3.24,0
万岁中国万岁,1857,15.5,2.967,4.699,0
刘明牛逼,1842,5.7,3.309,4.162,0
卧槽哈哈哈哈哈哈哈,1832,16.5,4.322,5.132,0
全体起立泪目,1830,17.2,3.832,4.818,0
进入直播间林肯,1821,17.1,4.612,2.232,0
下次一定祖传,1811,15.9,3.471,2.118,0
刘明哈哈哈哈哈,1807,7.1,2.585,5.897,0
呵呵红红火火恍恍惚惚,1786,16.9,5.631,5.406,0
爷爷奶奶永不为奴,1785,16.5,4.307,4.772,0
无悔入华夏,1784,15.8,2.236,2.507,0
牛壁卢本伟牛壁,1780,13.4,2.252,3.443,0
许愿氤氲之息,1758,20.5,5.237,5.115,0
成功暂停成功,1753,17.1,2.236,6.009,0
火钳刘明真香,1752,14.9,5.361,5.128,0
奥奥奥奥奥奥奥奥奥,1752,17.3,2.729,2.642,0
up主人才,1752,7.5,5.43,4.149,0
哈哈哈哈哈哈每天,1751,16.1,3.394,3.586,0
哈哈哈还好还好,1747,13.1,4.849,2.638,0
哈哈哈哈哈哈哈泪目,1742,16.4,4.191,5.556,0
来了老弟,1739,5.4,3.736,4.697,0
阿巴阿巴阿巴,1734,14.7,3.006,3.26,0
lbwnb哈哈哈哈哈哈,1724,16.4,3.962,3.893,0
哈哈哈律师函警告,1722,16.4,4.178,5.466,0
等你回来,1702,7.5,2.393,2.935,0
倒一杯卡布奇诺,1701,8.9,3.305,4.199,0
暂停成功暂停,1696,18,5.375,3.102,0
漫长的分钟,1693,18.7,5.085,6.084,0
保佑我期末,1692,16,3.254,3.461,0
超神超神超神,1685,12.6,4.455,5.225,0
封号斗罗封号,1674,14.1,3.997,2.375,0
哈哈哈哈哈哈离谱,1674,16.4,2.517,4.679,0
哈哈哈哈哈哈我要,1670,14.2,3.72,2.862,0
黄磊早期作品,1665,17,4.417,5.368,0
万物皆可,1660,7.2,4.859,4.437,0
律师函警告律师函,1638,18.2,5.166,3.819,0
警告律师函警告,1638,20.1,2.996,4.806,0
真香火钳刘明,1635,14.7,4.729,5.589,0
借大哥吉言,1634,7.7,4.304,4.194,0
毫无ps痕迹,1629,22.2,5.407,6.314,0
聊什么呢,1626,6.9,2.325,3.398,0
绿人者人恒绿之,1625,7.6,3.217,3.872,0
进入直播间哈哈哈,1612,16.4,4.568,4.306,0
过来啊害怕,1610,15.2,2.288,2.951,0
前方弹幕高能,1607,14.7,4.099,3.81,0
阿妹你看,1607,6.5,4.821,3.326,0
前方高能哈哈哈,1596,15.6,4.873,5.006,0
向音乐区,1592,7.1,4.108,2.354,0
已介入调查,1563,7.1,4.258,6.188,0
六六六六六六六六六,1549,16.8,3.681,2.719,0
哈哈哈哈哈哈哈害怕,1545,15.8,3.759,4.596,0
画质感人,1542,6.2,3.847,4.498,1
一脸懵逼,1541,5.8,4.423,5.452,1
巴拉巴拉干杯,1538,17.5,4.264,5.497,0
哈哈哈呵呵呵,1521,8.1,3.669,5.176,0
泪目泪目哈哈哈,1521,7.9,2.43,3.974,0
呵呵哈哈哈哈哈哈哈哈,1519,16.3,2.805,4.675,0
舒服舒服舒服,1517,17.5,3.686,4.184,0
中国牛逼,1517,5.9,3.07,4.44,0
哈哈哈奥利给,1513,5.6,3.711,5.401,0
启明星的指引,1510,20.5,3.908,5.173,0
离谱越来越离谱,1505,18.2,3.685,2.747,0
哈哈哈哈哈哈up,1499,16.3,3.921,3.001,0
哈哈哈嗝哈哈哈哈,1496,16.3,3.341,2.166,0
哈哈哈注入灵魂,1496,16.3,3.721,5.895,0
吴亦凡出来挨打,1488,14.6,5.442,5.994,0
哲学哲学哲学,1486,16.8,3.463,3.419,0
拜托了许愿,1482,16.6,5.876,5.681,0
填词火钳刘明,1478,18,3.433,5.551,0
笑不出来,1476,5.3,2.615,3.684,0
再来亿次,1475,6.5,4.376,5.431,1
刘明上香,1468,6.9,2.654,4.941,0
奥利给泪目,1464,17.1,2.299,4.037,0
该死的甜美,1452,16.2,2.139,5.338,0
离谱哈哈哈哈哈哈,1448,16.3,3.014,4.092,0
哈哈哈哈哈泪目,1447,8.3,4.163,5.55,0
哈哈哈哈哈哈弹幕,1446,16.3,3.588,3.574,0
牛逼卧槽,1445,5.8,2.778,4.322,0
灵魂火钳刘明,1442,18,3.51,5.762,0
我愿称之为绝活,1435,11.2,2.236,5.124,0
壮哉我大,1426,6.6,5.607,2.284,0
反弹超级反弹,1425,17.3,4.102,4.564,0
lbwnb哈哈哈哈哈哈哈,1417,16.2,3.668,3.731,0
进入直播间特朗普,1413,16.8,4.42,3.44,0
这不是演习,1399,5.7,3.398,4.76,0
真的牛逼,1399,5.6,3.365,4.897,0
猝不及防猝不及防猝不及防,1395,17.5,4.894,5.127,0
火钳刘明厉害,1395,16.1,4.939,2.48,0
哈哈哈嗝哈哈哈,1395,16.2,2.515,2.567,0
快去请,1393,7.4,4.669,3.529,0
泪目奥利给,1391,5.6,2.07,4.784,0
下次丕定,1386,9.6,3.42,4.305,1
哈哈哈白嫖,1375,7.8,3.244,3.37,0
填词泪目泪目,1372,10.7,2.297,4.647,0
正片开始正片,1370,14.8,4.201,2.252,0
哈哈哈哈哈哈律师函,1363,16.2,4.301,4.719,0
火钳刘明害怕,1363,13.1,4.209,5.389,0
套你猴子,1355,9.2,2.073,3.473,0
哈哈哈哈红红火火恍恍惚惚,1352,16.2,2.31,5.244,0
泪目下次一定,1350,15,2.956,5.173,0
魔鬼魔鬼魔鬼,1345,15.7,4.796,4.451,0
下次一定泪目,1342,15.6,3.561,5.093,0
哈哈哈呵呵呵呵,1339,16.2,3.027,3,0
中国人民共和国万岁,1337,15.5,4.464,5.282,0
哈哈哈全体起立,1336,16.2,2.708,4.678,0
李白李白李白,1330,15.1,3.482,2.931,0
律师函警告哈哈哈哈,1329,16.2,5.056,2.598,0
哈哈哈呵呵哈哈哈,1324,16.2,3.648,5.119,0
奥利给加油,1321,17,2.093,3.986,0
上头了哈哈哈哈,1321,13.6,2.797,2.019,0
出品必属精品,1317,14.8,2.696,6.061,0
填词牛逼,1316,5.8,4.284,3.951,0
送出一个,1312,7.8,2.966,3.363,0
哈哈哈开幕雷击,1312,16.2,3.506,5.368,0
哈哈哈哈哈哈百万,1311,15.2,3.622,2.727,0
哈哈红红火火恍恍惚惚,1309,16.2,4.645,5.516,0
哈哈哈好哈哈哈,1309,16.2,2.873,4.006,0
真是个人才,1308,12.2,3.019,5.702,0
下次一定彳亍,1299,15.6,2.875,3.695,0
哈哈哈哈牛逼,1296,5.7,2.368,3.534,0
哈哈哈每天一遍,1294,16.1,2.751,5.105,0
无意冒犯厄运,1291,16.1,4.445,2.404,0
牛逼泪目,1282,5.8,3.372,4.302,0
坤坤对不起,1280,8,2.903,2.327,0
泪目哈哈哈哈哈,1277,7.2,3.508,5.311,0
他也曾,1274,6.2,3.708,2.497,0
听说有个叫,1273,7.5,5.548,3.158,0
哈哈啊哈哈,1272,8.8,2.353,3.981,0
人才火钳刘明,1268,13.6,4.254,5.838,0
火钳刘明下次,1268,16.1,4.084,2.199,0
高能哈哈哈哈哈哈,1267,16.1,3.581,4.675,0
不要不要不要,1260,13,2.875,3.723,0
火钳刘明人才,1259,14.7,5.257,3.455,0
赫鲁晓夫进入直播间,1257,18.3,4.07,4.799,0
好听火钳刘明,1239,12.8,5.001,6.014,0
火钳刘明这个,1239,13.6,4.878,5.467,0
哈哈哈毫无违和感,1239,16.1,3.799,5.537,0
再看亿遍,1235,6.2,4.36,5.239,0
离谱哈哈哈哈哈哈哈,1231,16.1,3.105,3.847,0
律师函警告哈哈哈,1230,16.1,4.84,4.89,0
害怕哈哈哈哈哈,1228,7.2,3.717,4.391,0
毫无PS痕迹,1227,21.9,5.033,6.078,0
退出这个舞台,1224,17.5,5.099,5.847,0
般配般配般配,1221,17,4.438,4.976,0
爽爽爽爽爽爽爽爽爽,1220,16.5,2.933,2.09,0
爸爸爸爸爸爸,1220,18,4.323,4.277,0
卢本伟卢本伟卢本伟,1216,15.4,3.09,3.12,0
哈哈哈哈哈哈nb,1213,15.2,3.687,5.245,0
改革春风吹,1212,8.8,5.456,2.354,1
牛批牛批牛批,1212,11.1,2.948,4.589,0
吹的曲子,1208,7.8,2.236,5.609,0
彳亍下次一定,1205,16.9,3.308,4.264,0
害怕火钳刘明,1194,17.3,4.213,4.684,0
优秀优秀优秀,1190,15.6,3.032,4.304,0
哈哈哈祖传开头,1190,15.9,2.53,4.356,0
上头了哈哈哈,1174,13.5,3.129,4.293,0
特朗普进入直播间,1166,16.9,4.659,4.827,0
拉普兰德天下第一,1162,11.2,4.421,4.265,0
弹幕牛逼,1162,5.8,3.593,4.198,0
清泉流响许愿,1158,15.6,3.426,3.912,0
春风吹满地,1157,14.5,2.322,5.67,0
火钳刘明lbwnb,1156,15.1,3.724,4.242,0
火钳刘明up,1155,16.1,5.397,2.687,0
哈哈哈哈哈哈还好,1155,12.7,3.686,2.628,0
高能哈哈哈哈哈哈哈,1151,16,3.806,4.076,0
合影合影合影,1149,18.2,4.578,5.471,0
哈哈哈哈哈害怕,1145,8.2,3.956,4.348,0
韩信带净化,1139,16.7,3.66,4.37,0
吸吸吸吸吸,1136,7,4.023,3.488,0
注入灵魂哈哈哈哈,1134,16,4.889,2.003,0
品如的衣服,1131,17.2,2.147,4.703,0
措不及防,1128,10,3.245,3.548,0
警告哈哈哈哈哈哈,1117,16,4.867,4.848,0
朋友朋友朋友,1110,19.8,3.988,4.434,0
在狂笑泪目,1110,5.9,2.116,4.542,0
人才哈哈哈哈哈哈,1110,13.5,3.804,5.002,0
哈哈哈哈哈哈真的,1104,10.9,4.076,4.711,0
哈哈哈哈哈哈这是,1104,11.8,2.408,2.156,0
哈哈哈好可爱,1101,14.1,3.546,3.265,0
bgm是什么,1099,15,4.957,5.071,0
哈哈哈百万填词,1098,16,3.239,4.959,0
哈哈哈哈哈哈什么,1097,15,3.694,2.612,0
呵呵呵呵呵,1096,6.6,4.245,3.944,0
消费过世主播,1089,19.2,4.378,4.23,0
回来吧开哥,1086,14.7,3.316,3.112,0
BGM是什么,1086,15,5.168,5.341,0
毫无违和感哈哈哈哈,1085,16,4.643,2.115,0
逐云灭龙为狩猎,1084,20.5,2.322,3.278,0
许愿万世荣光,1082,16.4,5.205,3.085,0
氤氲之息许愿,1082,16.2,3.664,3.266,0
希拉里进入直播间,1078,18.2,3.755,4.797,0
保佑我考上,1077,8.3,3.281,3.976,0
反驳反驳反驳,1073,17.4,3.011,3.026,0
进入直播间罗斯福,1071,16.5,3.996,2.257,0
火钳刘明前方,1070,13.4,5.268,3.546,0
上头哈哈哈哈哈哈,1062,13.4,3.557,4.356,0
泪目武汉加油,1061,14.7,2.612,3.742,0
停车场反杀龙卷风,1060,17.5,4.609,5.176,0
多人运动,1058,7.6,4.324,3.708,0
刘明火前,1057,7.5,2.261,2.063,0
哦哦哦哦哦,1057,6.4,4.18,4.8,0
哈哈哈哈哈哈欢迎,1055,15.9,3.814,3.278,0
火钳刘明哈哈,1050,11.8,4.838,5.34,0
乖乖站好,1047,5.6,3.189,5.055,0
哈哈哈欢迎回来,1047,12.7,4.223,5.223,0
真香警告真香,1046,14.3,4.294,4.857,0
流弊流弊流弊,1045,17.8,3.748,3.998,0
一天不看心,1045,5.2,3.94,2.193,0
牛壁牛壁牛壁,1039,11.3,3.108,4.163,0
火钳刘明魔鬼,1037,15.4,5.244,4.903,0
全体起立lbwnblbwnblbwnb,1035,15,2.583,3.517,0
人类的本质,1034,13.4,5.219,2.121,0
lbwnb火钳刘明,1030,17.6,3.914,3.895,0
鬼畜不倒鬼畜,1028,15.4,3.933,3.182,0
奥利给哈哈哈哈,1025,15.9,3.327,2.206,0
章口就莱,1023,9.8,5.252,4.93,1
哈哈哈哈哈哈哈卧槽,1019,15.9,4.292,4.574,0
植物大战僵尸,1017,19.3,4.372,4.504,0
彳亍哈哈哈哈哈哈,1009,15.9,3.701,3.715,0
人才人才人才,999,13.3,4.231,4.668,0
毫无违和感哈哈哈,996,15.9,4.75,4.533,0
哈哈哈哈哈哈每日,996,15.9,3.103,2.683,0
火火火火火火,994,12,3.308,2.5,0
丞相保重丞相,994,18.5,3.523,3.425,0
厉害火钳刘明,992,17.6,4.804,5.435,0
魔鬼哈哈哈哈哈哈,990,15.9,4.608,5.046,0
魔鬼火钳刘明,989,16,4.253,5.411,0
哈哈下次一定,988,15.9,2.963,5.084,0
火钳刘明卧槽,987,15.9,4.8,4.815,0
前来还愿许愿,983,15.1,3.937,2.314,0
警告哈哈哈哈哈哈哈,980,15.9,4.44,4.907,0
哈哈牛逼,978,5.7,3.617,3.476,0
欧欧欧欧欧欧,977,12.6,3.006,2.113,0
注入灵魂哈哈哈,976,15.9,4.652,4.576,0
哈哈哈哈哈哈牛批,971,15.9,3.231,5.135,0
进入直播间建国,969,16.4,3.923,2.249,0
每天都开心,964,13.2,3.748,3.155,0
哈哈哈名场面,964,15.8,3.18,5.037,0
禁止抖音搬运,961,19.6,4.494,5.183,0
每天一遍每天,961,15.5,4.49,3.081,0
昭君昭君昭君,960,15.3,3.027,2.419,0
世界第一可爱,960,14,2.256,3.239,0
八嘎八嘎八嘎,959,16.5,3.096,3.027,0
马氪思,957,7.8,4.028,2.664,1
您配几把,953,7.8,3.169,2.294,0
好评火钳刘明,952,12.5,4.924,5.616,0
哈哈哈哈啊哈哈,952,8.5,2.374,4.215,0
做错了什么,951,14.3,3.027,5.023,0
泪目了泪目,951,12.5,2.205,2.388,0
奥利给哈哈哈,950,15.6,3.413,4.637,0
哈哈哈哈哈哈猝不及防,938,15.8,4.548,5.477,0
lbwnblbwnblbwnb全体起立,934,16.6,2.739,2.361,0
哈哈哈哈哈哈闹太套,930,15.8,3.014,2.545,0
人才哈哈哈哈哈哈哈,930,13.3,4.02,5.098,0
李白进入直播间,928,16.9,3.337,4.284,0
xswl哈哈哈哈哈哈,928,15.7,4.489,4.431,0
急急急急急急,924,17.6,2.398,2.202,0
上头哈哈哈哈哈哈哈,921,13.3,3.587,4.566,0
反复横跳,920,8.7,4.331,5.242,0
哈哈哈哈哈哈好好,917,12.5,3.814,2.634,0
全体起立哈哈哈,916,15.8,3.197,3.307,0
好活哈哈哈哈哈哈,915,12.5,2.898,4.042,0
弹幕哈哈哈哈哈哈,912,15.8,2.246,4.336,0
耳机党阵亡,912,18.2,4.654,5.465,0
上香吐痰,911,6.1,4.928,4.22,0
哈哈哈个弹幕,910,15.8,2.934,2.013,0
强者无畏惧,910,15.6,3.843,3.969,0
泪目牛逼,907,5.7,3.098,3.23,0
前方核能预警,903,15,4.718,5.032,0
可以可以可以,899,14.4,4.085,5.106,0
草一种植物,895,7.1,3.443,3.78,0
亿万填词泪目,893,16.3,3.615,5.06,0
有什么关系,891,5.6,3.316,4.956,0
警告火钳刘明,890,17.5,4.222,5.748,0
填词亿万填词,889,16.7,2.5,4.877,0
助攻百万助攻,885,18.3,2.258,5.756,0
保佑我中考,884,16.5,3.738,3.668,0
牛皮牛皮牛皮,884,12.7,2.756,3.733,0
泪目亿万填词,880,14.5,2.548,4.981,0
早日康复加油加油,874,16.6,2.787,2.622,0
低调低调低调,871,17.3,2.168,2.177,0
真的没有开挂,868,14.1,3.006,4.304,0
加油早日康复加油,868,16.5,2.524,2.82,0
刘明火钳留名,865,15.6,3,5.632,0
哈哈哈好活当赏,863,15.7,2.42,4.354,0
几你太美,862,6.6,4.468,2.747,1
嘎嘎嘎嘎嘎,862,6.8,4.354,5,0
奠奠奠奠奠奠,860,18.9,3.186,2.722,0
多人运动时代,860,14.4,2.187,2.438,0
好听哈哈哈哈哈哈,859,12.4,3.843,5.051,0
彳亍哈哈哈哈哈哈哈,859,15.7,3.804,3.627,0
nb火钳刘明,858,13.6,4.926,5.405,0
跪开口跪,857,5.4,2.722,4.665,0
加油加油早日康复,857,16.5,2.452,2.132,0
抖音已盗,857,9.8,3.389,4.743,1
愿世界和平,856,8.8,3.495,3.175,0
每日一刷每日,854,16.1,5.087,2.108,0
火钳刘明好听,849,14.2,4.822,5.132,0
还好还好哈哈哈,849,13.5,2.779,2.557,0
哈哈哈哈哈哈好听,848,14.2,3.454,4.909,0
先笑为敬,848,9.9,4.32,5.4,0
刘明前方高能,846,14.1,2.236,5.467,0
漫长的四分钟,846,18,4.897,5.405,0
买了个表,846,8.9,2.661,4.769,0
不氪以,841,5.6,2.951,3.367,1
门都没有,838,8.7,3.387,2.778,0
帅哥你谁,838,7.4,3.782,4.038,0
弹您尻,833,8,2.317,4.4,0
参见吃货殿下,829,15.1,4.438,5.213,0
开花开花开花,829,11.8,4.365,4.233,0
好活哈哈哈哈哈哈哈,825,12.4,3.344,4.304,0
xswl哈哈哈哈哈哈哈,824,15.6,4.036,4.5,0
魔鬼哈哈哈哈哈哈哈,823,15.7,4.619,4.997,0
火钳刘明泪目泪目,823,15.7,4.66,3.012,0
艺术就是派大星,822,17.4,4.586,3.48,0
nb哈哈哈哈哈哈,819,13.6,4.227,4.5,0
猝死在意大利,816,17.8,4.093,4.142,0
卡盟卡盟卡盟,815,15.6,2.522,2.222,0
武汉加油泪目,810,17.2,2.581,3.657,0
没听过,810,5.6,4.315,4.037,0
恰恰恰恰恰恰,807,17,2.776,2.405,0
鬼畜最为致命,805,15.2,2.5,5.013,0
窝窝头窝窝头窝窝头,803,15.5,3.948,3.252,0
粗鄙之语真香,802,14.1,4.971,4.657,0
高能预警高能,801,14,4.209,4.056,0
为热干面加油,801,7.2,3.934,3.925,0
合适的不得了,801,10.5,3.536,4.333,0
辛苦了同志,800,20.2,2.367,3.691,0
天道好轮回,799,15.3,4.969,4.56,0
开哥开哥开哥,798,12,2.814,3.506,0
祖传开头哈哈哈,798,15.7,3.155,3.026,0
这个是真的,798,10.6,4.877,5.086,0
全体起立土块,797,16.4,2.914,2.551,0
哈哈哈哈哈哈可以,795,15.7,2.978,4.55,0
下次一定害怕,794,15.1,3.067,3.911,0
up牛逼,794,5.8,4.465,4.175,0
美美美美美美,792,16,2.438,2.522,0
注入灵魂成功,792,19,4.353,5.382,0
厉害了哈哈哈哈,792,15.6,3.379,2.001,0
吓老子一跳,789,8.7,4.633,4.757,0
保佑我期末考试,787,16.6,2.905,3.468,0
嬴政进入直播间,787,17.9,2.973,3.818,0
好工整哦,786,5.6,2.301,2.426,0
对不起吴亦凡对不起,785,14,2.871,4.839,0
lbwnb泪目泪目,785,11.4,3.805,3.479,0
火钳刘明欢迎,783,15.7,5.084,3.841,0
糊涂啊大圣,780,15.1,2.647,3.572,0
个弹幕我要,780,6.2,3.579,5.071,0
厉害了哈哈哈,780,15.6,3.555,4.991,0
厉害哈哈哈哈哈哈,778,15.6,4.423,4.543,0
要求全文背诵,778,13.4,2.299,4.015,0
好的老公,777,5.3,4.392,3.487,0
不知道为什么,774,5.6,4.397,4.324,0
弹幕哈哈哈哈哈哈哈,773,15.6,2.402,4.318,0
窝窝头一块钱四个,772,13.1,4.838,5.069,0
泪目lbwnb泪目,772,14.4,2.791,4.289,0
up主是个,770,5.4,4.802,2.532,0
武则天进入直播间,770,17.8,2.719,3.978,0
拿破仑进入直播间,768,14.6,3.243,4.275,0
鲁迅进入直播间,768,17.8,3.098,3.935,0
开花火钳刘明,767,15,2.571,5.607,0
害怕下次一定,767,16.5,3.26,3.844,0
截图选老婆,764,18.8,4.269,4.585,0
哈哈哈哈哈哈lbwnblbwnb,762,14.7,2.621,3.759,0
哈哈哈哈哈哈草草,762,14.2,2.207,2.255,0
哈哈哈哈哈哈有毒,759,15.6,3.78,3.682,0
开幕雷击哈哈哈,757,15,4.623,3.979,0
戈尔巴乔夫进入直播间,756,17.8,3.354,4.424,0
嗷嗷嗷嗷嗷,755,7,2.812,3.352,0
计数君已阵亡,751,18.3,5.102,5.863,0
nb哈哈哈哈哈哈哈,751,13.5,4.313,4.32,0
吼吼吼吼吼,751,7.1,2.197,4.703,0
卧槽哈哈哈哈哈,749,7.3,4.306,5.29,0
刘备进入直播间,748,15.7,2.945,4.237,0
真实过于真实,746,13.9,4.345,5.05,0
牛顿进入直播间,745,12.5,3.673,4.239,0
辛苦了哈哈哈,741,15.6,3.841,4.336,0
来世愿做,741,7.3,3.065,2.968,0
哈哈哈哈哈哈真实,740,15.6,3.61,5.24,0
灵魂哈哈哈哈哈哈,738,15.6,2.905,4.655,0
合影高级弹幕,737,18.6,4.777,5.218,0
哈哈哈哈哈哈哈lbwnb,736,14.7,3.21,4.025,0
丘吉尔进入直播间,735,17.8,3.033,3.956,0
高能火钳刘明,735,15.8,4.079,5.492,0
哈哈哈你不要,734,13.3,3.106,3.093,0
武汉加油消除,732,19.1,3.109,2.663,0
哈哈哈哈哈哈你好,732,12.3,3.693,2.651,0
火钳刘明好活,730,15.6,3.478,4.599,0
吴亦凡退出直播间,729,17.3,5.238,5.694,0
哈哈再来亿遍,729,15.6,2.838,4.721,0
哈哈哈哈哈下次,727,8.2,4.179,2.04,0
武汉加油加油,725,18.3,3.242,2.772,0
好听哈哈哈哈哈哈哈,725,12.3,3.948,4.608,0
就尼玛离谱,725,6.1,3.488,4.045,0
听了想,724,5.4,4.897,3.718,0
哈哈哈哈哈哈天皇,721,15.6,3.46,3.76,0
哈哈哈哈哈哈woc,721,15.6,3.472,4.711,0
带劲带劲带劲,720,14.4,3.561,4.423,0
哈哈哈哈前方高能,720,13.9,2.599,5.101,0
百万填词哈哈哈哈,720,15.6,3.726,2.084,0
不削能玩,720,8.2,3.035,4.252,0
给爷爬,718,5.6,4.297,4.784,0
up是个,718,5.4,5.043,2.399,0
反弹哈哈哈哈哈哈,718,15.6,3.096,3.218,0
噼里啪啦噼里啪啦噼里啪啦,717,13,3.849,3.65,0
币比赞多,717,8.1,2.713,3.348,1
这盛世如你所愿,716,5.7,3.663,3.484,0
哈哈哈哈哈哈真香,715,14,4.158,4.884,0
哈哈哈卧槽哈哈哈,715,15.5,3.142,3.554,0
联盟玩家前来,714,12.3,4.07,2.503,0
后面的小哥,713,14.3,5.169,3.009,0
还有人吗,712,5.2,3.87,4.896,0
二倍速新世界,712,7.6,3.838,4.375,0
哈哈哈哈哈哈反弹,711,15.5,2.784,4.444,0
个小伙伴你们好,709,5.8,3.213,4.016,0
经费在燃烧,709,17.5,5.317,5.978,0
加油高考加油,708,16.3,3.496,4.605,0
哈哈哈哈哈哈哈这个,707,13,4.038,5.324,0
弹幕火钳刘明,703,16.6,3.841,5.681,0
干杯哔哩哔哩,703,14.4,2.719,2.406,0
老八进入直播间,702,14.5,2.174,3.706,0
超级反弹反弹,701,16,3.179,4.312,0
high到不行,701,15.7,2.105,2.264,0
厉害哈哈哈哈哈哈哈,700,15.5,4.116,4.737,0
恍恍惚惚恍恍惚惚恍恍惚惚,699,18.1,3.601,3.761,0
哈哈哈每天亿遍,699,15.5,2.429,5.054,0
这就是街舞,698,5.8,4.441,3.51,0
造化钟神秀,697,13.5,4.746,5.233,0
下次不一定,697,14.9,3.825,4.308,0
彳亍不彳亍,697,17,2.735,2.671,0
真香粗鄙之语,695,13.8,4.551,4.506,0
百万填词哈哈哈,695,15.5,3.737,4.49,0
李云龙李云龙李云龙,694,16.6,2.406,3.027,0
弹幕弹幕弹幕,694,16.6,3.345,3.254,0
哈哈哈哈哈哈救命,694,15.5,3.121,2.054,0
哈哈哈哈哈哈为什么,691,14.5,2.861,3.425,0
新年快乐新年快乐新年快乐,690,15.3,4.255,4.677,0
哈哈哈哈要素过多,690,14.2,2.139,4.765,0
啪啪啪啪啪,690,6.9,3.711,5.717,0
肉蛋葱鸡,690,6.9,2.755,3.927,1
消除武汉加油,689,18.2,3.442,3.622,0
哈哈哈和哈哈哈哈,688,15.5,2.617,3.032,0
顶上去报复社会,687,14,4.587,5.891,0
回来火钳刘明,687,16.8,3.46,5.692,0
哈哈哈哈哈卧槽,686,8.2,4.223,4.983,0
曹操进入直播间,685,16.6,3.901,4.15,0
新日暮里,685,8.1,3.995,3.856,0
哈哈哈哈哈哈hhhhh,683,15.5,3.711,4.443,0
难受啊马飞,680,15.6,4.375,4.563,0
李世民进入直播间,679,16.6,2.748,3.73,0
壮我中华,678,8.9,2.621,2.052,0
让他恰,675,7.4,2.97,2.2,0
哈哈哈厉害厉害,675,15.5,4.034,4.998,0
牧童遥指杏花村,674,18.6,4.633,5.02,0
哈哈哈哈哈哈优秀,671,15,3.634,4.673,0
跪着看,668,6,3.467,3.054,0
汝怎着品如之衣,667,8.6,4.043,2.142,0
哈哈哈哈哈哈hhh,667,15.5,2.953,4.928,0
泪目泪目lbwnb,667,8.4,2.602,3.906,0
哈哈哈泪目哈哈哈,667,15.5,3.343,3.503,0
真不戳,666,5.6,4.12,4.838,1
参见天依殿下,665,13.5,4.302,5.033,0
刺什么吧,664,6.4,2.711,3.977,0
安倍晋三进入直播间,664,17.7,3.947,4.188,0
面筋超带劲,664,14.7,3.691,2.859,0
汉武帝进入直播间,664,17.7,2.656,3.469,0
玩玩玩玩玩玩,663,14.8,4.118,4.146,0
拜登进入直播间,662,17.4,2.054,3.179,0
硬币拿去,661,7.2,4.797,5.595,0
加油中考加油,661,16.2,3.231,5.143,0
已出前来还愿,660,14.2,5.096,2.841,0
不是很硬,659,9.5,2.288,3.106,0
单押单押单押,659,17.6,3.509,3.88,0
火钳刘明开花,658,10.4,4.824,5.106,0
lbwnb泪目lbwnb,653,14.5,3.031,3.705,0
老公老公老公,652,14.4,2.312,3.606,0
哈哈哈干得漂亮,652,15.5,3.406,5.321,0
刘明欢迎回来,651,12.2,2.322,5.733,0
肯尼迪进入直播间,650,17.7,3.475,4.281,0
原曲是什么,650,14.5,4.843,4.519,0
牛逼害怕,648,5.8,2.558,4.104,0
bgm是啥,647,6.6,4.087,4.501,0
越来越离谱离谱,646,16.3,2.846,3.798,0
尼克松进入直播间,645,17.7,3.222,4.205,0
灵魂哈哈哈哈哈哈哈,645,15.4,3.057,4.834,0
疯狂打call,644,14.1,4.533,3.756,0
保佑我期末考,641,16.2,3.095,3.012,0
恍恍惚惚哈哈哈哈哈,640,6.3,2.641,5.355,0
lbwnb哈哈哈哈哈,640,7.3,3.264,3.636,0
存活确认存活,639,16.6,4.502,4.941,0
真实祖传开头,639,13.8,2.195,2.464,0
牛逼土块,637,5.9,2.481,3.617,0
害怕奥利给,637,5.6,3.726,4.02,0
噫吁,637,10.5,3.012,3.13,0
up主牛逼,637,5.7,4.217,4.825,0
小布什进入直播间,636,14.3,3.445,4.188,0
人正在看,636,5.6,3.789,4.622,0
逐渐忘记原版,636,16.6,4.167,5.105,0
欢迎回来哈哈哈哈,633,15.4,4.611,2.128,0
祖传开头真实,630,17.4,2.093,3.332,0
离谱哈哈哈哈哈,629,7.4,2.749,4.153,0
当天下地狱,628,8.5,4.121,2.123,0
吴亦凡对不起吴亦凡,627,16.5,4.28,3.476,0
团长我愿意,627,16.1,3.932,4.669,0
真香真香警告,627,10.2,4.627,5.027,0
个弹幕哈哈哈哈,627,5.4,2.757,2.24,0
哈哈哈开头见,623,7.4,4.171,4.497,0
声音好好听,623,7.4,3.524,3.257,0
马化腾进入直播间,621,14.5,4.408,4.982,0
呵呵呵哈哈哈哈哈,620,7.6,3.261,2.555,0
反弹哈哈哈哈哈哈哈,620,15.4,3.172,3.029,0
吸吸吸许愿,619,10.2,3.665,3.026,0
中门对狙,619,8.9,3.499,2.673,0
越看越,618,9.7,3.543,2.242,0
哈哈哈哈哈哈最后,617,15.1,3.633,3.285,0
三小时前,616,6.1,4.474,4.837,0
英雄联盟玩家,616,15.9,4.218,2.642,0
一点都不,616,5.4,4.441,3.368,0
哈哈哈哈哈哈有点,615,14.9,2.714,4.366,0
哈哈哈顶风作案,614,15.4,4.149,4.671,0
jo厨狂喜,613,16.9,4.355,4.219,0
优秀火钳刘明,612,17.1,4.673,5.201,0
哈哈哈哈哈哈wdnmd,612,15.4,3.064,4.757,0
面对疾风吧,612,6.3,3.172,5.273,0
李云龙进入直播间,612,16.5,3.619,4.282,0
暂停学表情,612,16.1,4.724,5.395,0
哈哈哈哈哈哈文艺复兴,612,15.4,2.046,4.329,0
五百万五百万五百万,611,14.4,2.322,3.182,0
列宁进入直播间,611,17.6,3.384,3.91,0
土块全体起立,611,16.2,2.862,2.517,0
越听越,611,9.7,4.268,2.871,0
呆呆呆呆呆呆,610,16.8,2.492,2.326,0
忘了原唱,610,8.7,3.126,3.296,0
让我们相遇,608,7.3,2.369,3.696,0
朱元璋进入直播间,606,17.6,2.901,3.461,0
咯咯咯咯咯咯,606,16.2,2.787,2.401,0
哈哈哈哈哈哈skr,606,15.4,3.219,5.032,0
火钳刘明优秀,605,14.9,4.844,5.044,0
开哥牛逼,605,5.9,3.021,3.802,0
欢迎回来哈哈哈,604,15.4,4.283,4.374,0
哈哈哈哈哈哈hhhh,604,15.4,2.801,4.854,0
牛牛牛,604,5.2,3.622,2.964,0
爱因斯坦进入直播间,603,13.5,2.803,3.556,0
个弹幕哈哈哈,602,5.4,3.127,2.775,0
哈哈哈哈哈哈哈前方,602,15.4,3.995,3.085,0
杜鲁门进入直播间,601,17.6,2.976,3.511,0
马云进入直播间,601,14.4,3.396,4.487,0
万物皆可盘,600,14.4,3.022,3.243,0
进入直播间希拉里,598,14.6,4.16,2.822,0
泪目这次一定,597,14.2,2.529,4.129,0
泪目上香,595,6.3,3.56,3.961,0
火钳刘明卢本伟,595,15.4,4.63,3.31,0
彳亍行彳亍,595,16.9,2.893,2.743,0
哈哈哈哈哈哈hhhhhhh,594,15.4,2.219,4.867,0
哈哈哈哈哈lbwnb,594,8.2,3.246,3.514,0
糊糊穿地心,593,7.6,2.555,3.48,0
哈哈哈哈哈哈鬼才,593,13.9,3.667,4.644,0
刘明开头见,592,7.5,2.322,5.381,0
某音已盗,592,9.8,3.95,4.725,0
哈哈哈哈哈哈鬼畜,592,15.4,3.711,4.652,0
卧槽火钳刘明,591,17.1,4.441,5.084,0
许愿拉普兰德,589,8.6,2.72,3.084,0
做个人吧,589,6.2,3.097,3.911,0
新世界火钳刘明,587,15.1,2.543,5.648,0
土块lbwnb土块,585,17.3,2.296,2.575,0
哈哈哈哈哈哈土块,585,15.3,3.373,4.13,0
上香哈哈哈,584,6.1,4.286,4.569,0
真实火钳刘明,582,13.7,4.428,4.847,0
哈哈哈弹幕护体,582,15.3,3.481,5.328,0
哈哈哈哈哈哈hhhhhh,582,15.3,2.429,4.925,0
看我颜色,579,6.4,4.344,4.116,0
嗨起来嗨,578,7.2,3.892,2.252,0
用薪创造快乐,578,14.7,4.503,4.161,0
这就是原版,578,5.4,3.848,3.655,0
爱爱爱爱爱爱爱爱,577,7.8,2.522,3.063,0
火钳刘明nb,577,14.4,4.689,5.168,0
哈哈哈哈哈哈恍恍惚惚,577,15.3,3.81,4.296,0
耗子喂汁,577,10.6,2.96,3.95,1
发生了什么,576,14.3,4.79,4.829,0
去世去世去世,574,13.6,3.922,3.827,0
哈哈哈哈哈这个,573,8.1,4.316,5.105,0
诸葛亮进入直播间,570,17.5,2.526,4.256,0
好评哈哈哈哈哈哈,570,12,4.53,4.51,0
每天一遍哈哈哈,570,15.3,4.055,4.111,0
哈哈哈开口跪,568,7.7,3.826,4.502,0
哈哈哈哈哈哈哈好活,568,15.3,2.965,4.083,0
哈哈哈哈哈哈可爱,567,13.4,3.081,3.972,0
哈哈哈呵呵红红火火,566,15.3,2.742,3.504,0
卢本伟没开挂,565,8.2,2.979,4.324,0
噢力给,565,5.6,2.945,4.011,0
咚恰咚咚咚恰,564,16.7,2.042,2.553,0
放假君牛逼,563,5.8,3.416,3.884,0
哈哈哈哈哈哈嘿嘿,562,15.3,2.645,4.876,0
哭了TT,560,7.1,3.85,4.189,0
上头再来亿遍,560,12.8,3.617,4.264,0
骚老师好,559,5.3,3.87,4.126,0
哈哈哈哈哈哈原版,559,15.3,3.516,4.5,0
给老子爬,558,5.6,4.123,4.442,0
加入鬼畜全明星,558,16.1,2.216,5.492,0
要素过多害怕,557,13,3.593,4.635,0
我们大家都,557,6.2,2.718,2.309,0
开幕雷击害怕,557,14.7,2.524,3.946,0
漫长的一分钟,557,17.6,4.408,5.402,0
额额额额额额,557,11.5,2.43,3.15,0
怎么没弹幕,556,16.5,4.82,2.593,0
卢本伟牛壁lbwnb,556,14.4,2.884,3.112,0
前方高能高能,555,13.6,4.881,4.341,0
哈哈哈哈哈哈没有,554,12.2,3,4.047,0
可还行哈哈哈,554,7.4,4.906,4.098,0
白嫖成功,553,7.6,2.486,3.945,0
哈哈哈呵呵哈哈哈哈,552,15.3,3.044,3.278,0
下次下次一定,552,14.7,4.419,5.175,0
米奇妙妙屋,552,8.9,3.803,4.493,1
请迅速撤离,551,7,2.482,4.096,0
还我童年,551,5.9,3.655,4.316,0
lbwnb土块lbwnb,550,14.4,3.132,2.211,0
克林顿进入直播间,550,17.5,3.329,4.499,0
出不去了哈哈哈,550,13.9,3.418,4.368,0
爱我苏联,549,7,3.181,3.347,0
各位开头见,549,7.7,3.966,4.888,0
薅你毛,549,10,2.783,3.213,1
好活火钳刘明,549,12,3.293,4.398,0
永远的神,549,7.1,3.475,2.845,0
多谢乌蝇哥,547,7.6,4.251,4.718,0
好人一生平安,547,12,4.746,5.309,0
吐痰吐痰吐痰,544,15.7,3.271,3.875,0
前方高能泪目,543,14.5,3.21,4.874,0
哈哈哈哈哈哈突然,541,15.3,3.773,3.82,0
愣着干嘛,540,10.1,3.967,3.757,0
哈哈哈哈哈哈保护,538,15.3,3.185,4.634,0
lbwnb下次一定,536,16.1,2.558,2.365,0
lbwnb牛逼,536,5.8,3.165,2.093,0
火钳刘明文艺复兴,536,15.3,4.319,4.77,0
害怕害怕极了,535,10.1,3.177,2.928,0
哈哈哈哈哈哈嘿嘿嘿,535,15.3,2.642,2.206,0
还好哈哈哈哈哈哈,534,13,2.733,3.623,0
此曲一出非死即伤,533,15.5,3.513,4.534,0
呜呜呜呜呜,532,7.3,3.435,4.013,0
万恶之源万恶之源万恶之源,531,14.3,4.246,4.557,0
爷青回爷青回,531,9.4,2.024,3.683,0
奥利给害怕,530,12.9,2.691,4.065,0
哈哈哈蔡徐坤,530,13.2,3.07,4.778,0
牛逼开哥,530,5.9,2.797,2.431,0
唱跳rap,530,8.3,4.469,4.372,0
哈哈哈哈哈哈你们,530,13.9,3.641,4.207,0
火钳刘明真实,529,15.3,4.429,5.557,0
火钳刘明弹幕,529,15.2,4.744,3.105,0
猝不及防哈哈哈哈哈哈,528,15.2,5.224,4.695,0
调音师火钳刘明,527,16.8,2.562,5.356,0
全体起立lbwnblbwnblbwnblbwnb,526,14.3,2.138,3.169,0
牛逼厉害,526,5.8,3.1,2.736,0
再来亿遍泪目,526,12.8,2.725,3.411,0
笑出猪,524,6,3.676,3.499,0
彳亍彳亍哈哈哈,524,15.2,3.233,2.058,0
百里甩狙,523,9.1,2.68,3.058,0
义结筋澜,523,10.3,2.614,4.966,1
蔡徐坤进来,522,8.1,4.657,3.442,0
哈哈哈每日一遍,522,15.2,3.031,4.849,0
哈哈哈哈哈哈怎么,521,14.2,2.336,4.925,0
弹幕高级弹幕,520,16.3,3.03,5.11,0
又疯一个,520,6.7,3.771,4.93,0
真香艾玛真香,517,10.4,2.565,3.304,0
下次一定lbwnb,516,14.3,2.302,2.396,0
缓缓打出一个,515,12.7,3.527,4.81,0
我们是冠军,515,10.1,4.243,5.003,0
停停停停停停,514,16.8,2.652,2.054,0
蛋黄的长裙,514,16.1,3.004,3.537,0
火钳刘明可以,514,15.2,4.302,3.873,0
哈哈哈标准结局,512,15.2,3.081,5.311,0
撒贝宁,1323,11.2,5.13,4.815,1
专业团队,1311,15.5,5.412,5.742,1
永相随,1302,11.3,4.195,5.769,1
必须三连,1302,11.6,4.432,4.664,1
语文课代表,1297,11.2,5.044,4.711,1
顾子熹我,1296,11.9,2.581,3.307,1
喵帕斯,1290,10.7,5.104,4.599,1
春风吹,1278,12,2.866,2.72,1
螺旋丸,1266,16.5,5.203,6.013,1
世界名画,1266,11.8,5.245,6.171,1
手动滑稽,1261,8,5.41,6.214,1
握草,1260,7,3.23,4.616,1
无限循环,1258,12.5,5.21,5.734,1
献出心脏,1257,9.9,5.062,4.45,1
过世主播,1243,8.3,4.034,4.452,1
被封,1238,6.1,4.72,2.66,1
毛毛姐,1232,9.4,2.742,3.997,1
直接开花,1231,11.2,4.167,5.368,1
厨狂喜,1228,9.9,2.914,5.508,1
放假君,1215,8.3,5.121,3.488,1
思维窃取,1213,13.5,5.183,5.725,1
司马脸,1209,10.3,3.538,4,1
网易云,1200,12.1,5.31,4.437,1
职业选手,1193,17.7,4.724,5.435,1
前留名,1181,8,3.431,6.048,1
钞能力,1157,7.2,4.467,4.074,1
好恐怖,1155,7,4.333,3.767,1
两倍新世界,1149,5.6,5.087,5.958,1
秋梨膏,1146,10.5,2.661,5.156,1
荷官发牌,1145,15.4,4.035,5.253,1
助攻百万,1125,12,3.199,4.027,1
噶韭菜,1124,11.1,4.628,2.915,1
张三,1117,6.6,4.359,3.809,1
王者荣耀,1116,6.2,5.381,4.612,1
甩狙,1115,8.6,4.197,3.769,1
进入直播间,172694,12.6,8.061,7.713,1
暂停成功,10775,16.8,6.068,7.099,1
注入灵魂,29453,14.5,6,6.992,1
红红火火恍恍惚惚,40023,9.9,5.14,6.957,1
前方高能,85358,11.9,6.287,6.896,1
百万填词,31806,12.2,5.473,6.803,1
前来考古,17432,5.5,6.018,6.784,1
时代考古,4295,12.2,3.204,6.778,1
火钳刘明,304115,14.9,6.27,6.73,1
标准结局,6386,16.4,5.71,6.719,1
正片开始,7219,9.6,6.078,6.689,1
每天一遍,21565,10.9,6.012,6.688,1
口吐芬芳,3123,9.1,6.29,6.679,1
高能预警,14746,8,5.694,6.667,1
下次一定,96120,11.9,5.774,6.64,0
每日一遍,11216,10.9,6.009,6.618,1
进入了直播间,13076,19,7.022,6.614,1
乌鸦坐飞机,9063,16.9,6.102,6.601,1
弹幕护体,18810,13.7,5.966,6.585,1
高级弹幕,23722,11,6.179,6.56,1
前方核能,17122,10.3,5.993,6.491,1
每天亿遍,12912,10.4,5.82,6.471,1
最后亿遍,12431,8.3,5.957,6.471,1
摧毁停车场,7508,15.4,4.727,6.441,1
祖传开头,14860,13.6,5.6,6.366,1
毫无违和感,12117,16.8,6.038,6.366,1
要素过多,36472,12.7,5.973,6.269,1
镇站之宝,10807,7.8,6.586,6.247,1
手动滑稽,1261,8,5.41,6.214,1
律师函警告,17984,15.3,5.85,6.212,1
世界名画,1266,11.8,5.245,6.171,1
每天一次,1314,8.1,4.982,6.156,1
每日一刷,12976,11.1,6.023,6.042,1
名场面,8751,11.5,3.899,6.031,1
螺旋丸,1266,16.5,5.203,6.013,1
再来一遍,23268,6.5,5.43,6.005,1
开头见,21227,9,4.724,5.928,1
明示投币,1298,15.2,5.181,5.793,1
能天使,8605,6.8,4.326,5.773,1
b站,16310,6.8,5.494,5.769,1
永相随,1302,11.3,4.195,5.769,1
专业团队,1311,15.5,5.412,5.742,1
无限循环,1258,12.5,5.21,5.734,1
白嫖失败,17043,7.7,3.411,5.695,1
坤坤,11940,7.2,4.488,5.683,1
开口跪,14265,9.6,5.627,5.668,1
哔哩哔哩,9803,13.5,5.91,5.663,1
永久反弹,30173,11.7,5.311,5.639,0
建国同志,29124,15.5,2.497,5.569,1
鸡你太美,26734,6.5,5.057,5.507,1
B站,17239,6.8,5.66,5.495,1
川建国,12456,12.6,2.162,5.487,1
无耻老贼,1253,12.8,4.495,5.422,1
蔡徐坤,19928,10.9,5.695,5.388,1
音乐区,10430,12.5,4.004,5.309,1
存活确认,1265,11.5,5.365,5.302,1
全体起立,68416,14.4,4.884,5.257,1
超威蓝猫,1255,10.7,3.839,5.247,1
倍食用,1263,7.7,4.458,5.214,1
伊丽莎白鼠,1265,14.1,5.286,5.202,1
卢姥爷,12786,14.1,5.009,5.197,1
借你吉言,9688,7.7,4.219,5.168,1
计数菌,1255,12.6,5.456,5.141,1
再来亿遍,34779,6.5,5.533,5.115,1
马老师,7305,6.7,4.265,5.084,1
大制作,9718,11.1,4.588,5.018,0
高能前方,29016,8.6,3.832,4.816,1
撒贝宁,1323,11.2,5.13,4.815,1
拯救世界,1311,17.2,4.532,4.763,0
必须三连,1302,11.6,4.432,4.664,1
握草,1260,7,3.23,4.616,1
喵帕斯,1290,10.7,5.104,4.599,1
海绵宝宝,12417,18.6,2.703,4.579,1
面筋哥,9180,10.3,5.682,4.579,1
再来,68229,5.2,5.733,4.555,0
计数君,8129,14.4,5.893,4.529,1
白嫖,23330,7.6,4.173,4.464,1
好汀,1320,5.5,3.364,4.399,1
奥利给,107040,14.3,2.161,4.32,1
两开花,10954,8.1,5.506,4.286,1
把我灌醉,17146,6.5,3.191,4.226,0
金坷垃,8120,13.8,4.554,3.819,1
汝甚骚,8758,9.9,4.468,3.656,1
顾子熹我,1296,11.9,2.581,3.307,1
钉钉,13719,7.3,3.613,3.264,1
三连,11700,7.5,3.975,3.199,1
没文化,1271,6.9,3.444,3.195,0
up主,13796,11.1,5.67,3.039,1
狭路相逢勇者胜,8646,14.9,5.733,2.797,1
毫无PS,1273,14.5,5.252,2.429,0
