Word,Num,Frequence,Mut,Freedom_L,Freedom_R,Mark
害怕,2,23580,5.3,4.047,4.144,0
彳亍,2,13803,6.0,4.232,4.495,1
泪目,2,7316,6.6,6.089,6.450,1
什么,2,7220,6.2,4.766,5.814,0
牛逼,2,6827,6.1,6.256,5.934,1
NB,2,5676,5.6,2.912,4.215,1
笑死,2,5244,5.5,6.118,3.077,1
开头,2,4755,5.1,2.306,5.207,0
反弹,2,4003,6.3,2.892,4.252,1
好听,2,3373,5.1,5.890,6.129,0
弹幕,2,3179,6.1,6.260,6.231,1
送出,2,3151,5.9,7.421,5.019,1
卧槽,2,3008,7.5,6.131,5.652,1
天皇,2,2828,5.7,6.482,5.289,0
盘他,2,2760,6.3,2.951,2.658,1
厉害,2,2733,5.4,6.199,5.173,0
上香,2,2694,5.7,5.312,5.452,1
呵呵,2,2685,7.0,3.054,2.669,1
离谱,2,2670,7.4,5.513,5.985,1
真实,2,2541,5.8,5.734,5.859,0
感谢,2,2376,6.4,6.444,7.685,0
喜欢,2,2249,6.8,2.586,3.036,0
怎么,2,2247,6.2,6.284,6.086,0
钉钉,2,2227,6.8,3.905,3.752,1
好活,2,2217,5.1,6.547,5.690,1
up,2,2126,5.3,6.316,4.639,1
可以,2,2114,6.3,6.536,6.603,0
百万,2,2099,6.6,6.721,3.492,0
灵魂,2,1916,7.6,3.404,6.456,0
白嫖,2,1888,7.2,6.487,2.725,1
裂开,2,1872,5.7,2.873,2.523,1
老八,2,1847,5.4,5.765,4.584,1
填词,2,1804,7.7,3.033,6.704,1
警告,2,1770,7.3,5.609,7.148,0
每天,2,1744,5.6,6.512,2.255,0
男人,2,1627,5.0,2.241,5.361,0
三连,2,1626,6.6,6.143,5.709,1
兄弟,2,1626,7.8,5.766,4.180,0
老师,2,1527,5.3,5.189,5.933,0
加油,2,1516,7.2,5.045,4.181,1
已经,2,1494,6.8,4.372,5.156,0
原版,2,1479,7.0,4.822,5.719,1
老婆,2,1473,6.1,2.795,3.149,0
魔鬼,2,1469,5.8,5.353,5.815,0
鬼畜,2,1468,6.9,6.829,6.600,1
开始,2,1450,5.6,5.647,6.243,0
好评,2,1414,5.3,6.834,7.113,0
巴拉,2,1397,6.2,3.744,2.799,1
世界,2,1341,7.4,4.121,6.803,0
自己,2,1341,6.6,4.695,4.917,0
花Q,2,1306,6.5,4.677,2.125,1
牛批,2,1194,5.8,6.537,6.469,1
欢迎,2,1175,7.4,6.449,2.019,0
硬币,2,1148,6.7,4.559,4.272,1
知道,2,1125,7.0,4.099,5.676,0
调音,2,1105,6.7,3.571,4.014,1
长庚,2,1088,7.5,4.167,3.729,1
视频,2,1042,8.2,5.094,6.619,1
准备,2,999,7.8,3.593,2.904,0
巨魔,2,971,6.7,6.078,6.130,1
草草,2,957,5.4,3.083,3.252,1
优秀,2,936,7.2,6.408,6.360,0
表示,2,928,7.6,4.936,5.387,0
危危,2,925,6.2,2.829,3.098,1
考古,2,923,7.4,3.370,6.851,0
啦啦,2,920,6.3,2.797,2.850,1
辛苦,2,913,8.5,4.918,2.070,0
现在,2,906,5.5,5.113,5.574,0
去世,2,881,5.8,5.398,5.820,0
土块,2,850,8.1,4.537,4.780,1
手机,2,846,5.9,4.906,5.235,1
鬼才,2,842,5.2,5.464,6.753,1
字幕,2,831,6.1,5.108,5.957,1
快乐,2,829,6.4,5.722,6.374,0
封面,2,812,6.6,5.928,5.885,0
漂亮,2,799,7.8,3.332,5.179,0
牛壁,2,765,5.9,5.132,5.879,1
感觉,2,759,6.0,5.458,6.712,0
最后,2,758,6.4,6.521,2.812,0
押韵,2,757,8.6,6.201,5.652,1
林肯,2,755,7.8,4.873,2.944,1
凡哥,2,753,5.5,4.165,3.515,1
开挂,2,740,5.4,4.146,5.460,1
东西,2,740,7.2,3.861,6.413,0
面筋,2,736,6.7,4.316,5.073,1
音乐,2,734,5.9,6.133,5.736,0
完全,2,731,5.2,5.551,2.047,0
诸葛,2,715,8.2,5.116,3.143,1
孩子,2,708,5.8,5.131,5.543,0
标准,2,697,7.7,6.343,2.164,0
公屏,2,693,7.3,2.820,2.521,1
张三,2,691,6.1,4.081,4.447,1
呜呜,2,675,8.3,2.583,2.802,0
投币,2,667,6.1,5.960,6.017,1
发现,2,658,6.2,3.822,4.250,0
谢谢,2,656,5.2,4.869,4.044,0
时候,2,652,7.2,2.438,6.541,0
留名,2,634,7.0,3.574,6.177,1
TM,2,632,6.1,2.961,5.403,1
时代,2,628,6.5,5.955,3.620,0
牛皮,2,628,5.2,6.398,6.209,0
倍速,2,613,7.2,2.544,5.936,1
诸神,2,600,5.8,5.236,2.096,1
月英,2,599,7.2,2.845,4.998,1
战斗,2,595,6.4,3.202,3.208,0
保护,2,586,6.7,4.041,3.965,0
听懂,2,585,6.0,3.648,2.302,1
中国,2,585,5.5,5.411,5.320,0
分钟,2,584,7.6,3.968,6.597,0
终于,2,582,7.7,6.079,5.610,0
建国,2,577,6.7,3.443,3.592,0
JO,2,575,6.3,4.135,3.749,1
哪里,2,575,6.4,2.060,2.796,0
冲冲,2,574,7.0,2.507,2.494,1
游戏,2,574,8.1,5.469,6.532,0
嘤嘤,2,566,8.6,2.503,2.534,1
恭喜,2,560,7.2,5.847,3.455,1
朋友,2,553,8.1,3.701,5.710,0
干杯,2,547,7.0,2.476,5.039,1
翻译,2,535,8.8,5.605,6.019,0
番茄,2,530,7.9,2.435,4.999,0
妈妈,2,520,6.5,4.638,4.789,0
莫名,2,517,6.9,6.421,4.376,1
英文,2,508,6.2,6.218,4.400,0
后面,2,505,5.2,6.110,4.714,0
义父,2,499,7.9,4.529,3.989,1
问题,2,499,7.7,3.487,4.874,0
童年,2,491,6.6,4.003,5.552,0
突然,2,491,7.6,6.602,6.146,0
居然,2,489,7.7,5.594,5.488,0
司马,2,482,6.5,5.058,4.686,1
以为,2,479,5.1,3.805,4.526,0
踩点,2,477,6.9,5.340,5.760,1
祖安,2,472,5.8,5.530,5.435,1
耳机,2,465,7.0,6.078,4.128,1
炒饭,2,461,8.4,5.072,6.146,1
坤坤,2,460,6.2,6.418,6.699,1
普京,2,458,7.5,4.535,3.047,1
绝活,2,458,5.8,5.274,6.092,1
肖战,2,454,6.9,4.306,4.211,1
绿色,2,454,6.1,4.870,4.305,0
干嘛,2,451,6.4,3.659,4.015,0
声音,2,448,5.8,4.229,5.921,0
恐怖,2,436,8.6,5.855,4.641,0
今天,2,435,5.8,5.912,5.628,0
系列,2,433,7.6,5.715,6.811,0
无敌,2,433,6.4,6.460,5.835,1
必须,2,432,8.0,5.686,4.891,0
盘它,2,427,6.2,3.442,2.545,1
现场,2,427,5.9,3.907,6.346,0
哲学,2,426,7.6,5.430,5.389,0
疯狂,2,425,7.0,6.583,4.410,0
秀秀,2,424,5.1,2.185,2.258,1
神仙,2,414,5.5,6.004,4.493,0
如此,2,413,6.6,2.557,2.211,0
反复,2,409,5.4,5.053,2.460,0
因为,2,408,6.3,5.038,5.456,0
嘻嘻,2,405,9.1,2.141,2.136,0
精神,2,403,5.9,5.648,4.287,0
谢罪,2,401,5.9,5.339,3.541,1
山东,2,401,6.4,5.212,4.438,0
同志,2,397,7.5,2.007,4.945,0
等等,2,397,6.6,3.784,2.630,0
如果,2,397,7.0,5.621,3.045,0
口区,2,396,6.6,4.910,4.978,1
秀儿,2,394,5.3,5.820,6.286,1
表情,2,392,6.2,5.120,5.916,0
意思,2,392,7.0,3.137,5.279,0
颜色,2,390,6.6,3.932,4.934,0
火箭,2,388,5.3,4.188,5.672,0
超级,2,388,7.1,5.707,4.567,0
兵长,2,387,5.7,3.561,2.948,1
所以,2,379,5.8,4.292,5.682,0
变色,2,379,6.0,4.457,4.976,0
原唱,2,378,5.7,4.318,5.744,1
建议,2,377,8.2,5.416,5.116,0
亚索,2,376,7.9,5.692,5.764,1
大佬,2,375,5.9,6.256,6.488,1
应该,2,375,7.9,5.721,4.798,0
衣服,2,374,7.3,4.073,5.461,0
战术,2,369,6.1,6.184,5.369,0
永远,2,369,6.4,4.810,4.058,0
注意,2,366,6.8,5.955,5.532,0
职业,2,365,5.6,5.259,2.031,0
合影,2,363,6.8,4.226,5.971,1
圣依,2,361,8.1,3.556,3.632,1
五星,2,360,6.1,3.080,4.704,1
禁止,2,359,8.2,4.360,2.483,0
心肝,2,356,6.4,3.899,3.492,1
无限,2,356,6.7,5.593,4.598,0
川普,2,348,6.5,5.736,5.763,1
忘记,2,348,7.5,4.883,2.139,0
怀怀,2,342,7.6,4.747,4.679,1
电影,2,340,6.6,4.680,5.260,0
非常,2,337,7.4,3.462,3.386,0
逐渐,2,337,9.5,5.841,4.445,0
语言,2,335,6.4,3.298,3.360,0
耗子,2,334,6.1,5.226,2.318,1
广场,2,332,7.0,3.307,3.836,0
小伙,2,331,6.0,3.234,3.792,1
坐下,2,330,5.5,3.615,3.826,0
震动,2,329,6.8,3.553,4.851,0
波澜,2,325,8.5,6.062,2.387,1
洗脑,2,325,8.1,6.032,5.155,1
联盟,2,323,8.6,3.765,5.896,0
膝盖,2,321,9.2,2.252,6.412,0
尼玛,2,316,7.8,5.396,5.940,1
万岁,2,316,6.5,4.750,5.035,0
死亡,2,315,5.4,5.895,5.116,0
二倍,2,314,5.8,5.714,3.740,1
儿童,2,312,6.4,5.249,2.077,0
技能,2,312,5.4,5.429,4.435,0
正义,2,308,6.2,5.076,5.053,0
英语,2,306,6.1,6.042,5.505,0
霉霉,2,302,8.4,5.116,4.730,1
英雄,2,301,7.5,5.666,4.887,0
表白,2,300,5.3,5.838,5.615,1
打野,2,300,5.9,5.997,5.607,1
女兵,2,299,5.4,4.110,4.310,1
味儿,2,298,5.9,2.399,3.653,0
节奏,2,296,8.6,5.455,5.741,0
压力,2,295,5.8,2.295,5.344,0
篮球,2,293,9.1,4.473,5.978,0
哔哩,2,292,9.7,3.173,2.885,1
毛毛,2,290,6.9,5.026,4.792,1
点赞,2,290,6.1,5.548,5.262,1
老鼠,2,289,5.3,2.681,4.922,0
舒服,2,286,7.6,5.873,5.464,0
流弊,2,285,8.2,5.401,5.849,1
还挺,2,284,5.5,5.647,2.120,1
玩意,2,284,6.0,2.228,4.321,0
马云,2,280,5.7,5.516,5.300,1
千万,2,280,5.8,5.506,4.273,0
xz,2,279,6.3,3.107,3.294,1
阵亡,2,279,8.1,4.172,6.253,1
竟然,2,278,7.5,5.183,5.344,0
猛男,2,277,6.6,5.385,4.682,1
姐姐,2,276,7.2,2.770,5.742,0
疾风,2,272,7.4,4.042,3.258,1
芜湖,2,271,8.8,5.300,4.672,1
哎呀,2,270,7.1,5.182,4.473,0
充钱,2,270,7.3,4.581,4.759,1
逻辑,2,269,9.2,5.777,2.662,0
排面,2,259,6.1,5.482,5.461,1
握草,2,256,7.0,5.324,4.924,1
经典,2,254,6.7,6.076,5.932,0
蕾姆,2,253,7.8,5.069,4.517,1
两倍,2,252,5.7,5.515,3.813,1
撤离,2,252,6.8,2.040,4.796,1
海娃,2,251,6.4,4.378,3.895,1
流批,2,249,6.4,5.680,5.826,1
带劲,2,247,6.9,3.229,3.982,1
家乡,2,247,6.7,5.957,2.194,0
剪辑,2,244,8.6,5.596,5.536,1
爸爸,2,243,8.1,4.437,4.854,0
UP,2,242,6.5,5.880,3.832,1
心疼,2,241,5.2,5.074,5.452,0
日语,2,241,5.2,4.933,6.027,1
魔性,2,236,5.9,5.029,5.384,1
为何,2,236,5.4,2.798,2.872,0
原曲,2,235,6.0,5.528,4.690,1
爆炸,2,234,7.5,5.334,6.050,0
全员,2,233,5.4,5.826,3.485,1
圆润,2,232,9.3,4.068,2.572,1
小潮,2,232,6.1,5.496,5.959,1
玉音,2,231,6.1,5.052,3.170,1
屏蔽,2,228,8.3,2.303,2.105,1
智商,2,226,8.2,5.614,2.873,1
口型,2,224,6.6,5.407,4.041,1
循环,2,223,9.6,4.915,5.634,0
确实,2,223,6.5,5.912,5.871,0
各位,2,223,8.1,5.302,5.300,0
上线,2,222,5.1,4.108,5.994,1
名字,2,221,5.2,3.239,4.184,0
吉尔,2,220,6.3,2.141,3.598,1
弓兵,2,219,7.5,3.858,5.220,1
需要,2,219,6.2,4.053,5.221,0
难受,2,218,7.5,4.460,5.417,0
运动,2,217,6.6,3.450,5.331,0
比伯,2,215,7.2,4.057,4.667,1
司徒,2,214,7.6,2.693,5.354,1
举报,2,214,7.6,5.331,4.097,1
善逸,2,213,9.2,2.808,2.584,1
观看,2,210,5.5,4.705,4.902,0
六六,2,209,6.6,2.465,2.462,1
关系,2,209,6.9,2.491,3.750,0
第二,2,209,5.7,6.079,3.938,0
吟唱,2,209,7.6,2.854,5.896,1
刚刚,2,208,7.4,5.574,5.637,0
老板,2,208,5.3,5.522,5.438,0
女孩,2,208,5.8,4.854,4.453,0
耳朵,2,206,7.5,4.806,4.007,0
使用,2,205,6.5,5.146,4.602,0
宝贝,2,205,6.6,4.808,4.783,0
差点,2,204,6.1,4.926,4.825,0
作品,2,203,6.4,3.199,5.870,0
眼睛,2,203,7.4,4.059,5.772,0
背景,2,202,8.4,5.547,3.333,0
十年,2,201,5.3,3.266,3.254,0
野生,2,201,5.9,4.561,2.177,0
蜜汁,2,201,7.7,5.545,3.775,1
妈呀,2,201,5.5,4.331,4.699,1
蓝色,2,200,6.2,5.503,2.985,0
投敌,2,199,6.8,5.005,3.373,1
为啥,2,199,5.2,5.740,5.152,0
奶奶,2,197,7.4,4.756,5.073,0
残血,2,195,7.1,2.914,2.682,1
孔明,2,194,5.5,3.023,3.408,1
嬲嬲,2,193,8.0,2.096,2.218,1
僵尸,2,193,8.8,5.318,5.189,1
日常,2,193,5.7,5.966,5.329,0
热乎,2,192,8.4,5.268,3.666,1
搞笑,2,192,5.1,4.836,4.715,1
空降,2,192,7.5,5.565,3.634,1
深渊,2,191,9.2,4.634,5.023,0
欠费,2,191,8.8,4.590,3.947,1
问号,2,190,5.9,3.500,3.712,1
犯罪,2,190,7.3,4.874,4.177,0
热血,2,190,6.5,4.916,4.581,0
艺术,2,189,6.7,4.877,3.693,0
怪鸽,2,189,8.0,2.412,4.776,1
玉米,2,188,7.1,4.521,5.034,0
哟哟,2,188,8.5,2.389,2.379,1
句话,2,188,6.7,2.300,5.211,1
致命,2,187,6.4,5.400,3.509,0
首页,2,187,8.6,5.536,2.403,1
找到,2,187,5.8,3.691,3.216,0
二爷,2,183,5.2,5.335,4.365,1
镜像,2,183,7.0,4.048,4.899,1
到底,2,183,5.7,5.717,4.880,0
河南,2,182,8.2,4.649,2.703,0
芦苇,2,181,9.3,5.203,4.926,0
单身,2,180,6.3,4.458,2.355,1
其实,2,180,5.7,5.630,4.756,0
特效,2,179,6.7,4.719,6.187,1
左右,2,178,8.5,5.261,3.205,0
更新,2,178,6.1,4.544,3.479,0
食用,2,176,6.1,3.004,4.443,0
最强,2,176,5.1,4.516,5.225,1
葫芦,2,175,9.4,4.966,2.694,0
暗示,2,175,7.6,5.438,4.351,0
乌拉,2,174,6.3,3.842,3.361,1
肚子,2,174,6.0,4.080,2.624,0
鬼灭,2,173,5.4,4.415,3.315,1
承包,2,173,7.5,5.173,4.208,0
杰哥,2,173,5.6,5.108,3.340,1
画质,2,173,7.9,4.095,3.803,1
素材,2,172,6.9,5.228,5.608,0
简单,2,172,7.3,2.636,4.074,0
灭霸,2,171,7.6,3.499,2.744,1
霸王,2,171,6.0,2.745,6.082,1
温柔,2,170,9.8,3.632,4.030,0
塞班,2,169,8.2,3.488,3.146,1
全部,2,169,5.4,4.681,5.279,0
弟弟,2,167,5.3,4.973,5.307,0
结束,2,166,8.4,5.151,4.526,0
抹蜜,2,165,8.2,2.305,4.655,1
遇到,2,165,5.7,3.630,3.100,0
操作,2,164,6.3,4.156,5.150,0
太郎,2,164,5.5,2.249,2.853,1
巅峰,2,163,10.0,3.654,3.282,1
氪金,2,163,6.8,5.799,5.675,1
华农,2,163,7.8,5.431,4.213,1
白鼠,2,162,5.6,3.577,4.956,1
师傅,2,162,7.2,5.377,4.673,0
嗯嗯,2,162,7.5,2.987,2.830,1
韭菜,2,161,8.8,2.571,5.349,1
恐惧,2,161,8.4,4.037,4.527,0
黄队,2,160,5.6,5.497,5.014,1
救命,2,160,7.1,3.971,4.123,0
队友,2,160,6.0,5.474,6.019,1
战争,2,159,5.5,5.576,5.453,0
跟着,2,159,6.3,5.710,4.438,0
暴击,2,159,6.6,4.546,5.650,1
滴滴,2,158,7.5,2.666,3.469,1
总统,2,157,8.1,4.704,5.563,0
坂本,2,157,6.4,3.600,3.756,1
河北,2,156,7.7,4.897,3.366,0
半夜,2,156,7.4,4.209,3.468,0
故事,2,156,6.8,4.190,5.009,0
核平,2,154,6.8,5.137,4.663,1
健康,2,153,9.1,3.269,3.889,0
素质,2,153,6.0,5.494,3.227,0
果然,2,153,6.0,5.953,4.864,0
加速,2,153,5.4,3.581,3.718,0
合拍,2,152,7.2,3.377,4.708,1
叽叽,2,152,9.9,2.150,2.080,1
甩锅,2,151,8.8,5.509,5.367,1
报道,2,151,5.4,4.130,5.665,0
提前,2,151,5.1,5.468,5.594,0
宝具,2,150,7.1,4.451,5.246,1
粉丝,2,150,7.6,5.213,5.458,1
懵逼,2,150,6.3,3.868,5.386,1
希望,2,150,8.8,4.829,5.102,0
面板,2,149,5.7,5.032,6.301,1
江湖,2,149,7.9,3.303,2.492,0
青春,2,148,7.9,3.846,4.426,0
认识,2,148,8.3,2.518,4.598,0
简介,2,148,8.1,2.177,5.326,1
传奇,2,147,5.1,2.292,5.327,0
雷姆,2,146,6.2,5.293,4.725,1
宝宝,2,145,5.0,2.997,4.292,1
作者,2,145,5.2,5.231,5.314,0
沙雕,2,145,9.6,5.064,5.572,1
奶妈,2,144,6.1,5.799,4.044,1
瞩目,2,144,6.6,6.166,6.049,1
枪兵,2,143,5.4,3.838,3.659,1
周姐,2,142,6.6,5.528,5.334,1
社会,2,142,6.9,4.882,5.337,0
乐器,2,142,6.1,4.535,5.849,0
黄金,2,142,5.2,5.296,3.871,0
寻常,2,141,7.6,3.450,3.348,0
存活,2,140,6.1,4.149,4.793,1
变脸,2,140,5.9,2.142,5.656,1
额额,2,139,7.6,2.240,2.680,1
国际,2,139,6.9,5.117,4.577,0
歌词,2,139,5.0,5.470,5.550,0
罗汉,2,138,6.7,5.079,4.987,1
东北,2,138,6.5,5.222,3.350,0
娜扎,2,138,8.1,4.893,5.253,1
吐痰,2,136,8.4,4.417,4.813,1
母语,2,136,6.6,5.335,5.319,1
贝爷,2,135,6.2,5.489,5.301,1
阿迪,2,135,5.7,4.747,3.520,1
抖音,2,135,5.5,5.295,3.904,1
收藏,2,135,7.7,4.958,4.647,0
保证,2,134,7.3,4.353,2.807,0
唱歌,2,134,5.3,4.487,5.297,0
蝙蝠,2,134,10.6,5.201,3.824,0
攻击,2,134,6.2,4.815,5.727,0
鲁迅,2,133,7.9,3.396,2.700,0
撤硕,2,133,9.1,5.166,5.077,1
补刀,2,132,7.5,5.384,4.876,1
莱莱,2,132,7.1,5.450,2.903,1
尴尬,2,132,10.2,5.221,5.320,0
网课,2,132,8.2,4.393,4.920,1
支持,2,132,9.0,5.295,5.659,0
麻衣,2,131,7.2,3.110,2.707,1
冠军,2,131,7.6,2.396,3.120,0
哇哦,2,131,5.2,5.179,4.723,1
夺笋,2,130,10.2,3.624,2.427,1
惨叫,2,129,6.4,2.077,5.722,1
团长,2,129,5.8,4.961,4.223,0
虽然,2,129,7.6,4.888,4.272,0
咳咳,2,129,9.7,3.260,3.214,1
泰勒,2,128,8.9,4.689,2.185,1
西瓜,2,128,6.7,5.161,3.167,0
超度,2,128,5.9,5.043,4.184,1
学校,2,127,7.1,3.991,5.427,0
植物,2,127,8.7,2.811,2.277,0
岳岳,2,126,8.0,3.118,5.127,1
吃饭,2,126,5.6,4.317,4.547,0
学习,2,126,6.8,5.157,5.087,0
汤姆,2,125,8.4,5.192,4.550,1
关注,2,125,6.1,5.228,4.233,0
粑粑,2,125,9.2,4.852,4.278,1
猪猪,2,125,6.9,3.692,2.430,1
同学,2,125,5.4,4.186,5.149,0
大招,2,125,5.2,5.279,5.153,1
官方,2,125,5.8,5.096,5.380,0
笑抽,2,125,5.5,4.962,2.656,1
电脑,2,125,6.2,5.177,5.155,0
盖亚,2,124,6.9,3.749,3.646,1
可惜,2,124,6.6,4.604,4.073,0
钢铁,2,123,8.3,3.733,2.426,0
选择,2,123,8.9,3.007,4.204,0
宝藏,2,123,6.5,3.501,5.102,1
帽子,2,123,6.0,2.984,3.417,0
熟悉,2,123,10.1,4.844,2.415,0
速度,2,122,6.0,4.101,5.427,0
替身,2,122,6.6,3.891,3.103,1
某幻,2,122,8.1,5.035,4.587,1
啧啧,2,121,9.8,3.261,3.353,1
桌子,2,121,5.6,4.519,2.903,0
倒放,2,121,6.7,5.083,5.073,1
皮肤,2,121,8.1,4.435,4.411,0
年轻,2,121,6.8,5.034,3.161,0
水壶,2,120,8.2,3.554,4.436,1
客串,2,120,8.9,2.226,5.253,1
瞬间,2,120,5.5,5.517,5.471,0
厕所,2,120,8.1,3.201,5.378,0
技术,2,120,6.7,5.464,3.822,0
黄磊,2,119,7.7,4.324,3.409,1
游乐,2,119,5.2,5.052,2.232,1
绅士,2,118,8.3,3.369,2.738,0
章鱼,2,117,7.7,4.998,2.654,1
太宰,2,117,5.8,3.734,2.477,1
闪电,2,117,6.5,4.229,2.874,0
致敬,2,117,6.1,4.871,5.215,1
漫游,2,116,6.4,4.938,4.752,1
坚持,2,116,8.8,4.282,3.268,0
单押,2,116,6.5,5.194,3.152,1
食堂,2,116,7.0,4.588,5.216,0
清醒,2,115,7.5,2.971,2.547,0
鲲鲲,2,115,7.5,5.348,5.523,1
走位,2,115,5.1,3.314,4.119,1
赠送,2,114,7.1,4.499,3.242,0
佩服,2,114,7.2,4.377,4.357,0
合理,2,114,6.1,4.744,5.037,0
先生,2,114,5.3,4.272,4.179,0
螳螂,2,113,10.9,4.059,4.694,0
用餐,2,112,6.6,2.780,5.102,1
血条,2,112,5.9,4.648,4.872,1
垃圾,2,112,9.1,5.160,5.845,0
玻璃,2,112,10.7,4.326,5.021,0
满分,2,112,5.9,4.908,5.626,1
济宁,2,111,8.5,4.454,3.271,1
丧尸,2,111,8.2,5.486,5.395,1
推荐,2,111,9.9,4.842,4.244,0
毁灭,2,111,7.4,5.569,2.203,0
香蕉,2,111,5.5,4.251,2.012,0
求生,2,111,5.2,4.969,2.288,1
弹夹,2,110,5.8,3.582,4.612,1
蓄力,2,110,7.0,3.922,3.923,1
铃声,2,110,7.4,4.215,4.589,0
翻唱,2,110,6.0,3.520,2.489,1
杰伦,2,109,7.6,2.039,4.431,1
回归,2,109,5.4,2.013,5.729,0
痕迹,2,109,9.8,2.759,5.659,0
OK,2,109,5.5,4.688,4.402,1
无缝,2,109,6.9,5.239,2.405,1
光枪,2,108,5.0,4.807,5.386,1
病毒,2,108,6.6,4.150,4.781,0
确认,2,108,7.5,4.527,3.137,0
评论,2,108,7.2,4.866,4.136,0
召唤,2,108,10.6,3.508,4.709,0
旺旺,2,108,9.7,2.956,3.446,1
哼哼,2,108,9.3,2.574,2.125,1
羊羊,2,108,8.8,2.007,2.311,1
快跑,2,108,6.2,4.480,3.742,1
临沂,2,107,9.9,4.033,2.805,1
剑圣,2,107,6.2,5.530,5.002,1
模式,2,107,8.0,4.837,5.482,0
靠谱,2,106,5.8,3.016,4.177,1
抖腿,2,106,7.6,5.092,5.240,1
国旗,2,106,7.0,2.232,4.641,0
腾讯,2,106,9.6,5.199,4.196,1
圣衣,2,105,6.3,3.876,2.692,1
回忆,2,105,6.7,4.512,4.888,0
微笑,2,105,5.5,4.108,4.325,0
赌侠,2,105,7.9,3.270,4.474,1
舒适,2,105,8.6,3.170,5.376,0
男孩,2,105,5.2,4.138,5.054,0
近战,2,104,6.2,4.481,4.253,1
怀念,2,104,7.2,4.371,5.491,0
中止,2,104,5.0,2.316,4.731,1
教育,2,104,8.2,4.855,5.355,0
叛变,2,104,7.7,4.267,4.046,0
科学,2,104,6.5,4.855,2.346,0
闪灵,2,103,6.0,5.002,4.044,1
嚯嚯,2,103,9.7,2.418,2.311,1
狒狒,2,103,9.6,5.264,3.376,1
差评,2,103,6.3,4.552,4.929,1
嫉妒,2,103,10.8,4.093,3.829,0
讲究,2,102,8.8,4.237,5.502,0
安排,2,102,6.2,5.397,4.000,0
青岛,2,102,7.0,4.096,3.300,0
难道,2,101,5.3,4.615,3.463,0
妙哉,2,100,6.5,4.433,4.501,1
反应,2,100,5.1,4.208,3.268,0
细节,2,100,8.1,5.205,5.059,0
二奶,2,99,5.6,4.664,4.559,1
解决,2,99,7.7,3.029,5.080,0
屁股,2,99,8.6,4.429,5.290,0
存在,2,99,5.0,2.714,3.156,0
电视,2,98,5.4,4.314,3.812,0
萨斯,2,98,6.6,2.141,3.201,1
主义,2,98,5.3,2.910,5.330,0
爱拍,2,97,5.5,4.368,4.534,1
截图,2,97,8.6,5.375,3.399,1
配音,2,97,5.5,5.395,5.542,1
低调,2,97,6.6,2.693,2.846,1
赶紧,2,97,9.6,4.177,5.432,0
苹果,2,97,8.6,4.712,5.156,0
可怜,2,96,6.8,4.442,3.988,0
极度,2,96,5.7,5.155,2.226,0
上瘾,2,96,6.1,5.389,3.006,1
负债,2,95,9.5,4.535,2.091,1
相信,2,95,6.5,3.998,3.820,0
跳舞,2,95,6.0,4.865,4.690,0
犬决,2,94,8.5,4.039,3.216,1
暴力,2,94,5.2,4.804,4.616,0
娘炮,2,94,7.1,3.400,4.764,1
闸总,2,94,8.6,4.221,4.431,1
蓝字,2,94,5.8,5.615,5.317,1
棒棒,2,94,6.9,4.554,4.012,1
原谅,2,94,7.2,4.325,3.780,0
蛇皮,2,93,7.1,3.371,2.082,1
画面,2,93,5.1,4.440,4.764,0
阿姨,2,93,6.4,3.035,3.231,0
内裤,2,92,6.0,2.596,4.214,1
台词,2,92,6.1,4.772,5.423,0
最佳,2,91,6.9,2.795,4.491,0
正常,2,91,5.2,4.635,5.104,0
上坟,2,90,5.8,3.398,2.044,1
曹操,2,90,8.0,3.803,2.676,0
自闭,2,90,5.8,3.691,3.174,1
挑战,2,90,6.3,3.797,5.201,0
宇宙,2,90,9.8,4.517,4.890,0
治愈,2,89,8.3,3.447,2.047,1
搬运,2,89,9.0,3.677,3.256,0
麦片,2,89,6.9,2.322,5.283,1
电话,2,89,5.1,4.347,4.828,0
潍坊,2,88,11.1,3.500,3.727,1
雏田,2,88,9.8,3.975,4.239,1
第七,2,88,6.0,4.938,2.526,0
背包,2,88,6.3,4.590,3.958,0
降智,2,88,7.0,5.470,2.067,1
停止,2,88,5.2,4.127,3.794,0
许嵩,2,87,9.5,4.589,4.021,1
列宁,2,87,6.5,3.403,2.315,0
欧阳,2,87,5.5,2.507,4.161,1
硬核,2,87,5.7,5.113,5.217,1
围观,2,87,8.8,2.791,5.446,1
网易,2,87,8.0,5.324,3.451,1
记住,2,87,6.2,4.815,3.085,0
姥姥,2,86,7.6,2.768,4.871,0
唐僧,2,86,9.3,4.054,3.683,1
迷惑,2,86,9.1,3.322,2.664,0
品如,2,86,6.1,3.756,2.395,1
块钱,2,86,5.5,3.126,4.329,1
晚安,2,85,6.3,4.949,3.493,1
旁边,2,85,8.3,4.867,4.330,0
偷袭,2,84,8.9,3.965,3.775,1
麻麻,2,84,7.1,3.976,3.785,1
输出,2,84,5.2,5.114,5.184,0
未遂,2,84,8.8,3.596,5.060,1
继续,2,84,9.2,4.783,5.608,0
樱花,2,84,6.2,3.672,3.182,1
格伦,2,83,7.5,5.071,4.375,1
顾昀,2,83,7.9,4.442,4.014,1
妖王,2,83,5.8,4.499,3.785,1
即将,2,83,7.2,5.851,4.943,0
主角,2,83,6.0,4.669,5.027,0
标题,2,83,6.5,4.542,4.880,0
消息,2,83,8.2,2.651,4.109,0
石灰,2,82,8.3,4.003,4.415,0
略略,2,82,9.4,2.606,2.601,1
地狱,2,81,6.4,5.223,3.824,0
那些,2,81,5.3,5.284,4.952,0
反向,2,81,5.3,4.816,4.221,1
计划,2,81,7.8,3.753,5.026,0
效果,2,81,7.0,4.737,4.891,0
机器,2,81,5.5,5.080,2.677,0
纳尼,2,80,7.2,4.139,3.942,1
代表,2,80,5.1,4.293,4.714,0
马赛,2,80,5.1,3.800,4.099,1
奇迹,2,80,7.2,2.411,5.062,0
满血,2,79,5.8,4.202,4.701,1
书记,2,79,6.6,5.201,4.810,0
更佳,2,79,7.6,2.066,4.392,1
广告,2,79,5.8,5.023,5.387,0
道歉,2,79,6.8,4.785,4.375,0
济南,2,78,8.0,4.256,2.057,0
武器,2,78,6.7,4.641,4.333,0
开启,2,78,5.1,4.709,4.586,1
降临,2,78,8.0,4.070,4.334,0
渣男,2,78,6.4,4.929,5.237,1
山兔,2,77,7.0,3.071,3.966,1
呼吸,2,77,7.0,2.142,2.460,0
公司,2,77,5.6,4.576,5.203,0
苏联,2,77,5.7,4.869,4.011,0
刺激,2,77,6.1,5.010,5.109,0
吹爆,2,76,6.3,4.728,4.800,1
拔刀,2,76,7.3,3.920,3.424,1
躺枪,2,76,7.8,4.211,4.836,1
灵性,2,76,5.4,3.818,4.404,1
参见,2,76,6.0,4.839,3.793,1
主题,2,76,5.5,4.570,3.474,0
劳资,2,76,9.5,4.200,4.914,0
淄博,2,75,9.9,4.121,3.211,1
答案,2,75,8.6,4.460,3.435,0
有趣,2,75,5.0,4.859,4.582,0
姑娘,2,75,9.0,3.512,4.563,0
牛掰,2,75,5.5,5.272,5.146,1
容易,2,75,7.5,2.676,4.640,0
弑神,2,74,6.6,4.961,3.005,1
哒宰,2,74,6.9,3.767,3.039,1
嘴型,2,74,6.8,4.983,3.565,1
抬棺,2,74,9.7,2.499,3.214,1
广东,2,74,5.9,3.902,2.076,0
隔壁,2,74,7.7,4.943,5.149,0
油管,2,74,6.2,4.659,4.084,1
果断,2,74,6.8,4.657,3.922,0
睡觉,2,74,6.5,4.704,5.102,0
手势,2,74,5.3,4.553,5.346,0
实锤,2,74,5.9,4.899,4.572,1
蚂蚁,2,73,11.0,4.110,2.212,0
接受,2,73,6.3,4.093,3.548,0
残忍,2,73,7.6,2.303,2.510,0
考试,2,73,6.5,5.056,5.292,0
精彩,2,73,7.6,5.202,4.861,0
体验,2,73,6.3,4.305,4.251,0
试试,2,73,7.9,5.320,4.900,1
盲猜,2,73,9.4,4.942,5.440,1
呆妹,2,72,7.6,5.175,4.757,1
响指,2,72,6.9,2.373,4.920,1
急急,2,72,9.1,2.607,2.460,0
知识,2,72,6.4,3.413,3.590,0
而已,2,72,5.2,5.525,4.472,0
炸裂,2,72,5.3,5.061,4.857,1
极限,2,72,6.5,4.288,3.367,0
左边,2,72,6.6,5.309,4.572,0
手刹,2,71,6.9,3.801,3.504,1
甜甜,2,71,5.1,2.383,2.366,1
办法,2,71,6.6,2.618,3.517,0
复习,2,71,6.5,3.516,4.994,0
电鳗,2,71,7.6,4.034,5.158,1
丢丢,2,71,6.1,2.123,2.000,1
演讲,2,71,6.5,3.971,5.363,0
放屁,2,71,5.9,4.801,4.504,1
贝尔,2,71,5.4,4.294,3.440,1
聊城,2,70,5.8,3.905,2.409,1
懒狗,2,70,7.2,3.011,4.803,1
螺旋,2,70,9.4,4.062,2.507,0
孤儿,2,70,6.5,4.823,4.390,0
终极,2,70,5.9,4.356,3.549,0
德州,2,70,6.5,4.281,3.249,1
鞭尸,2,70,7.6,4.417,5.014,1
工作,2,70,5.5,4.892,4.753,0
免费,2,70,8.7,4.250,4.712,0
泰安,2,69,6.3,3.959,2.635,1
滚滚,2,69,7.5,2.504,2.659,0
迪迦,2,69,8.2,3.101,2.736,1
绞,2,69,7.9,4.849,2.916,1
结婚,2,69,8.1,4.335,3.650,0
复仇,2,69,7.5,4.278,2.321,0
恋爱,2,69,6.0,3.943,4.209,0
软件,2,68,9.6,4.266,4.950,0
联合,2,68,5.7,4.708,2.173,0
音效,2,68,5.4,4.930,5.300,1
守护,2,68,5.6,3.507,4.864,1
歪嘴,2,67,7.1,4.344,2.496,1
捣蛋,2,67,8.8,2.814,2.712,1
菊花,2,67,6.5,5.267,4.915,0
阴影,2,67,6.6,2.243,4.439,0
登场,2,67,5.7,4.516,5.146,1
很棒,2,67,5.3,4.636,4.732,1
变态,2,67,6.9,4.129,5.089,0
慈善,2,67,8.2,3.581,4.315,1
怀疑,2,67,7.6,2.992,3.990,0
噜啦,2,67,5.4,2.760,2.130,1
诈骗,2,66,8.5,4.496,3.470,1
北京,2,66,6.7,4.123,3.196,0
欧叔,2,66,6.5,4.572,3.364,1
恰饭,2,66,7.5,4.874,4.453,1
乔治,2,65,5.9,2.247,2.059,1
狮子,2,65,5.6,4.349,3.389,0
楼上,2,65,5.3,4.589,4.156,0
罗翔,2,65,6.6,3.045,3.191,1
哦豁,2,65,7.4,4.908,4.726,1
圣帝,2,64,5.8,3.982,3.946,1
梅西,2,64,6.2,3.682,4.035,1
第四,2,64,5.3,4.923,2.496,0
料理,2,64,7.5,3.844,4.454,1
去势,2,64,5.2,3.525,3.216,1
XX,2,64,7.0,2.499,2.435,1
蹦迪,2,64,8.7,4.500,4.316,1
沉迷,2,64,9.0,4.400,3.043,1
卢本伟,3,3111,7.3,5.359,5.005,1
对不起,3,2559,6.4,3.352,4.323,0
吴亦凡,3,1960,7.4,4.657,3.507,1
行不行,3,1426,5.9,2.972,5.488,1
BGM,3,1196,6.1,6.341,3.906,1
蔡徐坤,3,1176,7.8,6.192,5.706,1
为什么,3,1013,5.2,6.287,5.813,0
全明星,3,1007,6.6,5.565,5.424,1
ing,3,978,5.0,4.465,4.363,1
郭敬明,3,936,5.8,2.773,5.338,1
特朗普,3,918,7.5,5.880,5.519,1
skr,3,830,6.2,5.266,5.299,1
你再骂,3,805,5.2,5.691,3.772,1
王境泽,3,774,7.2,6.312,6.488,1
up主,3,766,6.3,6.438,6.109,1
小甜心,3,757,6.5,4.537,4.638,1
艾瑞克,3,751,7.7,4.286,5.933,1
律师函,3,742,8.7,6.425,2.885,1
命根子,3,700,6.2,4.228,5.286,1
兄弟们,3,670,6.1,4.992,4.273,1
两开花,3,639,7.0,3.971,5.029,1
啦啦啦,3,632,7.2,2.897,2.936,1
新世界,3,623,7.1,2.796,6.590,1
计数君,3,610,8.1,5.927,5.705,1
FBI,3,606,6.8,5.525,3.352,1
调音师,3,596,6.7,2.735,6.557,1
华盛顿,3,584,8.3,3.986,2.672,0
草草草,3,565,6.6,2.100,2.238,1
开头见,3,561,5.5,5.854,6.271,1
没内味,3,476,5.7,5.691,3.027,1
战胜它,3,461,7.1,4.066,3.657,1
闹太套,3,446,8.8,3.418,3.231,1
大制作,3,446,5.2,5.766,6.114,1
带制作,3,443,6.8,6.064,6.589,1
呜呜呜,3,440,8.3,3.034,3.318,1
名场面,3,437,7.0,5.795,6.171,1
金坷垃,3,401,7.9,4.857,5.128,1
嘤嘤嘤,3,401,8.6,2.845,2.880,1
冲冲冲,3,400,7.8,3.186,3.163,1
开口跪,3,399,5.9,5.867,6.502,1
斯大林,3,378,7.5,4.552,2.863,0
老番茄,3,377,5.9,5.270,4.558,1
杀老师,3,352,6.7,4.745,2.886,1
汪汪队,3,339,6.6,4.770,2.279,1
没毛病,3,337,6.3,3.709,4.296,1
正能量,3,332,7.4,4.427,4.592,1
进度条,3,331,5.7,5.884,5.724,1
可还行,3,331,6.4,7.307,6.056,1
罗斯福,3,315,8.0,4.173,2.108,1
川建国,3,314,7.4,4.844,3.522,1
黄月英,3,310,7.2,4.859,3.736,1
烤面筋,3,295,7.9,4.150,5.066,1
方文山,3,281,6.9,2.390,5.652,1
卢姥爷,3,279,7.1,5.856,5.627,1
马老师,3,270,5.4,5.718,5.915,1
秦始皇,3,262,7.1,3.562,2.160,0
挺好听,3,262,6.4,2.431,3.740,1
爷青回,3,258,7.0,5.583,5.951,1
小时前,3,240,6.0,3.810,5.047,1
希拉里,3,238,7.2,4.219,3.005,1
诸葛亮,3,237,6.8,4.262,3.867,0
cxk,3,237,6.8,5.601,5.287,1
波澜哥,3,235,6.7,5.781,5.813,1
好家伙,3,234,5.4,5.613,4.830,1
李云龙,3,230,8.2,5.006,4.843,1
乔碧萝,3,229,8.8,5.675,5.297,1
gay,3,229,5.6,5.307,5.017,1
在现场,3,222,5.9,5.422,5.390,1
忘记原,3,220,6.9,4.744,2.075,1
rap,3,218,5.8,5.679,6.026,1
耳机党,3,213,8.8,5.869,4.743,1
鬼畜区,3,208,6.7,5.494,5.932,1
包邮吗,3,207,6.6,5.100,4.189,1
在一起,3,207,5.7,3.718,3.376,1
有道理,3,205,5.6,4.454,4.822,0
无压力,3,203,6.7,2.184,5.280,1
金志文,3,196,7.5,4.877,4.129,1
五五开,3,190,5.9,5.128,5.144,1
音乐区,3,185,7.2,4.972,4.418,1
小姐姐,3,184,6.3,4.353,5.270,1
叫老八,3,180,5.5,3.179,4.688,1
卢老爷,3,180,7.1,5.606,3.814,1
马化腾,3,178,7.0,4.796,4.626,1
QAQ,3,171,7.7,5.669,4.402,1
面筋哥,3,170,5.6,5.497,5.136,1
神秘客,3,164,6.7,4.994,4.545,1
是你吗,3,164,5.1,5.183,4.560,1
女朋友,3,154,6.2,3.943,5.295,1
高音哥,3,153,6.7,5.600,5.349,1
这首歌,3,153,5.5,5.772,5.730,1
还以为,3,150,5.4,2.684,3.575,1
菜虚鲲,3,146,8.6,4.718,4.694,1
六六六,3,144,8.0,3.057,3.048,1
好日子,3,143,5.5,2.621,2.993,0
针不戳,3,140,9.6,5.304,5.488,1
王司徒,3,137,6.8,5.606,4.663,1
梁非凡,3,135,7.4,4.305,4.274,1
老女人,3,132,5.1,4.435,4.697,1
scp,3,132,5.8,4.109,2.934,1
忍不住,3,131,8.8,4.865,3.040,0
次元斩,3,130,6.2,4.580,3.547,1
二倍速,3,130,6.3,5.462,5.259,1
阿婆主,3,129,7.3,5.237,5.079,1
司马脸,3,128,7.1,4.785,5.330,1
表示很,3,128,5.7,4.794,4.420,1
李世民,3,127,8.6,4.409,2.953,1
胡一菲,3,126,9.3,5.171,4.997,1
OMG,3,125,7.1,5.058,4.566,1
花之舞,3,124,7.0,4.242,5.158,1
绿月英,3,124,6.5,4.584,4.915,1
心肝儿,3,123,6.6,3.879,3.678,1
ark,3,123,5.0,2.081,3.858,1
站起来,3,122,5.5,3.727,3.238,0
新宝岛,3,120,7.7,4.854,4.992,1
播放量,3,120,5.7,4.030,5.613,1
在狂笑,3,120,6.2,2.064,5.186,1
UP主,3,119,7.1,5.153,5.304,1
单身狗,3,117,7.7,3.767,4.078,1
钞能力,3,114,7.1,5.051,5.681,1
穿衣服,3,113,7.2,2.967,3.626,1
挡字幕,3,112,7.0,4.796,3.752,1
枪斗术,3,111,8.2,4.397,5.470,1
大伊万,3,111,5.7,3.470,4.516,1
家乡话,3,111,7.3,5.525,5.368,1
对对对,3,111,6.4,2.555,2.678,1
开口脆,3,110,5.9,5.423,5.699,1
叽叽叽,3,108,9.9,2.245,2.148,1
战地5,3,107,5.2,3.584,4.390,1
SCP,3,105,7.0,4.179,2.846,1
美汁汁,3,105,7.1,4.538,4.122,1
看简介,3,105,6.1,4.246,4.807,1
吴军豹,3,104,7.9,4.588,4.754,1
黄圣依,3,103,6.6,4.811,4.738,1
觉得很,3,103,5.5,5.473,2.647,1
没看过,3,103,5.1,5.023,4.220,1
小伙子,3,103,5.0,3.280,4.858,0
河南人,3,101,5.1,4.267,3.366,1
有点像,3,101,5.4,5.474,5.786,1
岳云鹏,3,100,9.4,4.260,4.231,1
shy,3,100,5.2,2.388,3.082,1
圆润啦,3,98,6.7,2.392,2.119,1
猛男版,3,97,6.9,3.465,3.757,1
马保国,3,97,6.9,4.953,4.629,1
中国话,3,97,6.3,3.737,4.592,1
见封进,3,96,5.4,4.094,4.652,1
肚子疼,3,96,8.0,3.222,5.417,1
噶韭菜,3,95,7.6,4.800,4.480,1
葫芦娃,3,95,8.1,4.199,4.535,1
已上线,3,95,6.7,2.957,4.788,1
怎么办,3,95,6.8,4.591,4.120,0
kkk,3,95,6.1,2.591,2.726,1
不对劲,3,94,5.2,2.789,5.256,1
不至于,3,94,5.1,2.948,3.043,0
宇智波,3,93,8.6,2.977,3.674,1
两倍速,3,93,6.1,5.083,4.900,1
语翻译,3,92,6.2,3.123,4.637,1
克里斯,3,92,7.4,4.933,2.855,1
DIO,3,92,6.7,4.191,4.027,1
司马懿,3,91,8.8,3.510,2.690,1
已阵亡,3,91,6.4,3.355,5.344,1
兄弟萌,3,91,7.4,4.353,2.165,1
不愧是,3,91,5.3,4.946,4.271,1
武则天,3,90,6.2,3.107,2.042,1
幸运E,3,89,7.7,2.979,5.525,1
黄晓明,3,89,5.8,5.152,5.311,1
没想到,3,89,5.6,4.552,4.346,0
伏拉夫,3,87,8.1,3.072,3.234,1
不要脸,3,87,5.2,3.178,5.348,1
看不到,3,87,5.1,4.846,2.439,1
飞雷神,3,86,5.4,3.242,2.470,1
黄俊郎,3,86,7.8,2.376,5.152,1
买小米,3,85,8.1,2.071,3.286,1
小心肝,3,85,5.3,3.500,3.489,1
毁童年,3,85,7.3,4.978,4.772,1
罗志祥,3,85,8.0,4.502,3.741,1
条弹幕,3,85,5.1,3.067,4.701,1
小哥哥,3,83,5.3,3.016,4.944,1
你在骂,3,83,5.2,4.687,3.543,1
逮虾户,3,83,9.5,3.565,3.347,1
清明节,3,82,8.7,2.488,2.792,1
听不懂,3,82,6.1,4.736,5.119,1
本来就,3,82,5.8,5.313,2.011,1
孟鹤堂,3,81,8.8,5.236,4.399,1
纳兰迦,3,81,9.8,4.440,4.120,1
战歌起,3,81,6.0,4.342,4.057,1
香蕉君,3,80,7.1,3.656,2.902,1
周杰伦,3,79,8.3,4.416,4.079,1
美食家,3,79,6.9,2.878,4.911,1
洛天依,3,77,9.3,3.560,3.580,1
字幕君,3,77,5.9,4.312,5.453,1
毁灭者,3,77,8.0,5.180,4.636,1
章承恩,3,76,9.1,2.172,2.199,1
石家庄,3,76,9.3,5.116,3.596,0
说实话,3,76,6.8,5.111,3.695,1
小公举,3,76,6.7,2.288,4.074,1
打不过,3,75,5.4,4.127,5.053,1
陈刀仔,3,75,9.7,3.011,3.823,1
怀怀绿,3,73,6.5,3.726,4.243,1
谭警官,3,72,9.5,4.368,4.320,1
药家鑫,3,72,9.2,4.392,4.683,1
CIA,3,72,7.0,4.732,3.438,1
章鱼哥,3,72,6.6,4.434,4.363,1
孙悟空,3,72,8.5,3.527,2.893,0
维吉尔,3,71,7.7,4.918,3.797,1
黑喂狗,3,71,7.8,3.679,4.330,1
计数菌,3,71,8.1,5.058,4.957,1
派大星,3,71,7.7,3.778,3.622,1
WTF,3,71,6.2,4.233,4.181,1
陈独秀,3,71,7.3,4.352,3.928,0
万播放,3,71,5.6,2.604,3.029,1
刻刻帝,3,70,8.7,5.100,4.014,1
忘了原,3,70,6.1,4.268,2.206,1
这一段,3,70,5.4,4.810,4.805,1
鸭戮江,3,69,9.4,4.165,3.446,1
亲兄弟,3,69,5.4,2.606,3.563,1
胃溃疡,3,68,10.9,4.862,5.278,1
郭老师,3,68,5.3,3.885,4.459,1
LOL,3,68,5.1,5.211,5.055,1
小岳岳,3,67,6.1,4.939,4.719,1
压路机,3,67,7.6,3.850,5.098,1
笑出声,3,67,6.3,4.704,4.854,1
正在看,3,67,5.4,2.083,4.913,1
阴阳人,3,67,5.0,2.812,2.784,1
神经病,3,67,6.7,3.945,3.270,1
杜鲁门,3,66,7.8,3.587,2.088,1
战地五,3,66,6.7,3.486,3.879,1
嚯嚯嚯,3,66,9.9,2.637,2.758,1
二重唱,3,66,7.5,2.710,5.287,1
艺术品,3,65,8.2,3.223,2.464,0
钢铁侠,3,64,8.5,3.569,2.582,1
火钳刘明,4,13987,5.6,5.904,6.254,1
害怕害怕,4,12692,5.4,3.190,3.260,1
下次一定,4,8568,6.0,5.006,5.361,1
彳亍彳亍,4,6719,6.0,2.842,3.020,1
全体起立,4,3646,6.7,5.007,4.489,1
祖传开头,4,3513,6.4,4.739,4.821,1
前方高能,4,3109,6.4,5.316,4.971,1
再来亿遍,4,2753,6.6,6.350,6.781,1
要素过多,4,2427,6.2,6.291,6.715,1
永久反弹,4,1975,6.6,3.282,4.021,1
暂停成功,4,1943,7.6,5.839,5.873,1
聊什么呢,4,1799,7.1,5.469,5.710,1
牛逼牛逼,4,1644,6.2,2.608,2.637,1
鸡你太美,4,1537,6.8,4.480,4.614,1
泪目泪目,4,1385,6.6,4.127,4.268,1
白嫖失败,4,1272,7.2,6.211,6.734,1
反弹反弹,4,1089,6.6,2.692,3.615,1
再来一遍,4,1065,6.5,5.601,6.032,1
百万填词,4,864,7.3,5.979,6.403,1
文艺复兴,4,838,7.5,5.839,6.185,0
欢迎回来,4,823,5.5,6.079,6.370,1
上香上香,4,766,6.3,3.434,3.552,1
门都没有,4,753,5.8,4.437,4.745,1
烈士暮年,4,725,7.3,5.210,5.563,1
巴拉巴拉,4,703,7.1,5.510,3.596,1
每天一遍,4,678,6.4,6.125,5.556,1
苏卡不列,4,651,8.2,4.773,4.655,1
开幕雷击,4,621,5.9,6.227,6.401,1
前方核能,4,592,6.4,4.143,3.413,1
每天亿遍,4,589,6.6,6.008,6.123,1
献出心脏,4,587,8.9,3.770,2.991,1
镇站之宝,4,550,7.8,4.878,6.304,1
注入灵魂,4,548,7.9,6.163,6.728,1
完全一致,4,529,7.6,4.845,5.499,1
卧槽卧槽,4,476,7.6,2.311,2.422,1
厚颜无耻,4,458,8.9,2.705,2.446,1
紫色激情,4,449,7.9,3.371,5.615,1
高能预警,4,443,6.7,2.690,5.611,1
混入其中,4,433,7.3,5.606,5.890,1
百万调音,4,430,7.2,5.955,2.729,1
啦啦啦啦,4,427,7.2,2.103,2.092,1
好活当赏,4,425,5.6,6.125,6.315,1
天皇驾崩,4,420,6.2,4.282,4.338,1
前来考古,4,420,6.3,3.116,6.665,1
每日一刷,4,418,7.5,5.695,6.286,1
离谱离谱,4,417,7.5,4.991,5.008,1
高级弹幕,4,412,6.8,5.899,5.094,1
厉害厉害,4,402,5.4,5.499,5.644,1
开花开花,4,385,5.9,2.708,2.855,1
法外狂徒,4,357,8.0,3.480,2.976,1
干得漂亮,4,350,7.4,4.693,4.704,1
每日一遍,4,342,5.7,5.734,5.735,1
分期付款,4,332,7.8,2.384,2.556,1
中门对狙,4,329,7.3,4.908,5.547,1
最后亿遍,4,325,6.5,5.952,6.258,1
赫鲁晓夫,4,315,8.3,4.671,3.025,1
真实真实,4,309,6.2,3.849,4.089,1
正道的光,4,297,7.6,5.183,5.388,1
标准结局,4,297,8.8,5.851,6.282,1
建国同志,4,294,8.4,3.721,4.508,1
有生之年,4,285,5.8,5.897,6.167,1
标准开头,4,284,6.3,5.432,6.106,1
职业选手,4,272,7.1,4.619,2.818,1
诸神黄昏,4,268,8.3,4.892,5.428,1
亿万填词,4,268,5.5,5.188,5.386,1
正片开始,4,263,7.6,5.717,5.895,1
蕉迟但到,4,260,7.0,4.426,4.039,1
反复横跳,4,252,7.0,4.012,5.383,1
是魔鬼吗,4,251,5.2,2.017,4.722,1
那个男人,4,250,5.6,4.829,4.747,1
没有开挂,4,250,6.3,3.643,4.220,1
呜呜呜呜,4,246,8.1,2.442,2.588,1
蕾丝美女,4,244,7.4,4.911,4.964,1
JOJO,4,244,7.3,5.037,4.893,1
无中生友,4,243,7.1,4.228,4.708,1
虎狼之词,4,239,7.7,4.810,5.082,1
仙人指路,4,238,8.2,4.769,4.995,1
加油加油,4,236,7.4,2.413,2.303,1
每日亿遍,4,231,6.5,5.411,5.853,1
诸神之战,4,230,7.1,4.778,4.607,1
百万助攻,4,229,7.2,5.521,5.939,1
弹幕护体,4,226,6.6,5.153,5.265,1
回城加手,4,220,7.0,3.076,3.135,1
天皇亲征,4,220,6.2,4.095,4.354,1
可以可以,4,220,6.9,5.316,5.492,1
天皇遇刺,4,218,6.2,4.886,4.737,1
专业泪目,4,214,5.8,2.259,2.665,1
大快人心,4,212,6.0,4.230,4.161,1
众所周知,4,203,8.0,5.599,2.707,0
火前留名,4,200,5.6,5.362,5.621,1
火钳留名,4,200,5.6,5.075,5.233,1
泪目专业,4,199,5.7,2.073,2.452,1
罪不至此,4,198,8.2,5.483,5.098,1
耗子尾汁,4,196,8.8,4.959,4.991,1
进入房间,4,195,5.7,5.532,5.809,1
风评被害,4,193,5.4,5.869,5.728,1
尿素过多,4,192,6.6,4.789,4.977,1
有点好听,4,192,5.8,4.407,4.806,1
莫得灵魂,4,187,7.9,4.758,5.520,1
行尸走肉,4,184,6.4,5.154,5.014,1
诸葛琴魔,4,183,7.2,4.896,5.050,1
兄弟们把,4,182,6.2,4.881,3.320,1
逻辑鬼才,4,181,7.1,5.477,5.932,1
真香真香,4,180,6.2,2.393,2.583,1
好听好听,4,180,5.6,4.539,4.550,1
还挺好听,4,178,6.2,5.063,3.959,1
林肯公园,4,175,8.1,4.656,3.902,1
没有灵魂,4,174,6.1,4.630,5.171,1
谢罪警告,4,173,7.2,4.813,4.947,1
专门回来,4,171,5.5,4.655,2.832,1
土块土块,4,171,8.4,2.527,2.587,1
永不言败,4,169,7.6,2.908,2.108,1
哔哩哔哩,4,169,9.8,4.405,3.964,1
梅开二度,4,164,8.3,4.917,5.034,1
手机在震,4,163,7.1,3.292,2.261,1
要素溢出,4,161,6.2,4.777,5.455,1
猿形毕露,4,161,9.4,4.833,5.417,1
英文字幕,4,160,6.9,5.593,5.318,1
意大利炮,4,159,7.9,3.994,5.056,1
king,4,159,5.3,4.013,3.002,1
神仙打架,4,158,6.7,5.019,5.783,1
女少口阿,4,157,7.2,5.217,5.655,1
莫名好听,4,155,6.9,5.342,5.180,1
这个视频,4,154,5.5,5.046,5.659,1
sans,4,153,6.0,2.413,2.262,1
介入调查,4,151,9.6,2.960,5.551,1
原声大碟,4,150,7.3,4.860,5.285,1
干的漂亮,4,150,7.3,4.048,3.794,1
伊丽莎白,4,148,7.2,3.680,2.469,1
本色出演,4,148,7.0,5.348,5.741,1
顶风作案,4,146,8.9,5.620,5.812,1
邪不压正,4,143,7.6,2.443,2.695,1
鸡皮疙瘩,4,142,6.8,4.882,4.157,1
一模一样,4,140,5.1,4.984,5.050,0
儒雅随和,4,139,7.7,5.549,5.572,1
儿童鞋垫,4,138,7.6,4.927,5.472,1
粗鄙之语,4,137,7.9,5.499,5.626,1
疯狂踩点,4,137,7.1,5.166,5.373,1
众神归位,4,137,8.4,4.947,5.047,1
八顿将军,4,134,7.1,3.250,3.525,1
雨女无瓜,4,134,9.3,4.650,5.420,1
玉音放送,4,131,7.0,5.625,5.565,1
群魔乱舞,4,131,8.4,5.122,5.163,1
冬泳怪鸽,4,128,9.7,3.647,3.968,1
怎么回事,4,128,7.8,3.964,4.865,0
毫无压力,4,127,7.1,2.993,5.162,1
是个人才,4,127,5.2,3.396,5.756,1
章口就莱,4,123,8.7,4.724,4.623,1
开始吟唱,4,122,5.9,5.190,5.396,1
求BGM,4,122,6.4,4.436,4.772,1
天神下凡,4,121,6.2,4.337,4.065,1
三连三连,4,121,6.9,3.492,3.576,1
彳亍害怕,4,120,5.5,4.463,4.414,1
求bgm,4,120,6.2,5.453,5.783,1
kksk,4,119,7.1,4.456,4.766,1
万恶之源,4,119,6.9,5.303,5.494,1
停不下来,4,119,5.5,4.105,4.080,1
最后一遍,4,118,6.0,5.003,5.200,1
老天有眼,4,115,6.2,4.353,4.711,1
勉强能冲,4,115,8.0,4.011,4.587,1
梦幻联动,4,115,7.6,5.254,5.406,1
儿童邪典,4,114,7.6,4.413,4.990,1
好活好活,4,114,5.6,4.807,4.972,1
瑟瑟发抖,4,114,9.0,3.445,3.215,1
上头上头,4,113,6.2,3.763,4.117,1
万物皆可,4,113,6.9,4.383,2.707,1
蓝色魔女,4,112,7.4,4.618,5.112,1
混账东西,4,112,8.1,4.525,4.709,1
出来挨打,4,112,5.8,4.075,5.489,1
害怕彳亍,4,112,5.3,3.976,4.501,1
诸葛孔明,4,111,5.7,2.524,2.600,1
笑出猪叫,4,111,6.3,4.364,4.401,1
天皇驾到,4,111,5.4,4.459,4.879,1
安倍晋三,4,110,6.9,4.133,2.101,1
口区口区,4,110,7.6,2.474,2.420,1
精神小伙,4,110,8.7,4.478,5.112,1
当场去世,4,109,7.4,5.069,5.665,1
败者食尘,4,109,8.0,4.546,3.938,1
欢迎来到,4,108,7.0,5.157,3.879,1
卡布奇诺,4,108,7.4,2.317,5.063,1
超级加倍,4,107,7.8,4.255,4.699,1
good,4,106,5.8,2.847,2.725,1
全员恶人,4,105,5.7,5.100,5.096,1
恐龙妈妈,4,105,7.9,3.200,2.175,1
有点上头,4,105,5.8,4.803,4.805,1
牛批牛批,4,105,6.2,4.748,5.008,1
多人运动,4,105,6.6,5.275,3.968,1
臣卜木曹,4,105,9.7,3.128,3.335,1
亿万调音,4,105,5.3,5.110,2.720,1
有点东西,4,105,5.7,5.638,5.585,1
自动变色,4,105,6.7,4.497,5.226,1
尼美舒利,4,104,5.0,4.660,4.847,1
开屏雷击,4,104,5.9,5.433,5.400,1
去世去世,4,103,7.1,2.199,2.212,1
普京送出,4,103,6.0,3.424,3.769,1
英雄联盟,4,103,7.9,4.273,4.567,1
没内味儿,4,102,5.7,4.718,3.757,1
禁止套娃,4,102,8.7,4.477,5.162,1
恐怖如斯,4,102,7.5,4.377,5.192,1
钉钉时代,4,101,7.3,4.855,2.824,1
忘记原唱,4,101,7.2,4.647,5.385,1
真香炒饭,4,99,6.2,4.541,4.682,1
时代考古,4,99,7.4,4.966,5.114,1
精神污染,4,99,8.7,5.203,5.117,1
背景音乐,4,99,7.6,4.905,3.864,1
吉良吉影,4,99,8.0,4.639,4.443,1
电鸡小子,4,98,6.2,5.426,5.860,1
专业团队,4,97,5.8,3.443,3.482,1
卢来佛祖,4,97,7.1,4.100,5.689,1
真的好听,4,97,5.6,4.718,4.945,1
影流之主,4,96,7.6,5.055,4.930,1
什么电影,4,95,6.7,3.443,4.062,1
过于真实,4,95,6.7,4.777,4.815,1
上香泪目,4,94,6.2,4.352,4.601,1
强行抹蜜,4,94,7.8,3.856,4.164,1
歪比巴卜,4,94,9.4,4.058,4.383,1
头皮发麻,4,93,6.4,4.712,5.531,1
白嫖成功,4,93,7.2,4.183,4.065,1
蜜汁好听,4,92,6.9,5.145,5.058,1
一手遮天,4,91,5.1,4.085,3.200,1
为了战斗,4,90,7.1,2.981,2.738,1
真香警告,4,90,6.2,5.475,5.062,1
川剧变脸,4,90,8.2,5.244,5.354,1
世界名画,4,90,7.5,5.101,5.475,1
人才人才,4,89,5.6,4.639,4.754,1
直呼内行,4,89,5.6,4.201,4.968,1
什么游戏,4,89,6.7,3.409,4.281,1
8848,4,88,6.8,4.769,5.018,1
苏卡布列,4,88,8.1,4.193,4.401,1
没有弹幕,4,88,6.3,4.831,3.703,1
什么时候,4,88,6.7,5.365,5.038,1
自寻死路,4,87,6.7,4.075,4.341,1
牛壁牛壁,4,87,6.2,3.662,3.607,1
是个狼人,4,87,5.2,4.980,5.197,1
昼伏夜出,4,86,6.3,3.845,3.818,1
怎么这么,4,86,6.1,5.554,5.116,1
你没商量,4,85,5.3,4.471,4.572,1
tata,4,85,5.2,4.827,3.800,1
泪目上香,4,85,6.6,4.070,4.450,1
前来捧场,4,84,6.4,2.164,5.124,1
加大力度,4,84,7.4,4.895,5.073,1
死亡如风,4,84,6.2,4.014,2.147,1
文体开花,4,83,7.1,2.214,2.383,1
人头落地,4,83,5.5,3.986,4.906,1
友情客串,4,83,8.2,4.286,4.500,1
口吐芬芳,4,83,7.6,5.091,5.083,1
猝不及防,4,83,9.5,4.873,5.296,1
全文背诵,4,83,6.7,4.841,4.931,1
早期作品,4,82,9.2,3.927,5.135,1
什么东西,4,82,6.7,4.319,4.421,1
砸瓦鲁多,4,82,6.6,4.472,4.269,1
无限剑制,4,81,7.1,4.814,4.996,1
金色传说,4,81,7.3,3.529,4.195,1
三千世界,4,80,6.9,4.375,4.325,1
跟他聊天,4,80,6.2,3.476,3.064,1
什么玩意,4,79,6.7,4.194,4.270,1
祖安开头,4,78,6.4,3.557,3.834,1
素质三连,4,78,7.4,4.893,5.336,1
全程高能,4,77,6.4,4.815,4.999,1
都是人才,4,77,6.5,4.184,4.767,1
押韵鬼才,4,77,7.1,4.562,4.942,1
财大NB,4,76,6.1,3.225,3.079,1
浑身难受,4,76,9.0,2.831,5.243,1
杰哥不要,4,76,6.3,4.607,2.657,1
盘他盘它,4,74,5.4,3.424,2.541,1
左右横跳,4,74,8.6,3.917,3.873,1
要素太多,4,74,6.0,4.857,3.955,1
up人才,4,74,6.3,4.723,4.811,1
大威天龙,4,73,6.0,4.416,3.777,1
叽叽叽叽,4,73,9.8,2.819,2.555,1
双厨狂喜,4,73,6.0,4.739,5.088,1
凤凰传奇,4,72,8.5,4.594,4.395,1
简简单单,4,72,8.6,4.240,3.833,1
老八彳亍,4,72,6.0,2.560,3.803,1
海绵宝宝,4,72,7.8,3.869,3.282,1
miss,4,72,5.3,3.050,3.704,1
害怕诸神,4,72,5.3,2.536,2.349,1
真的牛批,4,72,6.0,3.092,4.988,1
先笑为敬,4,72,8.4,4.355,4.855,1
英文翻译,4,71,7.8,5.218,4.793,1
生化危机,4,71,7.3,5.012,4.693,1
阿巴阿巴,4,71,7.3,2.730,2.989,1
不好意思,4,70,5.1,4.072,3.380,0
盘它盘他,4,69,5.5,3.830,2.993,1
灭霸送出,4,69,6.0,2.983,3.173,1
吓我一跳,4,69,8.6,4.689,4.861,1
很好很好,4,69,5.6,2.198,2.217,1
新年快乐,4,69,7.6,4.349,4.398,1
俺也一样,4,69,8.2,4.631,4.802,1
致命打鸡,4,69,6.6,4.882,5.295,1
2019,4,69,5.7,5.266,3.640,1
自古弓兵,4,68,6.7,4.740,2.417,1
异父异母,4,68,9.4,4.278,2.806,1
忘记原版,4,67,6.8,3.916,5.170,1
接头霸王,4,67,7.3,4.799,5.596,1
樱岛麻衣,4,66,8.7,3.443,2.288,1
巨魔战将,4,66,8.2,4.310,4.074,1
必须三连,4,66,7.8,4.246,4.914,1
武陵仙八,4,65,6.9,4.123,4.729,1
犯罪中止,4,65,8.7,4.419,4.283,1
未知苦处,4,65,9.0,3.141,3.596,1
身披国旗,4,65,8.0,2.618,4.095,1
八顿上将,4,65,7.0,4.207,3.652,1
借你吉言,4,65,8.2,4.735,4.874,1
疯狂押韵,4,65,8.7,4.757,5.151,1
还不行吗,4,65,6.4,3.989,4.133,1
华农兄弟,4,65,7.9,4.109,4.208,1
CSOL,4,64,6.5,4.030,2.997,1
雅间用餐,4,64,9.3,3.595,4.956,1
很多很多,4,64,6.6,2.155,2.092,1
细思极恐,4,64,8.8,3.551,4.047,1
就是这个,4,64,5.2,4.803,3.580,1
个小伙伴,4,64,5.6,3.410,2.749,1
进入直播间,5,15039,5.7,4.190,5.215,1
LBWNB,5,3627,6.1,2.709,2.601,1
那还是人吗,5,785,6.8,4.527,3.052,1
老八真男人,5,785,5.7,4.487,3.721,1
你还是个人,5,657,5.2,4.754,2.222,1
退出直播间,5,591,5.7,5.874,6.457,1
律师函警告,5,498,7.9,6.101,6.478,1
越来越离谱,5,465,7.7,5.042,4.908,1
毫无违和感,5,464,7.0,5.955,6.040,1
韩信带净化,5,456,7.8,5.187,5.686,1
导演郭敬明,5,449,5.8,4.370,4.764,1
jo厨狂喜,5,404,7.3,4.991,5.283,1
WDNMD,5,377,6.8,4.886,4.851,1
凡哥对不起,5,315,6.4,3.830,4.014,1
百万调音师,5,287,6.9,5.727,5.973,1
打在公屏上,5,276,6.2,3.693,5.141,1
对不起凡哥,5,270,6.8,2.761,2.902,1
卢本伟牛逼,5,259,5.9,2.337,2.308,1
狗比艾瑞克,5,258,7.7,4.874,5.123,1
全明星阵容,5,250,6.7,4.832,5.005,1
卢本伟牛壁,5,227,7.3,4.347,4.271,1
行不行彳亍,5,223,6.0,2.476,3.801,1
China,5,206,5.4,3.581,3.495,1
你在想屁吃,5,185,5.2,5.248,5.813,1
把公屏打在,5,183,6.5,2.308,2.027,1
进去直播间,5,165,5.7,5.377,5.591,1
福建烤老鼠,5,162,8.7,4.425,3.435,1
卢本伟NB,5,161,6.1,4.182,4.253,1
为中华崛起,5,151,6.4,2.183,2.239,1
是你的问题,5,149,5.2,2.161,3.141,1
文体两开花,5,149,7.1,4.781,5.570,1
干了兄弟们,5,144,6.9,3.326,4.175,1
奇怪的东西,5,131,8.1,2.670,4.285,1
川建国同志,5,130,7.5,4.636,4.561,1
彳亍不彳亍,5,130,6.0,3.685,4.612,1
野生命根子,5,126,6.2,3.406,4.116,1
长庚小甜心,5,123,6.7,4.503,4.143,1
戈尔巴乔夫,5,121,8.3,4.583,2.427,1
首页通知书,5,116,8.7,5.066,5.219,1
混血小甜心,5,115,6.7,3.799,3.741,1
有被冒犯到,5,115,5.6,2.827,4.725,1
命根子就疼,5,113,8.2,3.474,4.290,1
蔡徐坤送出,5,105,6.1,3.317,3.121,1
专门回来看,5,102,5.8,4.364,3.846,1
噶你命根子,5,100,6.2,3.771,4.527,1
狗币艾瑞克,5,97,7.7,4.355,4.884,1
小嘴抹了蜜,5,97,6.7,4.437,4.611,1
手机在震动,5,96,7.0,3.056,3.822,1
B站方文山,5,92,5.4,4.678,4.803,1
FBI警告,5,89,6.8,4.421,5.222,1
裂开了害怕,5,84,5.5,2.134,3.483,1
彳亍战胜它,5,83,6.0,3.411,3.674,1
那还是人嘛,5,83,6.2,3.898,3.363,1
china,5,80,5.1,4.489,4.170,1
做错了什么,5,80,6.2,4.449,4.417,1
对不起凡凡,5,77,5.9,2.410,2.348,1
感谢计数君,5,74,7.0,2.892,2.971,1
已介入调查,5,72,6.8,2.586,5.135,1
斯大林送出,5,71,6.1,3.840,4.340,1
面对疾风吧,5,70,6.9,4.449,4.173,1
万物皆可盘,5,69,6.7,3.781,3.366,1
没内味了没,5,69,5.1,4.873,2.241,1
JO厨狂喜,5,68,7.3,4.003,4.271,1
开哥回来吧,5,66,5.9,4.267,2.922,1
秀才遇到兵,5,65,7.3,3.615,4.095,1
up主人才,5,65,6.3,4.577,4.464,1
害怕害怕害怕,6,8154,5.4,2.907,2.960,1
彳亍彳亍彳亍,6,4611,6.0,2.136,2.285,1
进入了直播间,6,1764,5.7,2.285,3.622,1
反弹永久反弹,6,1132,6.6,2.020,3.607,1
吴亦凡对不起,6,937,6.4,3.693,3.963,1
对不起吴亦凡,6,680,6.9,2.502,2.131,1
泪目泪目泪目,6,664,6.6,2.609,2.616,1
永久反弹反弹,6,459,6.6,2.505,3.571,1
上香上香上香,6,434,6.3,2.137,2.026,1
反弹反弹反弹,6,391,6.6,2.452,3.214,1
下次也不一定,6,384,6.0,4.358,4.871,1
巴拉巴拉干杯,6,342,7.5,5.266,4.853,1
彳亍下次一定,6,325,6.0,4.330,4.843,1
下次一定彳亍,6,324,6.0,4.590,4.745,1
对不起对不起,6,317,6.4,2.628,3.487,1
前方高能预警,6,289,6.6,5.618,5.501,1
被踢出直播间,6,250,5.7,2.881,6.070,1
时代前来考古,6,242,7.4,5.286,6.423,1
你还有脸回来,6,208,5.2,4.707,3.523,1
彳亍祖传开头,6,204,6.0,4.293,4.152,1
祖传开头彳亍,6,194,6.0,4.278,4.245,1
害怕苏卡不列,6,193,5.4,2.805,3.519,1
汪汪队立大功,6,192,7.6,4.405,4.701,1
退出了直播间,6,181,5.7,4.375,4.924,1
可见非常膨胀,6,180,6.9,2.961,3.080,1
苏卡不列害怕,6,177,5.5,3.435,3.223,1
两开花两开花,6,170,7.1,3.207,3.388,1
真实下次一定,6,163,6.2,4.528,3.747,1
下次一定真实,6,163,6.0,4.283,4.408,1
法外狂徒张三,6,157,6.9,3.534,3.611,1
专业专业泪目,6,150,5.8,2.263,2.480,1
新人都是怪物,6,138,7.8,5.209,4.939,1
专业泪目专业,6,134,5.8,2.132,2.263,1
真实真实真实,6,131,6.2,2.329,2.208,1
害怕极了害怕,6,127,5.4,2.570,2.928,1
火钳刘明上香,6,124,5.6,5.040,4.819,1
治一个死一个,6,118,5.9,4.303,4.159,1
老太太钻被窝,6,112,6.2,4.685,4.912,1
梦开始的地方,6,111,6.9,5.172,6.045,1
离谱离谱离谱,6,110,7.5,3.823,3.785,1
该来的总会来,6,107,5.5,5.004,3.196,1
skrskr,6,107,6.3,4.047,4.121,1
看我颜色行事,6,106,6.5,5.362,5.465,1
马粥街残酷史,6,105,7.1,3.129,3.533,1
害怕全体起立,6,105,5.4,3.039,3.621,1
上香火钳刘明,6,104,5.8,4.756,4.732,1
高级弹幕合影,6,102,6.8,4.921,5.007,1
留名火钳刘明,6,101,5.7,2.196,3.121,1
火钳刘明泪目,6,93,5.6,5.055,4.935,1
火钳刘明盘他,6,92,5.6,3.908,3.192,1
赫鲁晓夫送出,6,91,6.1,3.965,3.104,1
吴亦凡吴亦凡,6,90,7.4,2.203,2.023,1
盘他火钳刘明,6,86,5.7,3.634,3.662,1
这是你的问题,6,85,5.2,3.790,2.259,1
真实祖传开头,6,85,6.2,3.858,3.701,1
全体起立害怕,6,84,5.5,3.169,3.132,1
迈克尔杰克逊,6,82,10.1,3.988,2.768,1
祖传开头真实,6,79,7.2,3.646,3.682,1
失踪人口回归,6,76,7.5,5.296,5.402,1
火钳刘明牛逼,6,75,5.6,4.712,4.321,1
顾子熹我爱你,6,74,5.2,2.321,3.462,1
害怕火钳刘明,6,74,5.3,3.463,3.669,1
泪目火钳刘明,6,71,5.7,4.532,4.948,1
漫长的两分钟,6,70,8.9,5.024,5.164,1
泰勒斯威夫特,6,69,7.5,4.100,3.078,1
牛逼火钳刘明,6,69,5.8,4.474,4.459,1
干杯火钳刘明,6,68,5.8,2.788,3.121,1
厉害厉害厉害,6,68,5.4,3.021,3.222,1
害怕仙人指路,6,68,5.4,2.268,3.623,1
聊什么呢泪目,6,67,6.6,4.266,4.530,1
仙人指路害怕,6,66,5.5,3.596,3.067,1
泪目聊什么呢,6,65,6.6,4.532,4.757,1
妙啊火钳刘明,6,65,5.7,4.471,4.952,1
上坟的好日子,6,64,6.2,2.357,3.167,1
BGM是什么,6,64,6.1,4.840,4.131,1
