,W,Frequence,Mut,Freedom_L,Freedom_R,mark
0,00后,1445,8.0,4.678,4.3,0
1,15倍食用,331,13.5,2.845,3.078,0
2,15倍新世界,1159,14.7,4.151,4.834,0
3,200万助攻,283,13.6,3.091,3.201,0
4,2018年,378,5.1,4.085,4.218,0
5,2019年,645,5.6,4.317,3.988,0
6,2020年,2678,7.1,4.744,4.036,0
7,2倍,4895,6.5,5.169,5.219,0
8,2倍速,3078,6.0,4.777,5.003,0
9,4小时前,276,5.4,3.318,3.705,0
10,90后,294,6.5,3.985,3.146,0
11,ad现状,715,6.1,4.969,5.937,0
12,ag超玩会,761,6.7,3.696,3.661,0
13,av画质,854,6.7,4.911,5.003,0
14,bilibili干杯,1466,5.7,4.611,4.668,0
15,b叔,256,5.5,4.209,4.094,0
16,b数,410,5.8,2.184,2.049,0
17,b战,550,6.0,4.585,3.119,0
18,b站,28016,6.9,5.469,5.81,0
19,b站弹幕,312,7.4,4.323,4.628,0
20,b站方文山,2120,7.4,4.03,4.906,0
21,c位,1179,7.5,5.157,4.578,0
22,c位出道,282,8.7,3.63,4.265,0
23,c语言,299,7.1,4.19,4.559,0
24,dio哒,461,6.7,2.666,4.923,0
25,dio爷,401,6.6,4.441,3.775,0
26,d区,392,5.5,3.182,2.481,0
27,e闪,526,5.6,5.393,4.348,0
28,e往无前,370,6.4,4.018,4.229,0
29,fa乐器,540,6.4,3.297,4.097,0
30,giao哥,1375,8.3,2.965,3.913,0
31,g胖,357,7.9,3.902,3.177,0
32,id好评,319,6.4,4.311,5.073,0
33,id瞩目,385,6.6,4.997,5.162,0
34,inb哥,314,6.3,4.879,4.134,0
35,jojo天下第一,291,7.9,3.952,4.614,0
36,jo厨,1236,9.4,4.78,3.676,0
37,jo护车,292,7.9,3.511,4.725,0
38,jo太郎,435,8.3,4.48,5.02,0
39,k头,518,6.5,5.027,4.743,0
40,lei了,709,6.7,2.355,5.137,0
41,lol手游,283,7.2,4.709,4.82,0
42,lol玩家,577,7.9,3.952,4.152,0
43,mc好评,327,6.6,3.695,3.538,0
44,n刷,579,6.3,3.728,3.413,0
45,p图,1470,7.3,4.362,3.982,0
46,q闪,290,5.0,5.004,4.339,0
47,r闪,664,6.9,5.125,4.612,0
48,san值,265,5.2,3.948,3.567,0
49,shy爹,524,7.6,5.106,4.918,0
50,shy哥,4648,9.8,5.964,4.837,0
51,s赛,899,7.5,5.017,4.533,0
52,up猪,759,7.7,4.351,4.005,0
53,up主,17315,10.8,5.573,3.258,0
54,van强哥,3713,8.1,3.538,5.459,0
55,w闪,315,5.8,4.785,4.099,0
56,阿尔托莉雅,472,6.8,4.123,3.175,0
57,阿卡丽,3666,5.7,3.497,4.811,0
58,阿婆克烈,1238,9.6,3.845,3.726,0
59,阿婆主,2119,10.1,4.702,2.691,0
60,哎呦,1892,6.9,4.974,3.131,0
61,艾卡西亚,477,6.9,4.646,3.699,0
62,艾伦沃克,1109,12.2,2.878,2.005,0
63,艾玛真香,466,9.4,2.868,2.587,0
64,艾米莉亚,1275,8.3,2.108,2.503,0
65,艾欧尼亚,5004,9.9,5.1,5.422,0
66,爱蜜莉雅,2422,6.8,3.585,3.042,0
67,爱情公寓,727,5.8,4.567,4.506,0
68,安塞腰鼓,4017,11.4,3.95,4.247,0
69,安室透,279,10.5,4.459,3.396,0
70,俺也一样,21339,8.0,5.114,3.045,0
71,岸边露伴,548,12.8,3.366,4.033,0
72,按e,464,5.4,5.014,3.199,0
73,按f,463,7.4,4.545,3.478,0
74,暗杀名单,260,7.2,3.034,4.167,0
75,凹凸世界,1399,12.8,4.959,4.834,0
76,敖厂长,450,11.8,4.431,4.722,0
77,嗷呜,327,6.5,3.275,3.653,0
78,奥观海,748,11.6,2.399,3.041,0
79,奥里给,1213,6.7,2.208,3.945,0
80,奥利给,56662,13.0,2.324,4.478,1
81,八重樱,436,8.9,4.629,3.276,0
82,粑粑,1524,9.3,3.718,5.181,0
83,把我灌醉,8186,6.5,2.394,3.875,0
84,掰弯,264,8.8,3.458,3.003,0
85,白夫人,338,6.4,2.963,4.181,0
86,白嫖,42664,6.9,4.594,4.618,0
87,白嫖成功,2871,7.1,3.163,3.872,0
88,白嫖快乐,264,6.9,2.544,2.977,0
89,白嫖失败,18557,7.1,3.602,5.824,0
90,白色相簿,684,5.7,2.228,2.168,0
91,百鬼夜行,335,7.0,3.231,3.961,0
92,百合子,257,11.0,2.855,3.4,0
93,百里守约,3148,9.2,5.404,5.751,0
94,百里甩狙,270,9.7,2.12,2.332,0
95,百里玄策,1036,8.1,4.905,5.022,0
96,百万调音,1972,8.9,3.752,5.048,0
97,百万调音师,3995,9.7,4.96,5.598,0
98,百万合影,1038,8.3,4.262,4.383,0
99,百万贺电,675,7.9,4.222,4.279,0
100,百万特效,752,8.0,3.819,4.306,0
101,百万填词,16091,11.0,5.032,6.121,0
102,百万助攻,4637,9.8,5.257,5.803,0
103,败者食尘,2804,10.0,4.955,5.574,0
104,拜年祭,453,7.0,4.372,3.832,0
105,搬砖,307,11.0,3.624,3.417,0
106,坂本大佬,437,10.8,2.875,4.704,0
107,版本答案,262,6.8,4.49,3.971,0
108,榜一,275,6.1,3.068,3.617,0
109,宝藏up,339,9.1,3.422,3.375,0
110,保护我方,1428,9.4,4.208,2.983,0
111,报复社会,708,11.4,3.896,3.921,0
112,豹女,576,7.8,4.012,5.273,0
113,暴露年龄,384,11.6,4.773,2.646,0
114,爆丸小子,343,5.7,3.351,3.53,0
115,倍速看,257,6.2,2.148,3.169,0
116,被封,1328,5.6,4.751,2.565,0
117,被水淹没,289,6.5,3.391,2.102,0
118,被削,1137,5.2,4.794,2.185,0
119,本命守约,289,7.9,4.817,3.741,0
120,本命英雄,367,8.1,3.299,5.643,0
121,本色出演,3483,9.7,5.322,5.875,0
122,比尔吉沃特,943,7.7,5.184,5.097,0
123,比利王,420,5.7,3.457,2.374,0
124,币比赞多,568,8.1,2.07,3.126,0
125,必须三连,1340,10.7,3.925,4.066,0
126,毕生所学,279,9.6,2.767,3.936,0
127,哔哩哔哩,8234,13.3,5.391,5.364,0
128,碧蓝之海,812,9.0,4.738,4.777,0
129,蝙蝠时代,1660,19.2,4.689,2.585,0
130,变声器,564,6.8,4.137,4.307,0
131,变形兄弟,359,8.6,3.243,2.873,0
132,标题党,794,12.7,5.294,4.638,0
133,标准结局,4625,14.1,5.239,6.249,0
134,标准开头,2562,13.5,4.6,5.557,0
135,表白墙,707,6.8,3.317,3.669,0
136,表情包,1582,11.1,4.24,3.923,0
137,憋笑,929,5.2,3.217,4.482,0
138,别尬黑,262,5.1,3.46,3.598,0
139,别念了,1535,7.8,2.33,5.51,0
140,别侮辱,307,11.3,3.345,2.777,0
141,冰,2396,9.8,2.634,3.396,0
142,病名为爱,300,5.8,3.139,3.588,0
143,波澜哥,2565,11.5,4.907,4.192,0
144,波鲁那雷夫,456,10.6,3.511,4.685,0
145,波罗斯,455,8.4,4.663,3.853,0
146,播放量,5011,10.8,2.806,6.034,0
147,不甘心,463,7.0,3.285,3.921,0
148,不悔入二次元,459,7.1,2.128,4.274,0
149,不简单,1753,5.6,3.013,5.257,0
150,不讲武德,1570,5.4,2.955,4.05,0
151,不容易,1999,6.6,4.479,3.709,0
152,不投也罢,323,5.4,2.001,3.465,0
153,不信谣不传谣,511,11.7,2.522,4.438,0
154,不削能玩,751,7.1,4.228,4.938,0
155,裁决之地,280,15.8,3.905,4.528,0
156,踩点好评,699,6.1,4.323,4.933,0
157,踩点狂魔,675,6.1,4.082,4.473,0
158,菜虚鲲,278,7.6,3.744,4.035,0
159,蔡徐坤,11940,9.4,5.504,5.312,0
160,参见逼王,392,6.1,4.302,4.776,0
161,参见殿下,502,6.4,2.691,2.419,0
162,参见公主殿下,2160,15.6,4.387,4.888,0
163,参见狼王,681,6.7,3.09,2.906,0
164,参见猫王,1668,7.6,3.459,3.964,0
165,参上,2015,6.3,2.565,2.5,0
166,兄,1635,9.0,5.361,5.984,0
167,仓鼠狗贼,731,12.9,3.374,3.2,0
168,蹭热度,363,7.7,4.681,4.29,0
169,查克拉,508,9.7,2.362,5.076,0
170,拆弹专家,348,7.2,2.47,2.868,0
171,馋她身子,440,10.4,2.266,2.265,0
172,铲车人,306,8.6,4.354,3.093,0
173,钞能力,1673,6.7,4.153,5.268,0
174,超级兵,1283,5.9,2.928,5.027,0
175,超级反弹,1031,5.7,2.454,2.957,0
176,超级加倍,1261,5.9,4.232,4.794,0
177,超兽武装,356,6.4,3.951,4.673,0
178,超威蓝猫,834,9.0,2.892,4.631,0
179,超喜欢,2422,8.5,3.658,4.521,0
180,朝花夕誓,274,8.1,2.673,4.262,0
181,炒饭真香,286,8.6,2.515,3.076,0
182,彻底疯狂,2829,16.8,2.702,3.167,0
183,臣卜木曹,737,12.0,4.92,4.376,0
184,臣附议,781,12.9,3.307,4.588,0
185,陈sir,1000,8.6,4.137,4.989,0
186,陈刀仔,326,6.3,2.747,2.465,0
187,成功暂停,990,10.4,3.332,2.902,0
188,成龙历险记,665,6.6,4.904,4.435,0
189,承包空屏,1695,11.2,5.041,5.928,0
190,吃瘪,339,6.8,4.544,4.088,0
191,吃货殿下,638,7.6,2.846,4.065,0
192,吃鸡,6044,5.1,5.813,5.025,0
193,彳亍不,391,11.9,3.235,2.369,0
194,彳亍不彳亍,349,17.0,2.898,2.719,0
195,彳于,461,8.0,2.832,2.416,0
196,赤井秀一,310,12.9,3.87,3.506,0
197,冲鸭,2949,7.0,4.094,5.292,0
198,充电宝,300,7.6,4.194,3.869,0
199,瞅瞅,335,10.1,2.469,2.496,0
200,臭弟弟,497,10.0,4.263,5.031,0
201,出必还愿,3473,7.2,5.077,4.313,0
202,初音未来,828,10.3,3.664,3.302,0
203,除非忍不住,335,10.1,2.039,4.555,0
204,厨狂喜,1197,9.1,2.256,4.944,0
205,处处吻,283,10.1,3.978,4.516,0
206,处女币,1373,8.9,3.823,3.239,0
207,处女屏,259,7.2,3.778,3.35,0
208,处刑曲,1208,13.7,3.989,4.465,0
209,川建国,6457,12.5,2.022,4.74,0
210,穿越火线,469,6.3,4.789,4.845,0
211,传世经典,767,9.4,4.598,5.535,0
212,创造奇迹,737,13.2,3.075,3.885,0
213,吹爆,19561,7.2,4.71,3.929,0
214,锤爆,792,5.6,4.325,3.138,0
215,锤石,952,8.4,3.82,4.798,0
216,春季赛,677,12.3,4.571,4.345,0
217,春日野穹,635,9.2,3.743,3.581,0
218,纯路人,326,7.1,3.982,4.084,0
219,茨木,437,7.0,2.757,3.766,0
220,此生不悔入,1410,7.1,4.696,2.158,0
221,此生无悔二次元,1848,16.4,3.977,4.808,0
222,刺激战场,320,11.8,4.013,4.384,0
223,刺客信条,667,10.8,5.063,5.126,0
224,粗鄙之语,3806,17.9,5.135,5.539,0
225,猝死在意大利,403,16.3,2.477,2.585,0
226,催更,4682,7.9,2.622,2.775,0
227,摧毁停车场,4168,15.0,3.211,5.663,0
228,存活确认,684,9.6,3.649,3.153,0
229,措不及防,1352,9.8,2.603,3.248,0
230,妲己,1970,9.8,3.142,6.025,0
231,打call,3714,5.3,6.015,5.616,0
232,打到公屏上,270,6.3,2.555,3.324,0
233,打排位,610,5.7,4.126,5.344,0
234,打野刀,581,6.1,4.787,5.256,0
235,打职业,1001,10.1,4.147,4.288,0
236,大鹌鹑,298,11.8,4.164,5.263,0
237,大宝贝,704,5.8,3.154,5.236,0
238,大虫子,791,6.4,4.722,6.059,0
239,大法好,1267,6.4,5.22,4.836,0
240,大橘已定,955,8.0,3.827,5.023,0
241,大佬们,443,5.8,4.116,4.639,0
242,大师兄,1512,6.2,4.278,5.97,0
243,大碗宽面,317,5.4,3.185,4.083,0
244,大威天龙,5228,9.5,4.66,4.463,0
245,大乌龟,453,6.1,4.583,5.539,0
246,大制作,5964,10.3,4.133,4.751,0
247,逮虾户,4765,11.6,5.45,2.552,0
248,带节奏,1139,9.6,4.38,4.326,0
249,带善人,266,7.1,2.951,3.745,0
250,带制作,6676,11.4,4.288,4.843,0
251,单身狗,1716,9.7,4.135,4.351,0
252,淡黄的长裙,1095,19.9,3.843,3.079,0
253,弹幕高能,1183,11.3,2.958,3.732,0
254,弹幕合影,3134,12.3,2.855,5.327,0
255,弹幕护体,15585,13.9,5.553,6.223,0
256,弹幕护眼,1373,11.5,4.113,4.679,0
257,弹幕君,319,10.0,3.082,3.032,0
258,弹幕礼仪,1919,11.8,4.948,5.282,0
259,弹丸论破,532,8.4,4.743,4.595,0
260,蛋黄的长裙,272,15.4,2.811,2.993,0
261,蛋疼,258,6.8,2.983,3.71,0
262,当场去世,2929,8.8,4.136,5.874,0
263,刀剑神域,1791,6.0,5.557,5.894,0
264,盗视频,271,10.2,3.52,2.996,0
265,德国boy,297,7.2,3.14,3.218,0
266,德国骨科,307,7.2,3.789,3.868,0
267,德莱联盟,459,7.7,2.156,5.034,0
268,德莱文,2264,9.3,4.26,6.4,0
269,德丽莎,757,7.4,3.668,4.146,0
270,德玛西亚,5127,10.3,4.541,6.132,0
271,低端局,545,9.8,4.812,4.147,0
272,低分段,259,6.0,4.84,4.955,0
273,滴滴滴,298,7.2,3.693,3.916,0
274,狄大人,430,5.4,4.425,4.585,0
275,迪达拉,290,8.2,2.983,4.312,0
276,迪亚波罗,577,9.4,3.11,3.926,0
277,第n遍,408,8.5,3.202,2.345,0
278,第几集,348,7.7,2.792,2.351,0
279,第三把,481,5.1,4.906,5.685,0
280,第三炸弹,599,5.4,3.427,2.261,0
281,第五人格,695,7.2,4.658,3.678,0
282,第一视角,3743,6.7,5.375,6.632,0
283,蒂花之秀,682,9.3,2.818,4.01,0
284,巅峰赛,612,14.3,4.326,4.384,0
285,点踩,342,5.4,3.244,3.976,0
286,电竞,922,8.4,4.447,3.712,0
287,电满了,408,7.3,2.388,4.43,0
288,电眼逼人,311,6.5,4.147,4.246,0
289,电子烟,479,6.4,4.994,4.631,0
290,t人,3108,5.3,5.386,2.719,0
291,t图,1584,8.0,5.514,3.669,0
292,掉帧,503,6.9,4.426,3.604,0
293,爹妈白养,422,5.7,2.419,4.676,0
294,钉钉,9106,7.7,3.534,3.153,0
295,顶风作案,2920,9.3,4.662,4.819,0
296,东北人,408,10.4,4.561,4.331,0
297,东皇太一,458,9.1,2.032,3.495,0
298,动次打次,426,7.1,2.916,3.445,0
299,动漫高手,327,8.7,2.939,4.054,0
300,抖腿,1581,8.3,3.478,4.497,0
301,抖音已盗,550,10.1,2.219,3.79,0
302,逗比,367,6.0,5.094,4.155,0
303,毒公子,324,10.5,2.3,4.807,0
304,毒硬币,329,7.7,3.889,5.305,0
305,断句鬼才,337,9.5,4.423,4.613,0
306,盾山,441,8.1,3.505,3.262,0
307,厄斐琉斯,575,13.5,4.896,4.677,0
308,厄加特,3457,8.9,5.654,5.893,0
309,厄运退散,2481,13.4,3.499,4.484,0
310,厄运走开,1694,13.0,2.892,4.297,0
311,恶鬼缠身,34894,11.8,4.784,6.13,0
312,恶魔低语,655,8.9,4.443,5.211,0
313,恶魔人,1069,9.4,5.015,4.839,0
314,恶心狗贼,451,6.7,4.871,4.008,0
315,儿童邪典,2335,12.3,4.713,5.376,0
316,儿童鞋垫,2882,12.5,5.08,5.387,0
317,耳机党,4633,12.4,5.398,3.235,0
318,二倍速,3045,6.5,4.506,5.084,0
319,二技能,2888,11.0,5.022,6.45,0
320,二仙桥,331,5.5,3.35,2.974,0
321,二营长,981,10.3,4.059,3.642,0
322,番茄大灌篮,1013,15.6,3.006,3.117,0
323,凡凡,263,8.5,3.171,2.681,0
324,反弹永久,9241,11.0,3.73,2.281,0
325,反复横跳,1311,8.6,4.919,5.185,0
326,反复去世,639,10.5,3.843,4.488,0
327,反击风暴,841,10.6,3.845,4.994,0
328,饭圈,604,8.5,4.085,5.206,0
329,方思明,378,9.7,2.27,3.43,0
330,方天画戟,361,6.4,2.882,3.988,0
331,防御塔,1900,10.6,6.033,4.75,0
332,防止抑郁,2398,12.4,2.447,5.398,0
333,放假君,608,6.5,3.635,2.587,0
334,飞飞公主,2141,6.6,3.642,4.018,0
335,飞雷神,1541,8.0,4.31,4.484,0
336,非凡哥,1090,9.4,4.015,3.217,0
337,非洲警告,417,10.9,3.712,4.726,0
338,风男,432,6.0,3.389,4.896,0
339,风评被害,3317,12.3,5.283,5.709,0
340,封号斗罗,4963,8.1,3.847,2.791,0
341,疯狂踩点,1764,7.8,4.66,5.764,0
342,弗雷尔卓德,1221,12.9,5.314,4.414,0
343,伏地魔,464,8.5,4.131,4.046,0
344,扶弟魔,392,10.9,3.263,3.168,0
345,负能量,964,6.1,3.597,4.089,0
346,复活甲,623,10.6,4.909,4.757,0
347,副市长,286,10.5,4.625,2.908,0
348,伽罗,761,9.0,5.411,4.101,0
349,噶韭菜,700,11.3,3.302,2.506,0
350,感谢陪伴,14411,12.8,5.139,3.749,0
351,干的漂亮,3338,7.9,4.688,5.545,0
352,干活了,802,6.5,3.258,5.556,0
353,钢铁烈阳,376,8.9,4.559,4.907,0
354,钢铁侠,755,9.6,4.606,4.76,0
355,钢铁直男,284,8.0,3.789,3.382,0
356,钢之炼金术师,321,11.2,2.986,2.114,0
357,高产似母猪,269,13.1,3.783,4.367,0
358,高潮院长,334,8.1,4.343,4.759,0
359,高级弹幕,16580,8.8,5.7,6.139,0
360,高级黑,775,5.7,4.32,3.659,0
361,高能前方,16279,6.6,3.583,3.665,0
362,高能预警,11381,6.2,5.234,6.381,0
363,搞基,510,7.5,4.734,3.249,0
364,搞事情,698,5.8,4.38,4.113,0
365,各位观众,368,8.9,2.823,3.027,0
366,各位绅士,807,9.7,4.168,2.273,0
367,给老子爬,650,5.9,3.913,4.388,0
368,工地英语,524,10.4,4.346,4.656,0
369,工具人,2509,15.3,5.288,5.086,0
370,工藤新一,341,13.7,3.456,3.158,0
371,公开处刑,1464,9.3,5.072,5.35,0
372,公主殿下,3368,10.4,4.229,5.432,0
373,宫本武藏,736,9.2,2.864,5.325,0
374,宫园薰,261,11.9,3.03,3.586,0
375,恭送野王,3113,11.2,4.775,5.184,0
376,恭迎首席,2684,16.2,3.771,4.717,0
377,狗头保命,1070,5.6,4.929,5.536,0
378,狗熊蹭树,2133,9.9,2.889,3.957,0
379,咕噜灵波,817,10.1,2.357,3.286,0
380,呱呱呱,359,10.3,2.704,3.342,0
381,骨头社,403,8.0,4.679,3.06,0
382,怪化猫,270,6.7,3.88,4.462,0
383,怪物猎人,270,8.8,4.526,4.379,0
384,关闭弹幕,1383,11.3,2.284,5.299,0
385,关弹幕,1552,9.0,3.691,4.036,0
386,关掉弹幕,331,6.1,3.419,4.75,0
387,官方鬼畜,950,10.9,4.123,4.236,0
388,官方吐槽,269,9.7,3.763,4.17,0
389,光速qa,449,7.4,3.567,4.038,0
390,光头强,547,5.7,4.508,4.228,0
391,光翼展开,1285,9.9,2.932,4.394,0
392,广场舞,303,10.0,3.406,3.554,0
393,广东人,982,11.5,4.574,4.758,0
394,广东脏话,335,10.4,3.853,3.523,0
395,广告鬼才,728,12.5,5.506,5.969,0
396,广西人,381,9.1,4.223,4.053,0
397,诡术妖,510,13.1,4.945,2.173,0
398,诡术妖僧,304,10.8,4.887,5.082,0
399,鬼畜了,1280,9.7,3.685,4.659,0
400,鬼畜区,4123,10.9,4.524,4.351,0
401,鬼畜全明星,463,8.7,2.348,3.592,0
402,鬼见条,269,7.8,3.415,3.556,0
403,鬼鲛,269,7.4,3.813,4.544,0
404,鬼灭之刃,942,5.3,3.253,5.39,0
405,鬼灭之刃,275,7.7,3.926,3.667,0
406,贵圈真乱,383,8.8,3.792,4.917,0
407,郭老师,2510,6.8,4.599,2.061,0
408,过审小王子,257,6.4,4.323,4.372,0
409,过世主播,672,6.6,2.39,3.472,0
410,过于真实,3546,6.2,4.782,5.656,0
411,嗨起来,1565,6.8,4.278,2.406,0
412,还我童年,483,5.0,2.688,3.142,0
413,海尔兄弟,388,9.8,4.878,5.261,0
414,海克斯,497,9.3,3.346,4.57,0
415,海绵宝宝,7783,17.0,3.025,4.729,0
416,憨憨,3313,8.1,4.111,6.219,0
417,韩国人,1280,9.9,4.103,5.095,0
418,汉化组,3339,13.0,4.182,3.088,0
419,薅你毛,295,9.5,2.693,2.7,0
420,毫无违和,450,12.4,3.949,2.909,0
421,毫无违和感,8079,15.3,5.315,5.877,0
422,毫无压力,2367,14.0,4.838,4.827,0
423,好害怕,1521,5.0,2.055,4.069,0
424,好活当赏,6087,5.9,3.976,5.885,0
425,好恐怖,1037,6.2,3.737,3.092,0
426,好厉害,3399,9.7,4.652,4.453,0
427,好朋友,2555,9.2,3.288,2.53,0
428,好漂亮,1496,6.7,4.387,3.689,0
429,好人一生平安,352,11.4,3.877,3.855,0
430,好沙雕,520,5.3,3.6,2.33,0
431,好舒服,790,7.7,4.151,3.173,0
432,好熟悉,995,5.6,4.327,2.751,0
433,好汀,741,5.3,3.229,3.804,0
434,好温柔,1109,7.6,4.103,4.244,0
435,好喜欢,3206,6.2,2.811,4.524,0
436,好兄弟,3966,7.0,4.583,6.225,0
437,好押韵,543,5.3,3.313,2.83,0
438,耗子尾汁,3105,12.4,4.471,5.308,0
439,耗子喂汁,306,11.1,2.684,3.384,0
440,和你一起,273,5.9,2.815,3.452,0
441,和泉纱雾,466,6.9,3.385,3.483,0
442,河南一区,343,11.7,3.331,3.817,0
443,荷官发牌,610,14.5,2.526,3.874,0
444,核爆神曲,397,7.9,3.98,4.665,0
445,核能预警,1050,7.7,3.804,4.519,0
446,黑暗收割,270,7.8,4.86,5.281,0
447,黑镖客,267,8.0,3.513,3.236,0
448,黑虎阿福,630,6.4,2.046,2.205,0
449,黑历史,406,10.1,2.86,4.702,0
450,黑色玫瑰,942,6.9,5.309,4.737,0
451,黑执事,386,10.6,4.223,3.696,0
452,横跳,1725,8.5,2.322,5.418,0
453,红a,890,5.5,3.137,3.452,0
454,红红火火恍恍惚惚,31432,9.8,5.172,6.67,0
455,后宫番,386,7.1,3.411,4.428,0
456,后摇,341,6.4,3.565,4.384,0
457,厚颜无耻之人,4442,14.1,3.672,3.14,0
458,厚葬友军,1623,9.2,3.385,4.771,0
459,虎狼之词,3577,8.6,4.78,5.506,0
460,花泽香菜,361,7.6,3.344,3.481,0
461,花子君,889,6.6,2.764,3.677,0
462,华晨宇,308,14.3,3.845,2.207,0
463,华农兄弟,590,13.6,3.671,4.597,0
464,滑铲,445,9.8,3.862,4.826,0
465,划重点,361,10.4,3.177,4.959,0
466,画风突变,1036,8.3,4.797,5.368,0
467,画质感人,1711,5.8,3.648,4.142,0
468,画质好评,271,10.8,3.363,4.04,0
469,怀孕了,1711,15.0,4.243,5.351,0
470,坏女人,5154,8.0,4.294,3.203,0
471,欢迎回来,18025,18.9,5.819,6.606,0
472,环太平洋,504,6.2,3.495,4.248,0
473,缓缓打出,1236,16.1,3.799,2.154,0
474,换碟成功,1361,8.9,5.326,5.926,0
475,黄金之风,387,6.1,3.597,4.259,0
476,黄磊老师,1250,12.3,3.766,3.866,0
477,黄子韬,386,6.7,3.623,3.801,0
478,恍恍惚惚红红火火,2470,13.2,3.419,3.794,0
479,回家的诱惑,402,15.8,4.217,4.44,0
480,回首掏,313,10.2,5.013,4.371,0
481,回忆杀,616,10.8,4.211,3.884,0
482,毁童年,1257,11.6,3.618,3.576,0
483,秽土转生,695,14.2,4.585,4.748,0
484,混入其中,12713,9.7,5.63,6.216,0
485,火候刘明,439,10.3,3.051,3.156,0
486,火力全开,391,6.2,3.652,2.321,0
487,火前留名,2496,5.7,3.31,5.329,0
488,火钳刘名,297,7.5,2.214,2.616,0
489,火钳刘明,172420,13.9,6.187,6.671,1
490,火钳留名,3202,9.9,4.484,5.284,0
491,鸡喙,289,7.3,2.33,3.065,0
492,鸡你太美,16267,7.0,4.774,5.402,0
493,基德大人,299,7.6,3.649,4.054,0
494,激光雨,547,10.4,3.479,3.775,0
495,羁绊者,326,16.1,3.542,4.199,0
496,吉吉国王,1516,11.9,4.041,4.49,0
497,极度舒适,1269,10.6,4.821,5.601,0
498,极其残忍,2794,11.7,4.74,5.826,0
499,疾风传,316,11.2,4.086,3.265,0
500,疾风剑豪,295,11.1,4.277,4.78,0
501,集美们,324,6.9,2.902,3.713,0
502,几几开,721,9.7,4.904,4.334,0
503,几你太美,467,6.7,3.105,2.892,0
504,计数君,4319,13.5,4.865,4.172,0
505,计数菌,644,11.6,2.994,3.781,0
506,既视感,360,11.3,3.017,4.07,0
507,寄刀片,508,7.7,4.531,4.209,0
508,稷下f4,270,9.8,5.018,4.141,0
509,加里奥,1867,6.1,3.741,6.172,0
510,加密通话,600,10.2,4.263,4.784,0
511,加入直播间,827,5.8,2.331,3.125,0
512,加藤惠,265,9.3,4.063,2.755,0
513,家暴现场,382,9.1,4.709,4.938,0
514,嘉德罗斯,1546,8.9,3.26,2.472,0
515,贾克斯,1111,10.3,5.407,6.023,0
516,假粉丝,370,6.7,2.035,5.14,0
517,假高能,310,5.3,3.971,4.399,0
518,假面骑士,1645,8.9,4.681,4.817,0
519,减cd,269,7.4,4.239,4.762,0
520,简自豪,320,8.3,3.954,5.098,0
521,见封进,1325,6.9,3.693,5.789,0
522,见基行事,313,6.5,5.136,4.484,0
523,见证历史,6434,12.2,4.538,5.217,0
524,建国同志,14631,14.7,2.232,5.167,0
525,建议屏蔽,1140,14.3,4.842,5.051,0
526,剑姬,1023,7.0,4.485,5.521,0
527,剑仙,611,5.8,3.905,4.814,0
528,鉴定完毕,303,11.1,4.461,4.041,0
529,键盘侠,817,8.7,5.045,5.289,0
530,姜sir,292,8.5,3.473,4.925,0
531,降维打击,335,11.7,3.495,4.318,0
532,交出封面,569,5.8,3.868,4.06,0
533,交封不杀,544,7.6,3.446,4.195,0
534,蕉灼,906,9.8,2.574,2.919,0
535,皎月,913,8.1,5.486,5.613,0
536,教唆粉丝,307,11.7,3.044,2.847,0
537,接q,473,6.2,4.241,5.096,0
538,接受挑战,1636,9.4,4.66,4.774,0
539,接头霸王,733,7.0,4.908,4.925,0
540,节操社,370,11.1,4.603,2.598,0
541,节目效果,1492,12.6,5.382,5.554,0
542,杰诺斯,482,10.1,2.287,4.53,0
543,结束游戏,363,15.3,3.725,3.753,0
544,截图成功,679,9.9,4.257,4.763,0
545,解除封印,269,9.9,3.656,3.801,0
546,借你吉言,12068,7.6,4.972,5.094,0
547,借您吉言,1949,7.6,2.802,4.247,0
548,金馆长,280,9.2,3.587,3.459,0
549,金坷垃,4726,14.3,4.097,3.426,0
550,金克斯,960,8.1,4.64,5.592,0
551,金木小天使,1098,6.2,4.36,4.834,0
552,金色传说,1595,8.0,2.842,5.704,0
553,金色的雨,311,9.4,4.257,4.936,0
554,进击的巨人,2117,13.7,4.917,5.364,0
555,进入了直播间,6819,17.9,6.097,5.896,0
556,进入直播间,90286,10.5,7.546,7.233,1
557,劲夫劲夫,277,9.2,3.423,3.096,0
558,禁忌二重唱,1077,13.0,3.724,4.138,0
559,禁止套娃,1573,13.0,4.814,5.331,0
560,京阿尼,273,5.4,2.943,2.441,0
561,京极真,264,9.0,2.72,4.448,0
562,京剧猫,699,10.0,4.351,4.7,0
563,经典老番,692,13.2,4.259,5.26,0
564,经费爆炸,2079,13.6,4.799,5.24,0
565,经济差,374,15.7,4.379,4.038,0
566,精神小伙,1283,7.8,4.435,5.419,0
567,境界的彼方,511,16.7,3.571,4.463,0
568,啾啾,362,10.5,2.333,2.733,0
569,九头蛇,1041,8.1,5.666,5.307,0
570,九月天,404,6.6,3.209,3.324,0
571,久等了,4956,7.1,4.651,6.46,0
572,X乇,1438,10.9,3.42,2.833,0
573,韭菜盒子,346,9.6,2.072,3.998,0
574,橘里橘气,542,8.4,4.882,4.079,0
575,橘势大好,299,14.5,3.773,4.504,0
576,举报了,3525,12.4,5.101,6.07,0
577,巨浪已到,907,10.1,4.062,4.494,0
578,巨魔战将,316,6.8,2.405,3.604,0
579,句句经典,521,10.6,4.396,4.098,0
580,卷走,526,5.7,2.671,2.095,0
581,绝地求生,836,6.4,5.308,5.376,0
582,绝世好活,701,7.9,4.082,5.205,0
583,卡bug,2080,5.2,3.845,5.226,0
584,卡q因,267,7.8,3.484,2.332,0
585,卡尔玛,581,7.9,5.622,4.668,0
586,卡卡罗特,853,5.2,3.528,3.656,0
587,卡卡西,1542,5.8,5.426,3.896,0
588,卡莉斯塔,348,8.0,4.292,4.486,0
589,卡米亚,564,5.2,3.367,4.335,0
590,卡住了,430,5.9,4.507,5.233,0
591,开口脆,1756,7.2,4.219,4.384,0
592,开口跪,7826,8.7,5.079,5.202,0
593,开幕雷击,9888,11.2,5.396,6.24,0
594,开屏雷击,1363,8.1,4.147,5.03,0
595,开始吟唱,3159,11.6,4.824,5.61,0
596,开头见,12749,7.9,4.605,5.784,0
597,铠甲勇士,676,7.6,5.031,5.052,0
598,砍猴,256,7.3,2.825,4.453,0
599,看直播,1524,5.7,4.171,4.779,0
600,康娜酱,270,9.6,3.313,4.514,0
601,尻面筋,895,7.7,2.611,2.545,0
602,拷走,469,7.0,2.749,2.863,0
603,靠谱,669,7.8,4.714,4.125,0
604,珂朵莉,1253,10.5,4.427,2.265,0
605,柯哀王道,287,12.0,2.879,3.241,0
606,科技枪,440,12.7,5.191,5.237,0
607,可海星,392,5.9,4.419,4.953,0
608,克苏鲁,377,8.5,3.194,3.844,0
609,氪金,2093,6.9,4.361,3.442,0
610,空降成功,1935,10.6,5.482,6.13,0
611,恐怖如斯,680,13.9,4.602,4.405,0
612,恐龙妈妈,2527,10.6,4.045,4.287,0
613,抠脚,326,9.1,3.555,4.804,0
614,口嗨,313,6.4,3.199,5.082,0
615,口吐芬芳,2799,8.5,5.781,6.302,0
616,快乐风男,564,6.2,4.732,2.619,0
617,快乐源泉,628,6.3,2.512,4.539,0
618,快离开,2219,6.8,2.126,4.547,0
619,快跑,7324,6.4,3.338,4.017,0
620,狂魔,350,6.4,3.769,4.648,0
621,狂三,1093,6.4,4.312,3.081,0
622,魁拔魁拔,698,14.5,2.866,3.859,0
623,坤坤,6515,7.8,4.089,5.244,0
624,鲲鲲,523,8.9,3.435,4.079,0
625,拉胯,763,8.1,4.758,4.898,0
626,拉跨,573,7.4,4.233,4.507,0
627,拉普兰德,2444,10.3,4.656,3.246,0
628,拉亚斯特,337,6.4,3.834,4.89,0
629,辣眼睛,1336,8.2,3.576,4.548,0
630,来考古,1770,5.0,3.638,4.423,0
631,来世愿做,2452,7.2,3.362,2.755,0
632,莱娜小姐,567,8.8,2.294,4.074,0
633,蓝公主,269,8.7,4.709,5.327,0
634,老八真男人,713,6.0,2.148,3.78,0
635,老版本,431,5.0,4.368,3.865,0
636,老吊,371,5.1,3.908,2.382,0
637,老番茄,3498,5.9,4.688,5.489,0
638,老师好,2331,7.2,4.57,5.085,0
639,老徐,2349,6.5,5.136,4.355,0
640,雷电法王,403,7.3,4.617,4.827,0
641,雷佳音,273,11.2,2.336,3.585,0
642,雷霆嘎巴,1047,15.2,4.771,5.094,0
643,雷总,257,6.5,3.373,3.679,0
644,蕾某人,2050,8.6,2.544,3.207,0
645,蕾姆,6032,9.0,3.123,5.253,0
646,泪目,416,6.5,3.741,3.15,0
647,冷知识,266,9.2,3.834,4.97,0
648,历史课代表,642,14.2,3.863,2.873,0
649,莉莉娅,1042,10.9,3.31,5.822,0
650,栗山未来,416,11.7,3.894,3.619,0
651,恋爱循环,537,5.4,4.292,5.531,0
652,梁非凡,2615,10.0,2.245,3.713,0
653,两百万助攻,354,8.1,3.144,2.81,0
654,两倍速,1343,6.1,4.25,2.755,0
655,两倍新世界,672,5.4,3.673,4.056,0
656,两级反转,681,6.1,4.93,5.543,0
657,两极反转,387,7.5,4.357,5.223,0
658,两开花,7217,7.4,5.346,4.476,0
659,两行泪,605,5.7,2.399,4.028,0
660,聊天鬼才,438,7.0,3.688,4.577,0
661,琳琅天上,879,15.1,3.661,4.751,0
662,灵魂p图,432,8.9,3.079,2.967,0
663,灵魂歌手,301,9.7,2.881,3.746,0
664,灵魂注入,2210,11.7,3.876,2.751,0
665,灵堂歌姬,1403,12.9,3.378,4.65,0
666,溜肥肠,2732,10.5,2.65,3.066,0
667,流浪地球,267,8.4,4.389,3.401,0
668,六道佩恩,309,6.5,2.068,2.392,0
669,六贵族,431,7.9,3.166,4.257,0
670,龙傲天,324,9.8,3.26,4.101,0
671,龙卷风摧毁停车场,3858,17.3,5.045,5.576,0
672,龙门粗口,334,6.4,4.009,4.931,0
673,龙舌兰姑娘,1035,10.3,3.7,4.589,0
674,龙神,326,9.7,2.729,5.073,0
675,撸啊撸,299,9.2,3.376,2.974,0
676,卢老爷,2399,5.6,4.359,5.023,0
677,卢姥爷,7546,14.2,4.734,5.235,0
678,卢锡安,1518,10.5,4.609,6.161,0
679,炉石传说,340,11.4,3.861,2.459,0
680,鲁班大师,1036,11.0,5.136,5.852,0
681,路飞,458,5.4,3.504,4.102,0
682,路转粉,403,6.8,3.388,3.531,0
683,乱杀,1426,6.4,4.141,5.667,0
684,轮回乐园,340,8.6,4.463,2.49,0
685,轮子妈,322,8.1,5.066,4.758,0
686,罗老师,1414,6.1,4.153,4.767,0
687,逻辑鬼才,1378,21.3,5.242,5.453,0
688,螺旋丸,1584,17.2,4.717,5.81,0
689,洛克王国,480,9.0,4.077,3.986,0
690,洛天依,821,7.1,2.05,2.449,0
691,落地成盒,402,8.2,5.062,4.902,0
692,吕子乔,390,9.1,3.502,2.732,0
693,律师含,422,11.4,4.051,3.241,0
694,律师函警告,11107,14.7,5.341,5.727,0
695,略略略,514,11.3,4.92,4.348,0
696,妈耶,1017,6.6,3.568,3.456,0
697,麻辣香锅,264,8.6,5.027,5.144,0
698,麻衣学姐,1059,11.5,4.872,4.185,0
699,马保国,1150,7.1,3.435,4.542,0
700,马老师,7065,6.1,4.574,5.237,0
701,埋了吧,263,5.2,2.378,5.215,0
702,满分作文,1472,8.3,4.665,5.926,0
703,盲猜,1888,8.9,4.388,5.731,0
704,猫皇,1222,7.6,4.66,4.56,0
705,毛毛姐,660,7.8,2.248,3.234,0
706,么么哒,2535,7.2,4.823,5.702,0
707,么么呆,362,7.2,4.59,4.987,0
708,没必要,2022,5.1,4.522,6.452,0
709,没灵魂,580,5.9,4.201,4.059,0
710,没视野,749,7.0,5.32,5.109,0
711,没素质,642,7.4,4.57,4.247,0
712,没文化,1285,6.1,3.34,2.637,0
713,梅花十三,278,7.9,4.115,3.387,0
714,梅开三度,340,7.2,2.68,4.689,0
715,每日必刷,318,6.5,3.029,2.624,0
716,每日一遍,6903,9.6,5.162,6.022,0
717,每日一次,487,6.9,3.288,3.809,0
718,每日一看,460,6.9,3.89,3.38,0
719,每日一刷,7502,9.7,5.305,5.565,0
720,每日一听,270,6.3,2.819,2.757,0
721,每日亿遍,4156,9.1,4.745,5.634,0
722,每日亿刷,433,6.8,3.415,3.053,0
723,每天一边,314,5.8,2.613,3.245,0
724,每天一遍,12747,9.5,5.342,6.198,0
725,每天一次,741,6.7,3.383,4.199,0
726,每天一刷,833,6.8,3.384,3.947,0
727,每天一听,259,5.6,2.682,2.923,0
728,每天亿遍,7870,9.1,5.029,5.956,0
729,美国队长,363,7.5,3.81,3.79,0
730,美汁汁,474,8.3,2.703,4.109,0
731,闷声发大财,760,11.3,4.495,4.631,0
732,蒙,476,10.2,4.687,5.923,0
733,猛男必看,649,6.0,4.06,4.503,0
734,猛男落泪,751,6.2,4.358,5.065,0
735,锰男,293,7.6,3.64,3.308,0
736,懵逼,3895,5.6,4.803,4.887,0
737,梦幻联动,4627,10.2,4.635,5.637,0
738,米奇妙妙屋,350,8.5,2.586,3.388,0
739,蜜汁好听,1459,10.9,4.269,4.813,0
740,勉强能冲,1764,13.3,4.744,5.627,0
741,面筋哥,4692,10.3,4.865,4.364,0
742,喵内,2853,6.9,4.023,4.08,0
743,喵帕斯,851,9.8,3.877,4.005,0
744,名场面,10018,10.2,3.705,6.271,0
745,名侦探,718,11.4,3.361,3.273,0
746,名侦探柯南,269,8.3,2.884,3.331,0
747,明年见,1659,8.0,4.244,5.228,0
748,明示投币,1036,15.2,3.907,4.363,0
749,鸣人,1307,5.6,4.406,5.238,0
750,魔法少女,1504,8.7,5.406,4.34,0
751,魔角侦探,437,8.3,3.591,3.916,0
752,魔兽世界,449,7.5,4.899,4.875,0
753,末日人机,331,7.8,4.864,5.431,0
754,莫挨老子,1628,10.0,4.117,3.472,0
755,莫名好听,1971,7.9,4.441,4.815,0
756,母子平安,1094,10.3,4.682,5.278,0
757,那位大人,1097,5.0,3.247,3.372,0
758,纳米核心,256,8.9,4.729,4.219,0
759,娜可,1766,6.7,3.465,3.701,0
760,男妈妈,1414,5.6,2.988,4.913,0
761,能天使,5803,5.5,4.201,5.621,0
762,尿素过多,1141,11.6,3.751,4.301,0
763,牛掰,1364,5.6,3.802,4.21,0
764,牛逼,145667,6.0,3.114,3.844,1
765,诺克萨斯,3784,11.7,5.739,5.424,0
766,女少口阿,2517,7.0,3.825,4.548,0
767,女装大佬,720,6.5,4.781,5.83,0
768,哦吼,1343,5.6,4.496,5.215,0
769,哦豁,2589,7.1,5.177,4.15,0
770,派大星,2120,6.0,2.892,3.864,0
771,泡芙,1711,9.8,5.193,5.769,0
772,陪玩,734,5.3,4.509,5.049,0
773,佩恩六道,714,12.5,2.496,3.618,0
774,平a,2459,7.7,3.595,5.135,0
775,奇美拉,269,7.5,2.229,3.185,0
776,琪亚娜,1382,10.1,2.913,4.689,0
777,琦玉,1175,10.4,3.021,4.54,0
778,企业文化,1308,17.8,4.891,5.833,0
779,恰饭了,384,7.0,3.609,5.05,0
780,千万助攻,3058,9.7,4.186,4.069,0
781,前方高能,67302,11.3,6.303,7.006,1
782,前方核能,11382,9.5,5.476,5.981,0
783,强风吹拂,331,6.0,4.312,4.699,0
784,切格瓦拉,269,9.8,2.396,3.576,0
785,秦时明月,1099,9.4,5.146,5.323,0
786,秦王扫六合,2153,17.4,3.747,4.68,0
787,清泉流响,1297,11.3,3.502,4.63,0
788,请关闭弹幕,270,6.2,2.639,3.66,0
789,全部反弹,4833,10.6,3.649,3.796,0
790,全场最佳,1098,8.9,3.996,4.314,0
791,全程高能,1849,11.4,4.386,5.281,0
792,全剧终,264,7.7,3.1,2.494,0
793,全明星阵容,648,8.4,3.327,4.025,0
794,全体倒立,341,8.5,4.064,4.349,0
795,全体起立,53799,13.6,5.521,6.122,0
796,全体上刺刀,2191,16.3,3.871,2.681,0
797,全文背诵,2694,10.3,4.414,4.974,0
798,全员恶人,1084,10.0,4.864,5.31,0
799,全职猎人,457,12.0,4.86,4.828,0
800,让他恰,2996,7.1,3.607,3.123,0
801,热乎的,4002,13.0,5.204,6.603,0
802,人渣的本愿,277,11.7,3.798,4.042,0
803,日本人,1133,7.4,4.647,4.702,0
804,日常一刷,330,8.7,3.01,3.046,0
805,荣耀水晶,335,12.8,4.313,4.833,0
806,荣耀之剑,1239,14.2,2.231,2.366,0
807,肉蛋葱鸡,1396,7.4,2.981,5.667,0
808,儒雅随和,1927,16.0,4.968,5.219,0
809,汝甚骚,4912,10.1,4.001,3.468,0
810,撒贝宁,1018,10.4,4.583,4.238,0
811,赛尔号,443,8.5,4.911,4.798,0
812,三国杀,457,6.3,4.448,4.403,0
813,三姐妹,413,5.5,3.769,5.09,0
814,三玖是天,275,8.1,3.451,3.138,0
815,三连,14709,7.1,3.933,3.347,0
816,三连了,4272,5.9,3.742,5.902,0
817,三千世界,440,7.6,3.25,3.963,0
818,伞兵一号,3381,11.3,4.414,3.807,0
819,散华礼弥,342,10.1,3.747,3.344,0
820,杀戮天使,332,9.9,4.583,4.237,0
821,傻狍子,329,12.6,4.733,5.221,0
822,山东一区,262,8.5,3.758,3.408,0
823,闪电鞭,697,6.8,3.489,3.884,0
824,闪亮登场,271,6.6,3.507,3.765,0
825,上刺刀,2476,6.9,3.166,2.989,0
826,上单,1644,5.5,4.726,4.969,0
827,上帝视角,1212,6.7,4.206,2.998,0
828,上电视,7196,6.3,3.67,3.031,0
829,上勾拳,1243,6.2,3.126,5.496,0
830,上香,16937,5.9,5.14,4.788,0
831,少儿频道,444,6.6,4.267,4.362,0
832,社会人,417,5.8,4.15,3.86,0
833,绅士好,430,14.2,4.004,3.647,0
834,什么鬼,9961,11.0,4.346,4.945,0
835,神tm,2345,7.9,3.876,5.83,0
836,神奇宝贝,432,6.8,4.031,4.259,0
837,神仙up,454,5.3,3.731,2.76,0
838,神仙填词,415,5.3,2.839,2.897,0
839,失踪人口回归,4778,16.9,5.205,5.954,0
840,师傅好,1655,14.1,4.072,4.385,0
841,十年荣耀,1836,8.3,5.03,3.291,0
842,石矶娘娘,262,13.7,3.364,2.551,0
843,石头门,1115,8.1,4.802,4.062,0
844,石头人,2221,8.8,5.383,5.319,0
845,时代考古,2576,10.3,2.046,5.403,0
846,时间线,258,7.1,3.234,3.636,0
847,时空警察,328,6.4,3.667,4.094,0
848,使命召唤,741,8.8,4.459,4.361,0
849,世界第一,5700,12.6,5.437,5.646,0
850,世界名画,2630,11.8,5.139,5.962,0
851,世界赛,2048,11.6,4.681,4.422,0
852,是职业,440,7.1,3.091,3.838,0
853,逝者安息,2267,11.6,4.624,5.005,0
854,弑君者,458,7.2,5.05,5.037,0
855,手动滑稽,1892,7.3,5.089,5.956,0
856,守望先锋,1509,11.9,5.451,5.488,0
857,守卫军,1161,13.6,2.727,3.282,0
858,首页通知书,3104,15.3,4.267,5.73,0
859,舒服了,27628,15.5,4.669,7.246,0
860,蜀维埃,407,12.1,2.358,2.756,0
861,数学鬼才,343,7.4,4.131,4.684,0
862,甩狙,915,8.8,5.053,4.155,0
863,水晶哥,456,12.1,5.172,4.605,0
864,水晶之痕,410,11.9,4.704,4.867,0
865,水视频,372,10.0,3.301,4.947,0
866,瞬间爆炸,749,11.9,4.883,5.257,0
867,说的没错,289,5.6,3.508,3.602,0
868,司马脸,754,9.3,2.833,3.316,0
869,思维窃取,625,12.5,3.67,3.681,0
870,四川脏话,384,6.5,4.294,4.222,0
871,宋义进,1078,12.8,4.848,3.885,0
872,苏联解体,1112,12.9,3.622,4.475,0
873,素质三连,1424,16.4,4.791,4.446,0
874,太强了,8201,5.9,3.872,5.531,0
875,太秀了,4505,5.5,3.107,4.613,0
876,躺枪,739,7.9,4.823,4.81,0
877,烫嘴,686,8.3,4.58,4.452,0
878,特么,3036,6.9,2.68,5.628,0
879,替身攻击,1682,10.8,2.127,5.908,0
880,天皇驾崩,1046,7.0,3.711,4.096,0
881,天皇驾到,737,6.7,3.991,4.494,0
882,天降之物,447,7.5,4.228,4.306,0
883,天籁之音,2140,14.3,3.286,4.829,0
884,天气之子,1394,6.7,4.899,5.361,0
885,天神下凡,1369,5.2,5.752,5.95,0
886,天尊杨戬,5149,10.2,2.795,3.423,0
887,填词泪目,2105,11.5,2.77,4.782,0
888,填词满分,432,9.9,3.198,3.333,0
889,舔狗,3764,7.2,4.721,5.081,0
890,挑战失败,720,10.5,4.402,4.698,0
891,铁男,1544,6.9,5.061,5.153,0
892,同行衬托,256,6.4,2.285,4.037,0
893,桐老爷,447,6.2,2.599,3.36,0
894,童年回忆,1125,9.7,3.881,3.236,0
895,痛苦面具,1196,10.4,4.59,5.441,0
896,退出直播间,4808,8.0,4.031,6.072,0
897,完结撒花,3244,10.2,5.107,5.933,0
898,玩尼玛,327,6.5,4.294,3.773,0
899,万世荣光,703,7.2,2.232,3.008,0
900,王者荣耀,3541,7.0,5.784,5.786,0
901,网易云,1113,11.4,4.433,4.094,0
902,忘记原唱,1379,9.1,3.357,3.357,0
903,薇尔莉特,1148,10.2,2.703,4.492,0
904,为敬,1830,6.5,2.158,4.104,0
905,未闻花名,1137,12.0,5.065,5.414,0
906,胃疼,415,8.3,4.195,4.106,0
907,文豪野犬,1497,11.8,3.742,4.867,0
908,文明和谐,1424,11.1,2.322,3.685,0
909,文体两开花,2612,12.0,4.7,4.937,0
910,我拒绝,1281,6.5,4.248,5.326,0
911,我童年,1516,5.7,2.845,4.32,0
912,卧槽无情,1507,10.7,4.348,5.262,0
913,握草,2064,6.6,3.365,4.667,0
914,乌鸦坐飞机,5429,15.0,5.508,6.019,0
915,无耻老贼,1118,10.4,4.384,5.097,0
916,无敌了,2475,8.5,4.922,6.303,0
917,无缝衔接,1318,9.8,3.99,5.114,0
918,无悔二次元,1945,10.9,2.599,5.01,0
919,无悔入二次元,8041,15.8,2.078,5.767,0
920,无限火力,2734,12.0,5.711,6.01,0
921,无限循环,814,10.8,4.287,4.515,0
922,无压力,1680,7.2,4.593,4.993,0
923,无意冒犯,13256,10.5,5.392,5.925,0
924,芜湖起飞,1907,14.6,5.084,6.189,0
925,吾辈楷模,3698,12.4,5.069,5.427,0
926,吾乃,1805,6.3,4.349,3.488,0
927,吾王美如画,1971,6.1,4.164,3.912,0
928,舞法天女,341,8.3,3.701,4.889,0
929,勿忘国耻,1217,9.9,4.281,3.474,0
930,物理课代表,660,12.6,3.276,3.118,0
931,物业敲门,2159,15.4,3.654,4.765,0
932,西宫硝子,445,8.7,3.444,3.688,0
933,希尔薇,325,10.5,4.471,4.035,0
934,洗脑了,1665,9.9,2.087,5.426,0
935,洗脑循环,462,8.7,2.415,3.334,0
936,细思极恐,445,10.7,3.334,3.447,0
937,狭路相逢勇者胜,4308,11.9,4.392,2.718,0
938,下次丕定,1907,9.6,4.886,5.345,0
939,下次一定,165738,11.4,6.267,6.944,1
940,下次亿定,711,6.0,3.529,4.408,0
941,献出心脏,60908,13.3,5.875,3.019,1
942,相位猛冲,261,8.8,3.787,5.262,0
943,香蕉君,1158,6.7,4.396,3.178,0
944,香蕉鱼,338,5.5,3.62,3.856,0
945,小凤凰,746,9.2,4.82,5.162,0
946,小花生,1525,5.1,5.138,6.04,0
947,小排球,1316,7.0,4.048,4.664,0
948,小樱,733,5.4,4.256,4.281,0
949,小蜘蛛,329,11.2,3.942,4.942,0
950,谢罪警告,1447,10.5,4.462,5.08,0
951,蟹老板,373,5.9,3.3,2.96,0
952,辛德拉,1252,8.9,4.137,5.98,0
953,辛德勒的名单,259,15.5,2.665,2.897,0
954,辛苦啦,2509,11.7,4.388,6.077,0
955,新版本,327,5.9,2.441,4.732,0
956,新宝岛,1746,8.4,4.373,4.679,0
957,新兰永恒,1373,9.0,2.999,4.798,0
958,星尘十字军,1116,11.8,2.085,4.254,0
959,星游记,1392,9.6,3.487,3.87,0
960,猩猩计划,266,13.4,2.907,2.788,0
961,行窃预兆,271,8.0,4.73,3.445,0
962,兄弟们,19190,15.2,3.037,4.275,0
963,兄弟萌,752,11.9,3.247,2.662,0
964,徐老师,1563,6.1,5.379,5.381,0
965,许愿清泉,1250,10.3,4.295,2.582,0
966,许愿万世,1316,10.3,4.435,2.613,0
967,学废了,683,7.8,4.106,5.196,0
968,雪乃,1162,7.6,3.821,3.795,0
969,血赚,1106,7.8,3.961,4.689,0
970,押韵鬼才,880,13.1,4.246,4.894,0
971,押韵狂魔,912,13.2,3.62,4.545,0
972,宴请八方,1763,11.2,3.869,4.452,0
973,杨超越,1577,7.1,4.405,2.322,0
974,妖刀姬,264,5.5,3.983,2.976,0
975,妖魔鬼怪快离开,2149,14.5,3.75,4.366,0
976,妖尾,1265,9.0,4.503,5.144,0
977,瑶瑶公主,1426,9.5,3.605,4.79,0
978,要坚强,2138,9.6,3.041,4.099,0
979,要素察觉,1915,9.1,4.607,5.332,0
980,要素过多,20587,11.5,5.548,6.084,0
981,要素溢出,884,8.3,3.314,4.491,0
982,爷的青春,2255,7.6,2.363,3.48,0
983,爷青回,2327,9.6,2.727,5.057,0
984,绞,4443,7.5,3.966,2.21,0
985,一刀修罗,2640,5.6,4.783,4.902,0
986,一方通行,1934,7.1,5.106,5.336,0
987,一技能,2097,9.6,5.392,6.563,0
988,一脸懵逼,1771,6.0,3.91,5.025,0
989,一路走好,4661,5.5,3.001,5.252,0
990,伊卡洛斯,434,5.6,4.181,4.255,0
991,伊丽莎白鼠,628,7.6,3.913,4.136,0
992,伊莉雅,1499,9.6,4.506,4.428,0
993,医学奇迹,2205,12.5,5.472,6.175,0
994,已盗,1524,7.3,2.202,4.879,0
995,已举报,463,7.8,3.112,4.487,0
996,已投币,915,5.6,3.598,5.015,0
997,亿万调音,652,5.8,3.18,3.906,0
998,亿万调音师,1258,6.5,4.236,4.305,0
999,亿万填词,4775,7.8,4.472,5.544,0
1000,义结筋澜,275,11.1,2.069,2.82,0
1001,亦如,1421,6.6,2.75,2.016,0
1002,异度侵入,681,10.0,3.765,4.685,0
1003,异世界,1059,10.7,2.568,4.935,0
1004,意大利炮,1885,7.5,2.613,2.371,0
1005,音乐区,5234,11.5,3.374,4.882,0
1006,氤氲之息,1177,21.6,3.478,3.628,0
1007,银老板,1308,6.6,4.202,5.005,0
1008,英文字幕,1279,11.0,4.12,4.868,0
1009,英雄联盟,4446,12.9,5.824,5.5,0
1010,樱岛麻衣,3891,10.6,3.709,2.768,0
1011,影流之主,1700,10.0,4.409,4.574,0
1012,拥趸,1609,10.7,2.018,2.476,0
1013,永不败北,5615,6.8,2.146,5.691,0
1014,永久反弹,18664,11.9,5.106,5.593,0
1015,永相随,854,11.0,2.3,3.934,0
1016,永远的神,4282,7.3,5.729,5.164,0
1017,永远滴神,8425,12.5,6.392,6.082,0
1018,用爱发电,261,6.8,3.161,2.516,0
1019,悠悠球,262,16.1,2.804,2.632,0
1020,由乃,1823,6.5,2.492,2.64,0
1021,游戏结束,4515,12.4,5.64,6.372,0
1022,游戏人生,1569,11.3,5.425,5.636,0
1023,鼬神,266,5.6,4.268,3.841,0
1024,宇智波佐助,419,11.4,3.016,2.582,0
1025,雨露均沾,290,11.5,4.865,5.032,0
1026,雨女无瓜,1384,7.7,3.764,5.082,0
1027,语文课代表,839,10.6,3.898,4.394,0
1028,玉藻前,408,15.4,2.146,3.435,0
1029,御剑,458,7.2,3.573,2.222,0
1030,原谅他,430,14.0,3.113,2.961,0
1031,原声大碟,931,8.4,4.071,4.473,0
1032,缘分的天空,261,15.5,3.154,4.142,0
1033,猿形毕露,269,10.8,2.737,2.175,0
1034,源计划,409,12.2,3.021,4.995,0
1035,远古版本,711,10.2,5.457,5.758,0
1036,远古龙,444,9.7,5.289,4.43,0
1037,月轮,324,6.9,3.867,4.614,0
1038,云玩家,2154,6.3,3.34,5.891,0
1039,砸瓦鲁多,2678,10.7,4.991,4.695,0
1040,咋瓦鲁多,330,7.7,3.717,4.498,0
1041,再来一遍,14681,6.7,5.154,6.11,0
1042,再来亿边,275,6.7,3.237,2.936,0
1043,再来亿遍,20761,6.7,5.446,5.252,0
1044,再来亿次,924,6.8,2.984,4.69,0
1045,在此,7545,5.3,5.129,5.963,0
1046,在现场,14931,9.1,6.018,4.506,0
1047,暂停成功,9690,16.0,5.834,6.712,0
1048,早期作品,3288,9.5,2.119,5.062,0
1049,枣子哥,1079,11.4,5.471,4.716,0
1050,扎克王,412,9.1,3.543,3.397,0
1051,渣男,2742,6.4,4.512,5.448,0
1052,渣渣辉,979,6.0,2.366,4.138,0
1053,宅男,683,7.1,3.562,3.433,0
1054,战斗民族,267,8.9,2.884,3.643,0
1055,战歌起,2277,8.9,4.506,4.182,0
1056,战术后仰,1216,10.3,3.479,5.444,0
1057,战术换气,1208,10.3,4.25,4.785,0
1058,战术踉跄,385,9.2,2.275,2.645,0
1059,战术甩头,341,9.1,2.697,3.114,0
1060,战术摇头,455,9.3,3.346,2.675,0
1061,张大仙,1795,5.5,4.652,4.515,0
1062,张三,663,5.5,3.802,3.561,0
1063,章口就莱,772,10.3,4.504,4.686,0
1064,章鱼哥,1973,10.9,4.076,2.727,0
1065,爪巴,412,9.5,4.153,3.802,0
1066,这部番,1468,5.3,5.063,4.573,0
1067,这次一定,12827,6.3,5.316,6.45,0
1068,针不戳,1617,9.7,3.975,5.208,0
1069,帧数,698,8.9,4.091,4.524,0
1070,真不戳,501,5.4,4.268,4.904,0
1071,真男人,3782,5.0,4.156,6.277,0
1072,真尼玛,722,7.1,4.087,5.172,0
1073,真漂亮,444,7.0,3.357,4.002,0
1074,镇魂街,711,8.6,3.899,4.883,0
1075,镇站之宝,6206,7.9,5.302,5.521,0
1076,镇站之宝,2367,9.6,2.811,4.563,0
1077,拯救世界,969,16.5,4.303,4.232,0
1078,正道的光,4799,8.5,4.733,5.186,0
1079,正片结束,419,7.0,4.603,5.264,0
1080,正片开始,8144,10.0,5.942,6.615,0
1081,正义必胜,1362,9.6,5.32,5.609,0
1082,正义执行,3552,10.6,4.889,5.218,0
1083,执行正义,2829,13.1,2.75,3.096,0
1084,直呼内行,3023,10.9,5.316,6.163,0
1085,直接开花,921,9.1,3.938,4.798,0
1086,直男,1139,7.4,3.873,4.754,0
1087,职业选手,3105,18.1,5.168,5.174,0
1088,纸片人,681,10.8,2.948,4.452,0
1089,制作人,372,11.3,2.01,3.472,0
1090,治愈番,439,12.8,4.022,4.822,0
1091,致命空枪,259,9.7,3.892,4.519,0
1092,中二,1759,5.0,4.235,3.104,0
1093,中国boy,1282,6.9,4.657,4.54,0
1094,中国红,2789,7.7,2.129,2.84,0
1095,中国人,2821,7.7,3.568,4.892,0
1096,中国速度,724,6.4,3.629,3.85,0
1097,种花家,445,6.7,3.487,3.153,0
1098,众神归位,1916,9.6,4.157,4.966,0
1099,重庆人,262,10.8,3.847,4.504,0
1100,重做,330,5.6,4.464,3.179,0
1101,朱一旦,269,6.0,3.619,3.791,0
1102,诸葛琴魔,1347,8.9,3.332,3.804,0
1103,猪皮恶霸,331,6.5,4.002,4.532,0
1104,主角光环,383,7.5,3.891,4.679,0
1105,注入灵魂,18899,13.0,5.733,6.648,0
1106,注意前方,341,12.1,2.268,2.797,0
1107,专业团队,1249,15.3,4.501,5.204,0
1108,装什么,257,9.4,3.063,3.966,0
1109,籽岷,3159,9.9,3.338,3.241,0
1110,紫色激情,415,8.4,3.417,4.094,0
1111,自闭了,1459,11.5,4.738,5.919,0
1112,自动变色,3569,9.3,5.19,5.862,0
1113,自己人,1945,9.7,5.146,3.496,0
1114,自瞄,1163,8.8,4.528,5.021,0
1115,字幕君,3506,11.2,4.518,4.68,0
1116,走起,1281,5.0,3.375,4.813,0
1117,祖传开头,7411,12.2,4.802,5.579,0
1118,嘴遁,382,8.2,3.979,5.015,0
1119,最后一遍,3128,5.7,4.377,4.61,0
1120,最后亿遍,7123,6.5,5.095,6.011,0
1121,最相思,3307,9.0,4.368,2.773,0
1122,罪不至此,1918,9.9,2.889,3.468,0
1123,罪恶王冠,1645,11.2,4.269,5.119,0
1124,做个人吧,1506,5.7,3.243,5.813,0
1125,做自己,6260,7.6,3.902,2.656,0
1126,碧蓝航线天下第一,285,12.9,2.773,2.902,0
1127,蝙蝠时代考古,299,16.8,3.45,2.966,0
1128,蝙蝠说起,299,17.5,2.071,4.115,0
1129,扁鹊扁鹊,3427,12.4,4.016,4.266,0
1130,扁鹊扁鹊扁鹊,3234,18.7,3.933,3.91,0
1131,变成光,335,5.8,3.585,2.318,0
1132,变成了,2556,7.9,3.667,3.794,0
1133,变成了光,442,7.2,2.172,3.798,0
1134,变强了,498,5.1,2.098,4.33,0
1135,变色变色,321,6.5,2.379,3.514,0
1136,变色了,3227,8.8,2.25,4.948,0
1137,变态了,302,9.5,2.016,4.584,0
1138,标题就,393,12.0,2.094,2.56,0
1139,标题呢,275,11.6,4.349,4.762,0
1140,标题是,258,11.6,3.944,2.929,0
1141,标题我,422,12.0,2.59,3.002,0
1142,标准的,287,11.3,4.159,4.541,0
1143,表白bgm,594,6.6,4.478,5.25,0
1144,表白的,264,5.8,3.98,3.241,0
1145,表白我,383,6.2,4.988,4.483,0
1146,表白字幕君,357,8.1,3.129,2.515,0
1147,表情到位,305,9.5,2.637,3.529,0
1148,表情哈哈哈,298,9.4,2.13,3.806,0
1149,表情指导,545,10.0,3.489,2.252,0
1150,表示不,566,14.9,2.637,2.449,0
1151,表示不服,2157,16.2,6.254,5.836,0
1152,表示毫无压力,544,16.6,3.104,3.393,0
1153,表示很,1220,15.7,3.848,3.633,0
1154,表示很淦,528,14.8,3.483,3.577,0
1155,表示很赞,570,14.9,3.991,5.326,0
1156,表示看过,282,14.2,2.825,4.464,0
1157,表示没,389,14.5,3.434,2.622,0
1158,表示你,329,14.3,4.227,4.788,0
1159,表示我,958,15.4,4.15,4.712,0
1160,表示这,414,14.6,2.81,3.62,0
1161,别奶了,269,5.6,3.153,5.006,0
1162,别问问就是,420,7.4,3.388,4.869,0
1163,饼干警长,264,6.3,3.831,2.895,0
1164,波拉波拉,619,7.6,3.264,3.252,0
1165,波澜波澜,1434,10.9,3.001,2.077,0
1166,波纹疾走,637,10.2,3.38,5.395,0
1167,博爱博爱,1674,8.1,2.33,2.372,0
1168,啵嘴,364,7.1,3.548,3.618,0
1169,不代表,470,5.1,4.455,3.907,0
1170,不敢当不敢当不敢当,4820,13.9,4.157,4.511,0
1171,不敢看直播,268,11.0,4.861,3.815,0
1172,不公平,487,5.7,3.1,4.168,0
1173,不规范,600,9.3,2.252,2.642,0
1174,不合适,420,5.3,4.001,3.172,0
1175,不会真有人,847,7.8,4.241,4.04,0
1176,不记得,1191,5.2,4.235,3.554,0
1177,不建议,304,5.6,3.253,3.073,0
1178,不接受反驳,712,5.4,2.33,4.956,0
1179,不觉得,1010,6.1,4.02,5.139,0
1180,不科学,559,5.6,3.764,3.187,0
1181,不客气,1616,6.3,4.938,3.845,0
1182,不恐怖,346,5.0,3.952,3.501,0
1183,不理解,718,5.7,2.316,5.246,0
1184,不厉害,346,7.4,4.109,3.882,0
1185,不明白,1284,5.2,4.346,4.559,0
1186,不努力,676,7.5,4.02,2.961,0
1187,不配拥有姓名,673,11.9,5.063,2.953,0
1188,不然就,326,5.7,4.357,4.869,0
1189,不认识,3785,7.8,3.604,5.248,0
1190,不试试,589,5.2,3.15,2.29,0
1191,不是很正常,488,11.6,3.696,2.092,0
1192,不适合,1128,10.1,4.137,4.838,0
1193,不舒服,849,7.7,4.692,4.976,0
1194,不习惯,407,7.9,4.087,4.805,0
1195,不喜欢,4981,6.6,4.703,5.541,0
1196,不行了,10182,5.2,3.323,4.974,0
1197,不需要,3245,7.0,5.159,6.098,0
1198,不要男妈妈,670,11.9,3.424,4.325,0
1199,不应该,4032,7.3,5.599,3.513,0
1200,不允许,576,6.7,3.797,3.572,0
1201,不知道,23974,8.4,4.373,6.059,0
1202,不知道多少,329,5.4,2.318,2.879,0
1203,不知道为什么,1286,5.0,4.389,4.125,0
1204,不知道怎么,577,5.1,2.927,4.947,0
1205,不至于不至于,3214,6.0,4.597,5.235,0
1206,不至于不至于不至于,2118,13.1,3.58,4.116,0
1207,布布布布布布,4716,13.1,2.435,2.654,0
1208,布锅锅,281,8.5,3.872,4.374,0
1209,猜到结局,361,9.3,4.522,3.636,0
1210,才发现,2635,5.6,3.264,3.807,0
1211,才是王道,339,7.0,2.684,4.666,0
1212,才知道,1455,7.4,2.755,4.747,0
1213,财大nb,739,8.9,2.842,3.857,0
1214,踩点了,778,6.2,4.461,5.238,0
1215,蔡文姬蔡文姬,2578,9.4,4.494,3.986,0
1216,蔡文姬蔡文姬蔡文姬,2432,16.4,4.325,3.722,0
1217,参见吃货殿下,468,14.1,3.069,3.053,0
1218,参见教主,4365,8.6,3.559,3.657,0
1219,参见龙王,294,5.9,3.111,3.459,0
1220,参见天依殿下,338,12.6,2.083,2.804,0
1221,参见吾王,497,6.4,4.238,3.976,0
1222,仓鼠小人,302,12.0,3.615,3.342,0
1223,苍天饶过谁,340,7.1,2.808,4.684,0
1224,操作的,972,9.5,2.032,3.086,0
1225,操作了,892,9.5,4.711,4.874,0
1226,操作我,427,8.7,2.513,4.49,0
1227,曹操曹操,1571,9.3,3.838,3.621,0
1228,曹操曹操曹操,1490,17.1,3.625,3.252,0
1229,曹操进入直播间,384,15.8,3.003,2.728,0
1230,草草草草,43996,7.4,3.258,2.535,0
1231,草草草草草草,39973,18.1,3.047,2.304,1
1232,草哈哈哈,2874,6.2,3.567,4.139,0
1233,草害怕,714,6.2,2.994,3.201,0
1234,草率了,367,6.5,2.796,3.442,0
1235,草卧槽,754,7.1,2.525,4.457,0
1236,草一种植物,1036,7.1,3.015,3.897,0
1237,草中日双语,259,7.2,2.272,2.669,0
1238,曾经的,908,10.5,4.38,4.458,0
1239,蹭蹭,275,6.7,2.007,2.721,0
1240,茶包王子,590,8.6,2.53,3.298,0
1241,差点被,422,5.5,4.989,4.547,0
1242,差点没,434,5.5,3.805,2.897,0
1243,差点以为,377,5.4,2.318,2.498,0
1244,尝试着,555,12.3,2.413,2.252,0
1245,嫦娥嫦娥,2185,18.9,4.614,4.501,0
1246,嫦娥嫦娥嫦娥,2021,20.2,4.369,3.873,0
1247,唱歌的,269,5.1,3.865,3.88,0
1248,唱跳,710,5.8,3.872,2.104,0
1249,唱跳rap,459,8.7,3.742,3.848,0
1250,抄袭的,281,10.1,2.799,4.236,0
1251,超超超超超超,818,11.1,2.807,3.0,0
1252,超级慈善,1023,5.7,4.976,4.825,0
1253,超级好看,1579,6.1,5.22,4.842,0
1254,超级喜欢,947,5.6,3.661,4.239,0
1255,超神超神超神,785,11.7,2.668,2.601,0
1256,超越妹妹,453,5.2,3.871,4.31,0
1257,超智能足球,376,7.9,2.232,3.101,0
1258,屮lbwnb,334,6.5,2.3,2.43,0
1259,陈钰琪陈钰琪,516,13.4,2.197,2.252,0
1260,成功的,738,10.1,3.69,4.867,0
1261,成功哈哈哈,498,9.7,2.016,3.777,0
1262,成功了,1549,10.8,2.702,3.862,0
1263,丞相保重丞相,474,17.7,2.241,2.59,0
1264,丞相丞相,419,13.2,2.196,2.557,0
1265,承包我,590,10.2,4.98,3.383,0
1266,承包这个,368,9.7,3.879,4.693,0
1267,吃饱了,583,5.5,4.364,4.587,0
1268,吃蝙蝠,300,10.0,4.071,4.049,0
1269,吃东西,380,6.0,2.987,4.455,0
1270,吃饭的,801,5.4,2.583,2.902,0
1271,吃什么,591,7.8,4.971,5.653,0
1272,迟早要,305,7.1,2.219,2.886,0
1273,彳亍彳亍,25220,16.1,4.923,5.303,0
1274,彳亍彳亍彳亍,18456,21.0,4.222,4.85,0
1275,彳亍哈哈哈,1017,12.9,3.825,3.412,0
1276,彳亍哈哈哈哈哈哈,552,15.3,3.369,3.358,0
1277,彳亍哈哈哈哈哈哈哈,579,15.4,3.593,2.707,0
1278,彳亍害怕,371,11.9,3.233,2.535,0
1279,彳亍我,561,12.3,3.903,4.285,0
1280,彳亍下次一定,630,16.2,3.102,3.614,0
1281,彳亍行,667,12.4,3.531,2.454,0
1282,彳亍行彳亍,351,17.0,2.586,2.745,0
1283,冲冲冲,7636,6.8,5.872,4.702,0
1284,冲冲冲冲,13343,7.3,3.303,2.633,0
1285,冲冲冲冲冲冲,11451,17.4,3.097,2.292,0
1286,冲害怕,267,5.8,2.269,3.855,0
1287,充满了,536,9.3,2.736,3.591,0
1288,抽筋了,334,6.8,3.141,4.162,0
1289,丑丑丑,337,7.9,4.325,4.535,0
1290,丑丑丑丑,5705,10.7,3.766,2.648,0
1291,丑丑丑丑丑丑,5025,18.7,3.696,2.664,0
1292,出必还愿许愿,1385,14.7,4.554,2.573,0
1293,出来的时候,264,13.1,3.335,4.295,0
1294,出来了哈哈哈,346,13.3,3.938,3.568,0
1295,出了问题,303,6.9,2.25,5.175,0
1296,出品必属精品,784,14.2,2.688,4.337,0
1297,出什么,265,7.3,4.392,4.551,0
1298,出现的,447,7.5,4.765,4.533,0
1299,出现了,6032,10.1,6.053,6.938,0
1300,出现在,684,7.9,3.899,2.201,0
1301,初三的,301,6.5,3.292,2.253,0
1302,初三了,361,6.7,2.507,4.195,0
1303,初音初音,1671,11.0,2.468,2.772,0
1304,初中的,399,6.3,3.209,4.016,0
1305,川剧变脸,822,8.7,4.639,5.222,0
1306,穿越了,330,6.0,3.308,4.535,0
1307,传统艺能,884,11.9,4.717,5.5,0
1308,串味了,732,11.2,3.539,4.722,0
1309,吹爆巨人,394,7.5,3.094,3.799,0
1310,吹爆这个,645,7.5,3.041,3.676,0
1311,锤子的,259,5.8,2.687,4.365,0
1312,纯洁的,534,12.8,3.43,2.83,0
1313,此乃,345,5.1,3.022,2.51,0
1314,此曲一出,939,7.9,4.495,3.352,0
1315,此曲一出非死即伤,606,15.3,3.978,4.493,0
1316,此生不悔,359,5.7,4.166,2.967,0
1317,此生不悔入二次元,433,15.0,2.657,3.472,0
1318,此时一位,495,5.8,4.891,4.133,0
1319,此时一位靓仔,264,14.5,4.731,3.697,0
1320,此视频,581,9.7,2.723,4.137,0
1321,次一定,564,5.1,2.322,5.279,0
1322,刺什么吧,314,5.8,2.611,3.28,0
1323,聪明的,672,13.8,3.949,4.002,0
1324,从此刻开始,285,8.0,3.635,2.371,0
1325,从现在,3163,10.0,2.753,2.664,0
1326,粗鄙之语真香,400,13.9,2.617,2.68,0
1327,猝不及防啊,313,6.5,3.873,4.309,0
1328,猝不及防猝不及防,2370,8.5,4.82,5.337,0
1329,猝不及防猝不及防猝不及防,632,16.6,3.435,3.592,0
1330,猝不及防的,493,6.9,3.963,2.189,0
1331,猝不及防哈哈哈,803,7.4,4.543,3.413,0
1332,猝不及防哈哈哈哈哈哈,495,15.2,3.383,2.61,0
1333,猝不及防哈哈哈哈哈哈哈,408,15.0,3.358,3.153,0
1334,猝不及防你,296,6.4,3.728,4.664,0
1335,猝不及防我,950,7.6,4.881,4.757,0
1336,猝不及防这,274,6.4,3.993,2.94,0
1337,存活存活,269,8.7,2.284,3.146,0
1338,存在感,712,5.4,2.456,3.615,0
1339,达摩达摩,3002,11.9,3.149,2.565,0
1340,达摩达摩达摩,2957,17.6,3.133,2.565,0
1341,打不赢,259,5.9,3.632,4.675,0
1342,打得不错,373,5.9,3.596,3.723,0
1343,打得过,432,5.9,4.146,4.403,0
1344,打辅助,400,7.5,4.336,4.93,0
1345,打工的,493,7.7,3.125,4.282,0
1346,打扰了,4961,13.7,3.636,6.225,0
1347,打伤害,345,5.2,4.995,4.742,0
1348,打什么,783,7.5,4.894,5.218,0
1349,打死不看简介,322,12.4,2.946,4.053,0
1350,打他蛋,904,6.6,2.838,2.537,0
1351,打野不,319,5.5,4.455,2.357,0
1352,打野的,661,6.2,4.955,4.781,0
1353,打野了,269,5.3,4.791,5.155,0
1354,打野是,275,5.3,4.412,5.003,0
1355,打野我,302,5.4,4.614,4.799,0
1356,大部分都,386,5.4,3.881,2.042,0
1357,大聪明,796,9.9,4.491,5.5,0
1358,大概是,472,11.5,3.913,5.013,0
1359,大哥大哥大哥,3620,14.0,2.908,3.149,0
1360,大哥走好,1190,5.4,2.278,4.58,0
1361,大海我,770,5.8,2.725,2.629,0
1362,大河内,361,7.2,3.336,4.824,0
1363,大家都,3028,5.8,5.632,4.398,0
1364,大家开头见,259,7.8,2.329,2.92,0
1365,大佬nb,296,5.4,3.336,4.424,0
1366,大佬啊,404,5.7,3.668,4.373,0
1367,大佬大佬,967,6.6,3.926,4.833,0
1368,大佬的,402,5.7,4.695,4.139,0
1369,大佬牛逼,334,6.0,2.767,2.86,0
1370,大佬我,419,5.8,3.625,4.603,0
1371,大力出奇迹,295,11.8,3.382,3.421,0
1372,大脑在颤抖,273,12.4,3.048,3.199,0
1373,大娘大娘大娘,451,12.9,4.143,3.547,0
1374,大鹏展翅,311,8.5,2.715,3.579,0
1375,大片既视感,311,5.2,2.603,4.061,0
1376,大千世界大千世界,1136,7.5,2.588,2.995,0
1377,大圣大圣,735,6.6,2.505,2.873,0
1378,大胜利,371,6.4,2.514,3.837,0
1379,大实话,406,8.0,2.645,4.439,0
1380,大司大司,757,7.9,2.546,4.004,0
1381,大司大司大司,659,12.1,2.44,3.392,0
1382,大晚上,555,5.6,3.625,2.926,0
1383,大仙大仙,2586,5.9,4.554,4.796,0
1384,大仙大仙大仙,1920,14.3,3.521,4.094,0
1385,大兄弟,417,6.0,3.281,4.25,0
1386,大预言家,418,8.7,3.413,4.85,0
1387,大招的,266,5.3,4.071,5.428,0
1388,大作战,637,5.5,2.914,5.385,0
1389,呆毛,945,8.1,4.11,4.377,0
1390,呆毛王,365,7.1,3.643,4.088,0
1391,代价是,324,12.8,3.338,3.617,0
1392,带恶人,869,8.0,3.637,4.983,0
1393,带耳机,418,6.9,3.554,3.322,0
1394,带劲带劲,425,6.0,2.179,2.227,0
1395,带净化,944,9.3,4.052,5.581,0
1396,带明星,284,6.0,2.055,3.394,0
1397,带孝子,1595,9.1,3.836,4.901,0
1398,带预言家,1011,10.6,3.216,5.298,0
1399,戴耳机,575,9.6,4.055,3.872,0
1400,戴口罩,528,8.1,4.479,3.971,0
1401,戴拿,453,5.8,2.908,2.838,0
1402,单纯的,503,8.6,4.493,5.286,0
1403,单曲循环,441,8.2,3.651,3.56,0
1404,单走一个,507,5.2,4.951,2.288,0
1405,单走一个,292,9.2,2.307,2.356,0
1406,耽误的,586,14.3,2.977,3.107,0
1407,但是我拒绝,864,14.9,4.47,4.456,0
1408,但我还是,367,5.0,3.359,3.351,0
1409,弹幕666,288,9.9,3.219,4.066,0
1410,弹幕nb,873,11.0,3.559,4.52,0
1411,弹幕啊,1208,11.4,3.636,5.329,0
1412,弹幕不,503,10.5,3.81,3.938,0
1413,弹幕大军,379,10.2,2.682,2.466,0
1414,弹幕大佬,399,10.3,4.404,4.236,0
1415,弹幕大神,465,10.4,5.014,5.566,0
1416,弹幕弹幕,1505,11.6,3.963,4.856,0
1417,弹幕弹幕弹幕,651,16.7,3.375,3.239,0
1418,弹幕挡,282,9.9,3.535,2.757,0
1419,弹幕的,2170,11.9,4.501,5.214,0
1420,弹幕都,2536,12.1,5.188,3.428,0
1421,弹幕高级弹幕,334,16.0,2.779,3.635,0
1422,弹幕哈哈哈,1273,11.4,2.637,4.245,0
1423,弹幕哈哈哈哈,1270,11.4,2.563,2.044,0
1424,弹幕哈哈哈哈哈哈,600,15.4,2.679,3.312,0
1425,弹幕哈哈哈哈哈哈哈,531,15.3,2.189,3.656,0
1426,弹幕还,368,10.2,4.324,4.119,0
1427,弹幕好,1125,11.3,4.122,4.326,0
1428,弹幕好评,393,10.2,3.321,4.178,0
1429,弹幕护体弹幕,8029,17.6,4.095,2.274,0
1430,弹幕就,938,11.1,4.014,5.211,0
1431,弹幕看,546,10.6,3.488,3.281,0
1432,弹幕可以,308,10.0,3.626,4.177,0
1433,弹幕啦,278,9.9,2.092,3.256,0
1434,弹幕了,6284,13.0,2.552,6.134,0
1435,弹幕泪目,516,10.5,2.713,3.732,0
1436,弹幕里,949,11.1,4.231,4.19,0
1437,弹幕吗,1938,11.8,2.012,5.861,0
1438,弹幕呢,10286,13.5,5.68,6.82,0
1439,弹幕呢哈哈哈,266,14.6,3.568,2.595,0
1440,弹幕能,266,9.8,3.798,3.886,0
1441,弹幕你,882,11.0,3.754,5.37,0
1442,弹幕你们,274,9.9,3.723,3.403,0
1443,弹幕牛逼,1186,6.0,3.302,3.594,0
1444,弹幕牛批,256,9.8,2.384,3.548,0
1445,弹幕人均,1008,11.2,5.453,4.852,0
1446,弹幕人均王者,334,14.6,5.06,5.522,0
1447,弹幕上,428,10.3,2.312,3.657,0
1448,弹幕是,1682,11.7,3.718,4.957,0
1449,弹幕说,344,10.1,4.473,4.011,0
1450,弹幕素质,318,10.0,4.45,3.935,0
1451,弹幕太,528,10.5,3.317,2.521,0
1452,弹幕王者,436,10.3,5.427,5.514,0
1453,弹幕我,2734,12.2,3.495,4.921,0
1454,弹幕卧槽,296,10.0,2.927,3.341,0
1455,弹幕下次一定,300,15.5,2.658,3.672,0
1456,弹幕要,262,9.8,3.717,2.781,0
1457,弹幕也,506,10.5,3.679,3.496,0
1458,弹幕有,831,11.0,3.929,3.484,0
1459,弹幕有点,338,10.1,2.828,3.593,0
1460,弹幕有毒,277,9.9,3.029,3.042,0
1461,弹幕又,634,10.7,4.433,3.37,0
1462,弹幕咋,322,10.0,2.865,3.198,0
1463,弹幕在,576,10.6,4.461,4.335,0
1464,弹幕怎么,1787,11.8,4.161,3.781,0
1465,弹幕这,642,10.7,3.528,3.526,0
1466,弹幕这个,338,10.1,3.136,4.084,0
1467,弹幕这么,634,10.7,4.068,3.111,0
1468,弹幕真,546,10.6,4.045,3.009,0
1469,弹幕真的,784,10.9,4.312,4.894,0
1470,当场死亡,308,6.6,2.405,3.75,0
1471,当初看,279,6.9,2.7,2.315,0
1472,当初我,318,7.1,4.101,2.269,0
1473,当年的,1047,5.1,4.56,5.482,0
1474,当然是,2419,10.6,5.465,6.453,0
1475,当时的,584,5.4,4.977,3.584,0
1476,当时看,1013,6.0,3.178,2.449,0
1477,当时我,1329,6.2,5.227,4.098,0
1478,当舔狗,361,6.0,3.29,3.398,0
1479,挡脸,321,5.1,2.198,2.383,0
1480,挡住挡住,706,7.0,4.742,4.347,0
1481,挡住挡住挡住,586,15.3,4.071,3.125,0
1482,挡住了,442,6.5,4.193,5.032,0
1483,挡字幕,1651,7.1,3.925,2.602,0
1484,刀剑刀剑,734,5.1,3.582,4.498,0
1485,刀客塔,692,8.7,4.46,4.502,0
1486,导演郭敬明,348,12.2,2.429,3.409,0
1487,到底骚不骚,257,6.7,2.557,4.173,0
1488,到底谁,509,7.3,4.554,2.98,0
1489,到底是,2272,8.8,4.28,3.213,0
1490,到底是谁,615,5.8,3.835,4.445,0
1491,到底是什么,444,13.1,3.231,3.877,0
1492,到底在,297,6.8,3.374,3.492,0
1493,到现在,2191,8.5,4.506,3.961,0
1494,倒杯卡布奇诺,336,7.9,2.55,3.598,0
1495,倒闭了,280,9.1,4.086,5.135,0
1496,倒放倒放,360,5.5,2.669,3.444,0
1497,倒了哭腔,281,8.7,2.101,5.17,0
1498,道德绑架,436,6.3,3.966,4.201,0
1499,道歉了,399,10.5,4.111,4.647,0
1500,德玛西亚万岁,403,15.0,4.124,4.925,0
1501,德玛西亚为了,327,9.3,2.404,2.049,0
1502,地狱绘图,591,11.6,3.48,3.786,0
1503,的耻辱,1549,6.5,4.297,4.794,0
1504,的猝不及防,460,5.1,4.52,4.679,0
1505,的东西,5618,5.2,5.681,5.733,0
1506,的愤怒,289,8.6,2.886,3.804,0
1507,的辅助,945,5.4,5.39,5.883,0
1508,的估计,342,5.5,5.854,3.716,0
1509,的故事,3787,6.6,4.403,5.996,0
1510,的轨迹,1411,7.4,2.503,2.45,0
1511,的孩子,2064,6.7,4.443,5.698,0
1512,的羁绊,263,7.0,3.843,3.818,0
1513,的技能,1152,5.3,5.736,5.596,0
1514,的骄傲,447,7.8,2.558,3.966,0
1515,的节奏,1069,5.5,5.141,5.328,0
1516,的结局,1159,5.4,4.144,2.979,0
1517,的篮球,411,5.8,3.366,4.731,0
1518,的历史,284,5.2,3.751,4.449,0
1519,的厉害,810,6.5,5.985,3.167,0
1520,的秘密,345,6.2,2.683,4.437,0
1521,的朋友,2533,7.4,3.121,5.098,0
1522,的确实,685,6.3,5.087,4.292,0
1523,的确是,665,6.2,4.948,5.794,0
1524,的荣耀,489,5.2,3.579,5.211,0
1525,的什么,2723,5.8,5.97,5.225,0
1526,的实力,609,5.3,5.001,5.26,0
1527,的视频,5503,6.7,5.035,5.868,0
1528,的素材,580,5.1,4.75,4.93,0
1529,的未来,17837,6.1,2.434,6.177,0
1530,的效果,411,6.5,5.287,4.836,0
1531,的幸福,561,5.8,2.074,3.843,0
1532,的颜色,1182,5.1,3.066,5.447,0
1533,的诱惑,819,6.9,3.363,5.172,0
1534,的职业,373,6.1,4.447,4.243,0
1535,的姿势,639,5.0,4.601,5.129,0
1536,的滋味,1104,5.5,3.606,3.753,0
1537,噔噔咚,475,9.4,2.979,3.647,0
1538,等你回来,1188,6.9,3.052,3.227,0
1539,狄仁杰狄仁杰,2187,13.6,3.313,3.244,0
1540,狄仁杰狄仁杰狄仁杰,2055,18.4,3.026,2.977,0
1541,底部弹幕,666,11.6,3.455,4.396,0
1542,底端弹幕,595,12.5,2.661,4.28,0
1543,底下的,279,7.7,4.096,3.506,0
1544,弟弟弟弟,317,11.7,3.706,3.824,0
1545,弟弟们,318,11.7,4.112,4.861,0
1546,弟弟我,258,11.5,3.824,4.517,0
1547,弟弟行为,329,11.7,4.782,5.207,0
1548,第5,261,5.5,3.971,3.266,0
1549,第一adc,737,5.1,3.496,6.103,0
1550,第一次发弹幕,256,15.0,3.467,2.677,0
1551,第一次看,799,5.2,3.52,3.255,0
1552,第一个看完,278,7.1,4.367,3.738,0
1553,巅峰之作,297,13.5,2.731,3.484,0
1554,丶丶,498,7.9,2.001,2.028,0
1555,点进来,816,5.7,2.647,2.427,0
1556,点什么,260,8.0,2.126,4.959,0
1557,点赞了,366,5.3,3.923,4.57,0
1558,电影啊,342,7.7,3.301,4.287,0
1559,电影的,414,7.9,3.736,4.331,0
1560,电影我,417,7.9,3.537,3.781,0
1561,貂蝉貂蝉,34615,17.1,5.1,5.035,0
1562,貂蝉貂蝉貂蝉,33687,21.9,4.961,4.956,0
1563,貂蝉姐姐,431,12.8,2.77,2.703,0
1564,t图一堆,1441,9.2,5.51,5.077,0
1565,吊图一堆,501,7.4,4.07,5.32,0
1566,掉线了,256,6.0,4.206,4.769,0
1567,盯上了,4174,8.0,3.423,5.378,0
1568,盯着,587,6.8,4.441,4.188,0
1569,钉钉时代,2561,8.4,4.362,2.767,0
1570,顶上去报复社会,402,13.1,3.021,3.06,0
1571,丢丢,469,6.9,2.422,2.414,0
1572,丢脸了,415,5.9,3.918,5.053,0
1573,东京兄,542,10.0,4.167,4.673,0
1574,东西啊,1263,9.7,3.332,5.826,0
1575,东西的,746,9.2,3.306,4.617,0
1576,东西都,414,8.6,2.09,3.748,0
1577,东西哈哈哈,365,8.5,2.722,3.182,0
1578,东西你,380,8.5,3.028,5.268,0
1579,东西我,718,9.1,2.654,4.827,0
1580,冬泳怪鸽,598,16.6,3.113,4.462,0
1581,咚咚咚,466,9.9,3.646,3.642,0
1582,懂得都懂,465,6.2,4.827,5.275,0
1583,懂什么,400,6.5,2.893,3.3,0
1584,动画的,621,7.1,4.177,4.698,0
1585,动画化,663,7.2,4.168,2.127,0
1586,动画了,335,6.5,3.514,4.792,0
1587,动画我,455,6.8,3.457,3.59,0
1588,动漫啊,370,8.8,2.773,4.789,0
1589,动漫的,793,9.6,3.614,4.895,0
1590,动漫了,368,8.8,3.359,5.105,0
1591,动漫里,277,8.5,3.865,3.097,0
1592,动漫是,332,8.7,3.041,3.991,0
1593,动漫我,567,9.2,3.314,4.691,0
1594,动物世界,278,9.4,4.57,4.471,0
1595,动作指导,394,7.8,3.44,3.368,0
1596,都得死,456,5.0,3.724,4.828,0
1597,都督都督,534,9.6,2.896,2.845,0
1598,都督都督都督,487,11.8,2.595,2.646,0
1599,都觉得,951,6.2,3.155,5.393,0
1600,都是大佬,339,5.0,2.584,3.7,0
1601,都是弟弟,347,5.1,2.197,4.58,0
1602,都是人才,1480,5.2,3.439,4.363,0
1603,都是绅士,400,5.4,2.351,3.728,0
1604,都喜欢,1554,5.6,2.866,3.922,0
1605,都知道,2751,6.4,3.522,5.481,0
1606,斗罗大陆,411,8.6,3.84,4.706,0
1607,斗破苍穹,405,8.8,4.048,4.73,0
1608,斗宗强者,310,12.0,3.589,2.754,0
1609,豆豆豆豆,593,10.8,3.178,2.688,0
1610,豆豆豆豆豆豆,501,17.6,2.943,2.54,0
1611,逗乐了,295,8.8,2.131,5.099,0
1612,嘟嘟嘟,1858,9.4,3.717,3.517,0
1613,嘟嘟嘟嘟,49977,12.7,3.415,2.762,0
1614,嘟嘟嘟嘟嘟,1413,6.5,3.45,3.169,0
1615,嘟嘟嘟嘟嘟嘟,45329,20.8,3.344,2.81,0
1616,毒毒毒毒,2850,11.0,2.068,4.037,0
1617,肚子里,398,11.0,2.349,4.131,0
1618,短短短短,660,6.5,2.666,2.04,0
1619,短短短短短短,554,15.4,2.731,2.037,0
1620,断气了,393,7.8,2.099,4.069,0
1621,队友不,316,10.0,5.015,4.256,0
1622,队友的,1055,11.2,5.473,5.162,0
1623,队友都,737,10.8,5.129,4.999,0
1624,队友就,267,9.8,4.551,5.297,0
1625,队友呢,409,10.2,3.28,2.905,0
1626,队友是,265,9.8,3.98,5.061,0
1627,队友我,410,10.2,4.131,4.842,0
1628,队友在,308,10.0,3.335,4.451,0
1629,对不起对不起对不起,1045,13.8,3.305,2.614,0
1630,对不起感谢陪伴,748,13.5,2.729,2.347,0
1631,对对对,9449,6.4,2.478,2.498,0
1632,对狙,858,5.4,3.543,3.576,0
1633,对抗路,267,5.5,5.008,4.561,0
1634,对面打野,573,5.3,5.314,5.752,0
1635,对面的,1477,6.2,5.206,6.349,0
1636,对面是,664,5.4,5.076,5.151,0
1637,对面有,471,5.1,5.168,4.715,0
1638,多多多多,9495,5.4,2.16,2.033,0
1639,多罗罗,514,5.0,4.82,3.412,0
1640,多人运动,863,7.1,4.474,4.781,0
1641,多少钱,1510,5.2,3.179,3.873,0
1642,多谢van强哥,2607,15.1,5.59,5.846,0
1643,多谢大仙,973,7.1,4.206,4.283,0
1644,多谢大仙反弹,580,13.6,4.07,4.5,0
1645,多谢款待,342,6.0,4.265,4.104,0
1646,多谢老仙,461,6.3,3.691,2.807,0
1647,多谢老仙反弹,288,10.1,3.375,3.393,0
1648,多谢顽强哥,303,7.5,4.626,3.926,0
1649,多谢乌蝇哥,306,7.7,3.131,3.792,0
1650,夺冠了,575,14.1,4.759,5.901,0
1651,夺命老家,333,11.4,2.73,3.414,0
1652,俄洛伊,770,10.2,5.193,5.868,0
1653,额额额额,535,7.1,2.856,3.629,0
1654,厄运传递,280,11.2,2.895,3.444,0
1655,恶灵退散,326,11.2,2.59,2.898,0
1656,恶魔缠身,360,8.3,2.492,2.646,0
1657,恶魔的,354,8.3,4.176,3.781,0
1658,恶心啊,273,6.2,3.136,4.103,0
1659,恶心的,557,7.0,4.06,5.035,0
1660,恶心恶心,2349,8.4,4.644,4.889,0
1661,恶心恶心恶心,1956,14.7,4.291,4.365,0
1662,恶心人,522,6.9,4.844,3.423,0
1663,恶心我,265,6.2,4.534,4.765,0
1664,恶心心,291,6.3,3.502,3.433,0
1665,诶嘿嘿,1447,6.3,4.458,2.615,0
1666,而且还,302,6.8,4.561,4.822,0
1667,而且是,269,6.7,3.992,5.252,0
1668,耳机党已,315,5.3,3.548,2.033,0
1669,耳机党阵亡,757,18.0,4.12,4.745,0
1670,二倍速新世界,423,7.2,2.967,3.436,0
1671,二倍新世界,897,5.3,3.832,4.298,0
1672,二次元的,273,5.6,4.355,3.793,0
1673,二段q,265,5.7,4.699,5.365,0
1674,二柱子,737,8.9,4.027,5.217,0
1675,发弹幕,3370,8.8,4.267,3.181,0
1676,发动技能,280,5.6,2.48,2.418,0
1677,发发发发,3768,7.4,3.588,4.366,0
1678,发发发发发发,3035,11.1,2.436,3.39,0
1679,发际线,426,11.9,3.234,4.539,0
1680,发生了,2548,7.5,5.763,2.305,0
1681,发生了什么,1027,14.5,5.23,5.076,0
1682,发生什么,555,5.9,2.315,2.288,0
1683,发问号,377,5.3,4.347,2.954,0
1684,发现我,1153,9.6,2.142,4.438,0
1685,发现这,317,8.3,2.17,3.073,0
1686,发现这个,306,8.3,2.486,3.985,0
1687,翻译的,384,12.1,4.804,4.831,0
1688,翻译我,300,11.8,4.495,4.137,0
1689,翻译小哥,583,12.5,4.52,3.333,0
1690,凡哥对不起,356,6.0,2.409,3.147,0
1691,反冲斗士,370,5.6,3.667,4.135,0
1692,反弹大仙,467,8.0,2.752,3.378,0
1693,反弹的,295,7.5,2.456,2.703,0
1694,反弹多谢,1107,8.9,4.374,3.323,0
1695,反弹多谢大仙,582,15.8,3.925,4.28,0
1696,反弹多谢老仙,283,15.1,3.835,2.128,0
1697,反弹反弹,24450,12.0,5.215,5.656,0
1698,反弹反弹多谢,710,16.4,4.348,2.922,0
1699,反弹反弹反弹,13391,19.4,5.153,5.703,0
1700,反弹反弹谢谢,870,16.6,4.36,4.026,0
1701,反弹哈哈哈,814,8.6,2.969,3.284,0
1702,反弹哈哈哈哈哈哈,456,15.2,2.49,2.288,0
1703,反弹哈哈哈哈哈哈哈,338,14.9,2.115,2.615,0
1704,反弹害怕,566,8.2,2.457,4.007,0
1705,反弹全部反弹,3872,18.1,3.508,3.855,0
1706,反弹我,558,8.2,2.659,4.516,0
1707,反弹下次一定,356,15.6,3.108,3.553,0
1708,反弹谢谢,1416,9.1,4.353,4.229,0
1709,反弹谢谢大仙,615,15.9,3.815,4.574,0
1710,反弹谢谢老仙,271,15.1,3.55,3.325,0
1711,反弹永久反弹,9033,19.0,3.736,4.634,0
1712,反反复复反反复复,307,7.2,2.423,2.197,0
1713,反手就是,266,5.7,2.396,2.487,0
1714,反手一个,615,6.5,4.435,2.937,0
1715,反正我,1299,7.1,4.999,3.573,0
1716,犯规了,428,13.6,2.708,3.457,0
1717,方舟的,2147,13.9,4.608,3.457,0
1718,方舟的骑士,2048,18.1,4.094,4.818,0
1719,放飞自我,350,5.1,4.792,2.823,0
1720,放技能,335,9.3,4.472,4.595,0
1721,放假君牛逼,286,6.1,2.676,2.952,0
1722,放弃了,960,9.1,3.688,5.48,0
1723,放我出去,1091,8.4,2.725,3.675,0
1724,飞飞飞飞,213744,11.2,4.719,5.876,1
1725,飞飞飞飞飞飞,198829,11.9,4.664,5.831,1
1726,飞过来飞过来,4440,6.1,2.816,2.296,0
1727,飞过来飞过来飞过来,4007,14.0,2.423,2.243,0
1728,飞机飞机,329,7.0,2.678,3.59,0
1729,飞起来,1742,6.7,4.287,2.337,0
1730,飞升者,548,8.4,4.453,5.57,0
1731,非常的,343,9.8,4.451,4.447,0
1732,非常好,513,10.2,3.375,3.377,0
1733,非常好看,263,9.6,3.536,3.883,0
1734,绯红之王,1070,10.2,4.928,5.976,0
1735,狒狒挠头,1041,21.3,3.49,4.393,0
1736,分明是,352,7.4,2.591,5.251,0
1737,分钟的,393,8.4,3.233,4.456,0
1738,分钟就,285,8.0,3.147,5.201,0
1739,分钟了,323,8.2,2.98,4.841,0
1740,分钟前,2424,10.2,3.39,5.428,0
1741,分钟我,278,8.0,3.288,4.448,0
1742,粉丝的,313,8.7,4.502,4.272,0
1743,粉丝都,367,8.8,3.59,2.727,0
1744,粉丝了,261,8.5,2.951,4.868,0
1745,粉丝骂人,338,8.8,2.352,4.347,0
1746,愤怒的,395,16.4,4.073,3.078,0
1747,风俗娘,299,12.2,2.632,3.357,0
1748,封面的,364,8.0,4.547,5.08,0
1749,封面好评,455,8.3,4.244,4.905,0
1750,封面就,505,8.4,2.459,3.472,0
1751,封面魔鬼,476,8.3,4.001,4.124,0
1752,封面呢,701,8.7,4.515,4.944,0
1753,封面是,1290,9.3,4.811,4.391,0
1754,封面我,1255,9.3,4.495,3.811,0
1755,封印解除,713,10.3,4.523,4.668,0
1756,疯狂暗示,1004,7.2,5.11,5.334,0
1757,疯狂打call,866,12.2,5.432,3.986,0
1758,疯狂的,467,6.4,3.619,4.951,0
1759,疯狂输出,310,6.0,3.993,4.989,0
1760,疯狂押韵,479,6.5,3.612,3.956,0
1761,葑号,341,7.7,3.148,3.612,0
1762,逢考必过,394,9.3,2.737,4.928,0
1763,凤凰涅,351,14.3,4.085,4.751,0
1764,缝合怪,530,13.1,3.108,3.386,0
1765,伏拉夫,497,8.0,3.1,3.929,0
1766,福建烤老鼠,1194,17.4,5.509,4.834,0
1767,辅助的,634,13.1,5.04,5.229,0
1768,辅助都,341,12.5,4.364,4.73,0
1769,辅助是,256,12.2,4.506,4.691,0
1770,辅助装,277,12.3,3.897,4.106,0
1771,复活了,565,10.5,4.533,5.363,0
1772,富富富富,532,12.8,3.186,3.085,0
1773,富富富富富富,405,14.0,2.933,2.725,0
1774,富冈义勇,379,13.3,2.792,3.287,0
1775,嘎嘎嘎,1206,8.0,4.412,4.676,0
1776,嘎嘎嘎嘎,7817,9.9,3.107,2.237,0
1777,嘎嘎嘎嘎嘎,527,6.9,2.438,3.896,0
1778,盖亚lbwnb,319,8.9,2.788,2.91,0
1779,甘城光辉游乐园,340,19.2,2.694,3.859,0
1780,柑橘柑橘,1845,15.9,2.391,2.074,0
1781,尴尬的,530,12.1,4.731,4.727,0
1782,尴尬了,645,12.3,2.765,5.147,0
1783,赶紧去,275,12.0,3.741,4.627,0
1784,感动啊,285,7.2,2.011,3.996,0
1785,感动到,324,7.3,2.517,2.005,0
1786,感动的,489,7.7,3.743,4.203,0
1787,感动感动,455,7.7,2.559,2.815,0
1788,感动了,1240,8.7,2.86,4.219,0
1789,感动泪目,637,8.0,3.203,3.556,0
1790,感动我,312,7.3,3.354,4.233,0
1791,感动中国,423,7.6,2.919,3.778,0
1792,感觉不,337,9.8,4.087,3.025,0
1793,感觉到,513,10.3,3.351,2.425,0
1794,感觉都,421,10.1,3.548,3.773,0
1795,感觉还,528,10.3,3.634,2.748,0
1796,感觉还是,265,9.6,3.403,4.906,0
1797,感觉好,889,10.8,4.418,5.273,0
1798,感觉好像,261,9.6,4.305,3.754,0
1799,感觉很,799,10.7,4.515,3.321,0
1800,感觉就,324,9.8,3.921,3.96,0
1801,感觉就是,290,9.7,3.262,5.002,0
1802,感觉没,342,9.9,4.654,2.819,0
1803,感觉你,628,10.5,2.465,4.276,0
1804,感觉是,1156,11.1,4.357,5.647,0
1805,感觉他,451,10.1,2.586,4.355,0
1806,感觉像,870,10.8,4.692,5.421,0
1807,感觉要,411,10.0,4.218,4.507,0
1808,感觉有点,731,10.6,4.669,5.827,0
1809,感觉在,417,10.0,4.077,4.372,0
1810,感觉这,878,10.8,3.369,3.894,0
1811,感觉这个,944,10.9,3.657,5.215,0
1812,感觉自己,503,10.2,4.175,4.941,0
1813,感情的,468,9.0,2.306,4.518,0
1814,感谢感谢,5283,11.8,4.713,5.231,0
1815,感谢感谢感谢,2974,18.3,3.969,4.112,0
1816,感谢京阿尼,263,8.8,2.745,4.079,0
1817,感谢你,727,9.8,4.788,4.241,0
1818,感谢你们,705,9.8,4.359,4.073,0
1819,感谢陪伴对不起,987,15.7,3.369,2.336,0
1820,感谢陪伴泪目,441,16.4,3.132,2.889,0
1821,感谢我,649,9.7,3.505,3.368,0
1822,感谢指挥部,838,9.9,5.027,6.273,0
1823,感谢字幕君,488,8.1,3.531,2.594,0
1824,干得漂亮哈哈哈,376,14.0,3.937,3.039,0
1825,干净了,378,8.7,2.256,4.11,0
1826,刚从,736,5.7,3.697,4.703,0
1827,刚刚的,299,5.9,4.866,3.577,0
1828,刚刚好,392,6.2,4.004,4.514,0
1829,刚刚那个,660,6.7,4.793,3.821,0
1830,刚刚是,322,6.0,4.342,4.778,0
1831,刚开始,711,5.5,3.825,4.248,0
1832,刚看完,334,5.2,3.441,3.687,0
1833,高地保安,494,5.5,4.998,5.247,0
1834,高调承包,561,7.1,4.561,4.086,0
1835,高端局,440,8.2,5.026,4.089,0
1836,高分少女,425,5.1,3.856,4.313,0
1837,高级弹幕合影,2907,16.3,4.766,5.224,0
1838,高考必胜,583,6.5,3.023,3.504,0
1839,高考加油,4548,8.6,4.583,5.135,0
1840,高木高木,695,5.4,2.331,2.834,0
1841,高能高能高能,1485,14.1,2.951,3.218,0
1842,高能哈哈哈哈哈哈,990,15.2,2.539,4.118,0
1843,高能哈哈哈哈哈哈哈,847,15.1,2.564,3.686,0
1844,高能前方高能,14400,16.4,2.183,5.859,0
1845,高兴的,746,9.0,4.655,3.624,0
1846,高音哥,614,7.1,3.701,3.639,0
1847,搞什么,353,8.5,3.554,4.1,0
1848,搞颜色,656,9.2,3.79,5.152,0
1849,告诉你,1925,17.4,3.429,4.908,0
1850,告诉你们,671,16.3,3.503,4.134,0
1851,告诉我,3935,18.1,3.871,4.372,0
1852,告诉我们,784,16.5,3.683,5.247,0
1853,哥哥哥哥哥哥,383,13.7,2.147,2.194,0
1854,哥哥我可以,335,13.6,3.218,4.258,0
1855,割割,277,9.1,3.081,3.315,0
1856,隔壁的,337,10.3,3.578,4.707,0
1857,隔离隔离,493,8.8,3.372,3.392,0
1858,隔着,560,6.3,4.242,5.057,0
1859,个弹幕我要,384,6.1,2.365,3.076,0
1860,个小伙伴你们好,536,6.0,2.477,2.794,0
1861,个兄弟,311,5.5,2.525,2.606,0
1862,各位开头见,390,7.8,2.775,3.438,0
1863,各位我,417,9.0,3.463,4.277,0
1864,给孩子,630,7.8,2.729,3.665,0
1865,给劳资,445,7.9,2.725,3.881,0
1866,给你硬币,344,5.0,3.306,3.478,0
1867,给爷爬,1088,5.8,4.807,5.393,0
1868,根本不,906,9.7,4.556,3.634,0
1869,根本不是,494,9.1,2.983,4.802,0
1870,根本没,654,9.4,4.984,3.528,0
1871,根本没有,486,9.1,4.77,5.251,0
1872,根本停不下来,531,9.1,3.197,3.936,0
1873,跟我一起,379,6.9,4.304,4.288,0
1874,跟我一样,446,6.7,4.093,4.853,0
1875,更新了,2544,6.1,4.489,6.164,0
1876,公瑾公瑾,3775,15.6,3.422,2.922,0
1877,公瑾公瑾公瑾,3641,20.5,3.414,2.558,0
1878,公司的,266,12.4,3.849,4.438,0
1879,宫吧,494,5.0,3.181,3.431,0
1880,宫吧老哥,342,10.7,2.503,2.841,0
1881,宫崎骏的,306,14.4,3.708,3.976,0
1882,恭送丞相,913,10.0,3.164,3.879,0
1883,恭送一代,690,9.7,3.016,2.197,0
1884,恭送一代野王,667,14.8,2.99,5.028,0
1885,恭喜ag,915,12.6,4.537,3.199,0
1886,恭喜ag超玩会,652,13.6,3.79,3.234,0
1887,恭喜fpx,538,12.1,4.575,5.566,0
1888,恭喜ig,385,11.8,4.513,5.222,0
1889,恭喜og,257,11.4,4.212,5.083,0
1890,恭喜rng,441,11.9,4.546,5.552,0
1891,恭喜ts,275,11.4,3.334,4.278,0
1892,恭喜恭喜,2984,13.8,5.325,5.552,0
1893,恭喜恭喜恭喜,1139,17.9,3.8,3.88,0
1894,恭喜你,5945,14.5,4.849,4.782,0
1895,拱坝老哥,353,16.0,3.53,2.689,0
1896,狗比艾瑞克,751,8.0,4.46,3.608,0
1897,狗狗狗狗狗狗,870,14.9,2.494,2.505,0
1898,狗粮,874,7.8,3.722,4.628,0
1899,狗贼仓鼠,662,5.6,4.292,3.923,0
1900,狗贼仓鼠狗贼,410,14.2,2.922,2.949,0
1901,狗贼恶心,467,5.2,4.634,4.309,0
1902,狗贼狗,399,5.1,4.032,4.637,0
1903,狗贼狗贼,92239,10.5,5.804,4.977,1
1904,狗贼狗贼狗贼,83621,19.5,5.664,4.916,1
1905,狗贼狗贼小人,333,11.8,4.822,3.952,0
1906,狗贼滚,500,5.3,4.499,2.941,0
1907,狗贼你,2490,6.9,5.346,5.323,0
1908,狗贼你不配,285,13.8,4.368,4.504,0
1909,狗贼我,397,5.1,4.596,5.308,0
1910,狗贼小人,859,5.8,5.207,4.531,0
1911,估计都,285,14.6,3.813,4.394,0
1912,估计是,759,15.5,4.851,5.782,0
1913,咕咕咕,516,11.0,4.723,3.545,0
1914,孤独的,463,12.7,3.463,3.649,0
1915,孤儿怨,520,10.1,4.257,3.776,0
1916,孤寡孤寡,952,13.9,2.689,2.156,0
1917,鼓掌鼓掌,267,12.3,2.787,3.746,0
1918,故乡的,591,11.9,2.481,2.283,0
1919,故意的,1062,13.1,2.723,4.392,0
1920,挂机了,564,7.3,4.873,5.625,0
1921,乖乖站好,850,5.4,2.554,4.537,0
1922,关键是,794,9.1,5.133,4.913,0
1923,关羽关羽,954,11.0,3.189,2.948,0
1924,关注了,1263,11.7,4.362,5.978,0
1925,官方的,265,9.7,4.112,4.995,0
1926,冠军了,451,11.4,3.81,5.726,0
1927,冠军皮肤,567,11.6,3.862,5.454,0
1928,冠军中单,506,11.5,3.3,5.285,0
1929,管大校,851,5.0,3.64,5.673,0
1930,管管孩子,1523,8.6,4.793,2.83,0
1931,管管家长,411,7.3,4.012,2.121,0
1932,灌醉灌醉灌醉,2639,18.4,2.255,2.331,0
1933,光光光光,336,5.4,3.433,2.309,0
1934,光明的,336,7.3,2.012,2.522,0
1935,广告呢,270,11.5,4.249,4.745,0
1936,广告我,266,11.5,3.154,4.468,0
1937,广西的,261,8.7,3.36,4.55,0
1938,龟龟,780,9.2,3.501,3.413,0
1939,鬼才哈哈哈哈哈哈,336,13.6,3.125,3.234,0
1940,鬼畜啊,420,8.6,2.695,3.926,0
1941,鬼畜的,1171,9.6,3.876,4.198,0
1942,鬼畜都,264,8.1,2.371,2.924,0
1943,鬼畜哈哈哈,391,8.5,3.487,2.355,0
1944,鬼畜视频,410,8.6,2.824,4.403,0
1945,鬼畜素材,465,8.7,3.396,2.593,0
1946,鬼畜我,1194,9.6,2.068,4.169,0
1947,鬼畜永不,292,8.2,2.918,2.297,0
1948,鬼东西,374,6.6,2.423,4.137,0
1949,鬼切鬼切,828,6.8,2.022,2.784,0
1950,贵妃贵妃,5893,13.3,3.078,3.379,0
1951,贵妃贵妃贵妃,5746,19.2,3.078,3.379,0
1952,贵贵贵贵,1205,9.9,3.489,3.154,0
1953,贵贵贵贵贵贵,1062,13.2,3.237,2.676,0
1954,跪求bgm,389,5.0,3.726,4.866,0
1955,滚出b站,1487,7.4,2.793,4.36,0
1956,滚滚滚,578,5.9,5.049,4.017,0
1957,滚滚滚滚,2795,7.4,2.934,2.257,0
1958,滚滚滚滚滚滚,2431,16.7,2.911,2.066,0
1959,郭乐乐,544,8.6,3.876,4.959,0
1960,锅老师,999,5.6,4.489,5.747,0
1961,国服第一,544,8.5,3.809,5.557,0
1962,国家的,285,7.3,3.275,3.861,0
1963,国家队天下第一,429,7.7,2.704,3.653,0
1964,国庆快乐,1252,12.3,3.817,4.583,0
1965,国士无双国士无双,2736,11.6,3.824,4.475,0
1966,国士无双国士无双国士无双,1824,17.0,2.763,3.474,0
1967,国土寸步不让,358,9.1,4.385,4.769,0
1968,果断三连,312,10.5,4.114,3.527,0
1969,果然还是,487,13.1,4.543,4.784,0
1970,果然是,1962,14.5,5.483,5.672,0
1971,果然有,301,12.6,3.955,2.769,0
1972,过半警告,347,5.6,4.027,4.399,0
1973,过分了,4489,6.5,4.43,4.482,0
1974,过审,311,6.5,3.783,2.387,0
1975,哈哈666,421,5.9,3.584,4.391,0
1976,哈哈hiahiahia,306,5.5,2.65,3.649,0
1977,哈哈lbwnb,636,6.3,2.665,3.504,0
1978,哈哈nb,355,5.7,2.439,3.649,0
1979,哈哈啊,5508,8.4,2.903,3.774,0
1980,哈哈啊哈哈,1162,8.9,2.081,3.442,0
1981,哈哈啊哈哈哈,1871,16.6,2.179,3.799,0
1982,哈哈啊哈哈哈哈,1630,16.4,2.35,3.022,0
1983,哈哈不,467,6.0,3.321,4.434,0
1984,哈哈草,653,6.3,2.649,2.632,0
1985,哈哈大,264,5.4,2.957,3.854,0
1986,哈哈弹幕,327,5.6,3.07,3.245,0
1987,哈哈淦,280,5.5,2.816,2.444,0
1988,哈哈嗝,967,6.7,2.604,5.293,0
1989,哈哈给,283,5.5,2.935,2.635,0
1990,哈哈哈05,697,6.4,3.099,2.74,0
1991,哈哈哈1,792,6.5,2.883,5.689,0
1992,哈哈哈15,297,5.5,2.146,2.081,0
1993,哈哈哈2333,470,6.0,2.658,4.902,0
1994,哈哈哈23333,583,6.2,3.591,4.77,0
1995,哈哈哈233333,575,6.2,3.122,4.749,0
1996,哈哈哈2333333,552,6.1,2.877,4.76,0
1997,哈哈哈23333333,484,6.0,2.615,4.303,0
1998,哈哈哈3,286,5.5,2.793,3.96,0
1999,哈哈哈6,737,6.4,3.306,4.938,0
2000,哈哈哈66,262,5.4,2.99,3.563,0
2001,哈哈哈666,1822,7.3,4.087,5.855,0
2002,哈哈哈6666,873,6.6,3.404,5.06,0
2003,哈哈哈66666,827,6.5,3.159,5.067,0
2004,哈哈哈666666,762,6.5,3.1,5.209,0
2005,哈哈哈6666666,592,6.2,2.919,4.705,0
2006,哈哈哈66666666,473,6.0,3.19,4.636,0
2007,哈哈哈awsl,731,6.4,3.7,4.966,0
2008,哈哈哈bgm,1211,6.9,3.808,3.382,0
2009,哈哈哈giao,383,5.8,2.584,3.779,0
2010,哈哈哈h,1479,7.1,3.251,4.638,0
2011,哈哈哈hhh,748,6.4,2.423,4.337,0
2012,哈哈哈hhhh,701,6.4,2.434,4.642,0
2013,哈哈哈hhhhh,789,6.5,2.845,4.453,0
2014,哈哈哈hhhhhh,693,6.4,2.432,4.286,0
2015,哈哈哈hhhhhhh,636,6.3,2.046,4.488,0
2016,哈哈哈hhhhhhhhh,446,5.9,2.689,3.591,0
2017,哈哈哈hhhhhhhhhh,378,5.8,2.355,3.431,0
2018,哈哈哈hiahiahia,810,6.5,4.076,4.906,0
2019,哈哈哈jojo,327,5.6,2.961,4.175,0
2020,哈哈哈lbwnb,3045,7.8,3.026,4.917,0
2021,哈哈哈lbwnblbwnb,784,6.5,2.208,3.729,0
2022,哈哈哈nb,1821,7.3,3.293,5.16,0
2023,哈哈哈skr,701,6.4,2.637,4.446,0
2024,哈哈哈up,1855,7.3,3.239,3.075,0
2025,哈哈哈wc,351,5.7,2.171,3.72,0
2026,哈哈哈wdnmd,934,6.7,2.876,4.682,0
2027,哈哈哈woc,1119,6.8,2.422,4.426,0
2028,哈哈哈xswl,2485,7.6,3.286,5.644,0
2029,哈哈哈阿,267,5.4,3.102,2.937,0
2030,哈哈哈啊,16117,9.5,3.305,4.281,0
2031,哈哈哈啊哈哈,1969,8.7,2.325,3.451,0
2032,哈哈哈啊哈哈哈,5370,17.6,2.419,3.698,0
2033,哈哈哈啊哈哈哈哈,5620,17.7,2.582,3.382,0
2034,哈哈哈唉,319,5.6,2.896,4.146,0
2035,哈哈哈奥利给,876,5.8,2.172,4.095,0
2036,哈哈哈把,608,6.2,3.333,3.109,0
2037,哈哈哈白嫖,939,7.0,2.79,2.973,0
2038,哈哈哈百万,1082,6.8,2.347,2.258,0
2039,哈哈哈般配,530,6.1,2.967,4.86,0
2040,哈哈哈保护,1151,6.9,3.55,4.849,0
2041,哈哈哈保护保护,300,14.7,2.161,3.484,0
2042,哈哈哈被,587,6.2,3.053,5.326,0
2043,哈哈哈标准结局,368,14.9,2.283,3.02,0
2044,哈哈哈表白,326,5.6,2.604,3.923,0
2045,哈哈哈别,580,6.2,2.591,3.549,0
2046,哈哈哈不,2270,7.5,3.666,4.865,0
2047,哈哈哈不会,342,5.7,2.582,2.309,0
2048,哈哈哈不是,990,6.7,3.508,5.072,0
2049,哈哈哈不要,970,6.7,2.985,4.886,0
2050,哈哈哈蔡徐坤,335,13.4,2.225,4.009,0
2051,哈哈哈草,4243,8.2,3.142,3.873,0
2052,哈哈哈超级,269,5.4,2.128,3.071,0
2053,哈哈哈屮,331,5.6,2.084,3.075,0
2054,哈哈哈承包,308,5.5,3.182,3.65,0
2055,哈哈哈吃,492,6.0,3.177,4.261,0
2056,哈哈哈彳亍,1607,7.2,2.849,4.885,0
2057,哈哈哈从,288,5.5,2.864,3.083,0
2058,哈哈哈猝不及防,1425,7.1,3.566,5.308,0
2059,哈哈哈打,415,5.8,3.075,3.76,0
2060,哈哈哈大,1155,6.9,3.188,4.164,0
2061,哈哈哈大哥,452,5.9,2.582,3.986,0
2062,哈哈哈大家,335,5.6,2.261,2.233,0
2063,哈哈哈大仙,330,5.6,4.0,4.718,0
2064,哈哈哈带,725,6.4,2.691,3.569,0
2065,哈哈哈弹幕,1731,7.3,4.052,3.685,0
2066,哈哈哈等等,265,5.4,3.531,2.958,0
2067,哈哈哈都,990,6.7,3.686,3.24,0
2068,哈哈哈对,859,6.6,2.957,3.524,0
2069,哈哈哈对不起,497,6.0,2.965,2.199,0
2070,哈哈哈对面,318,5.6,3.152,4.899,0
2071,哈哈哈额,278,5.4,2.423,3.33,0
2072,哈哈哈诶,372,5.7,2.466,3.698,0
2073,哈哈哈翻译,358,5.7,2.725,4.154,0
2074,哈哈哈反弹,632,6.3,2.636,3.888,0
2075,哈哈哈飞飞,687,6.4,3.103,2.322,0
2076,哈哈哈封面,517,6.1,3.057,3.52,0
2077,哈哈哈疯狂,364,5.7,2.164,3.811,0
2078,哈哈哈感觉,479,6.0,3.332,4.702,0
2079,哈哈哈感谢,344,5.7,2.416,3.274,0
2080,哈哈哈干得漂亮,596,15.4,2.921,4.433,0
2081,哈哈哈淦,1503,7.1,2.518,3.779,0
2082,哈哈哈刚刚,283,5.5,2.98,4.386,0
2083,哈哈哈高能,424,5.9,2.424,3.961,0
2084,哈哈哈隔,279,5.5,3.197,3.529,0
2085,哈哈哈嗝,7834,8.8,4.167,6.165,0
2086,哈哈哈嗝哈哈哈哈,1026,16.0,2.458,2.169,0
2087,哈哈哈给,1429,7.1,3.93,2.855,0
2088,哈哈哈鬼才,504,6.0,2.582,3.603,0
2089,哈哈哈果然,260,5.4,2.98,2.956,0
2090,哈哈哈哈666,493,6.0,2.119,4.818,0
2091,哈哈哈哈6666,283,5.5,2.198,4.007,0
2092,哈哈哈哈666666,268,5.4,2.089,4.394,0
2093,哈哈哈哈h,752,6.4,2.656,4.378,0
2094,哈哈哈哈hiahiahia,334,5.6,2.402,3.803,0
2095,哈哈哈哈up,511,6.1,2.116,2.65,0
2096,哈哈哈哈啊,5083,8.4,2.291,3.814,0
2097,哈哈哈哈不,640,6.3,2.176,4.762,0
2098,哈哈哈哈不是,293,5.5,2.198,4.337,0
2099,哈哈哈哈都,301,5.5,2.169,3.189,0
2100,哈哈哈哈淦,416,5.8,2.106,3.114,0
2101,哈哈哈哈嗝,3086,7.9,3.168,5.778,0
2102,哈哈哈哈给,390,5.8,2.214,2.797,0
2103,哈哈哈哈哈,95713,11.3,6.218,6.981,1
2104,哈哈哈哈哈lbwnb,419,8.2,2.518,2.806,0
2105,哈哈哈哈哈xswl,280,8.3,3.416,3.604,0
2106,哈哈哈哈哈哈,2326029,14.5,6.034,6.791,1
2107,哈哈哈哈哈哈05,477,15.0,2.568,2.371,0
2108,哈哈哈哈哈哈2333,290,14.0,2.752,4.001,0
2109,哈哈哈哈哈哈23333,357,14.2,2.61,3.874,0
2110,哈哈哈哈哈哈233333,368,14.2,2.118,3.91,0
2111,哈哈哈哈哈哈23333333,336,14.1,2.971,3.424,0
2112,哈哈哈哈哈哈666,1054,15.1,3.226,4.974,0
2113,哈哈哈哈哈哈6666,533,14.4,2.969,4.646,0
2114,哈哈哈哈哈哈66666,503,14.3,2.899,4.423,0
2115,哈哈哈哈哈哈666666,470,14.2,2.847,4.1,0
2116,哈哈哈哈哈哈6666666,362,14.0,2.419,3.988,0
2117,哈哈哈哈哈哈bgm,773,15.7,2.664,2.931,0
2118,哈哈哈哈哈哈hhhhhhh,504,15.3,2.264,3.935,0
2119,哈哈哈哈哈哈hiahiahia,260,13.6,2.626,3.542,0
2120,哈哈哈哈哈哈lbwnb,1882,15.0,3.086,4.476,0
2121,哈哈哈哈哈哈nb,1197,14.6,2.79,4.563,0
2122,哈哈哈哈哈哈up,1187,16.0,2.098,2.868,0
2123,哈哈哈哈哈哈wdnmd,624,15.5,3.037,3.984,0
2124,哈哈哈哈哈哈woc,808,15.4,2.205,3.805,0
2125,哈哈哈哈哈哈xswl,1689,16.5,3.523,5.18,0
2126,哈哈哈哈哈哈般配,326,14.8,3.499,4.466,0
2127,哈哈哈哈哈哈保护,771,15.7,2.973,4.016,0
2128,哈哈哈哈哈哈不是,616,10.9,2.866,4.146,0
2129,哈哈哈哈哈哈不要,651,13.0,2.876,4.361,0
2130,哈哈哈哈哈哈猝不及防,957,15.9,2.143,4.408,0
2131,哈哈哈哈哈哈大哥,282,13.4,2.333,3.354,0
2132,哈哈哈哈哈哈弹幕,1103,16.0,3.466,3.231,0
2133,哈哈哈哈哈哈翻译,263,14.6,2.192,4.052,0
2134,哈哈哈哈哈哈反弹,426,15.1,2.131,3.577,0
2135,哈哈哈哈哈哈感觉,283,14.7,2.013,4.295,0
2136,哈哈哈哈哈哈高能,284,12.4,2.225,3.229,0
2137,哈哈哈哈哈哈哈,375096,12.7,6.053,6.83,1
2138,哈哈哈哈哈哈哈666,285,13.7,2.973,4.233,0
2139,哈哈哈哈哈哈哈lbwnb,504,13.7,2.535,3.481,0
2140,哈哈哈哈哈哈哈nb,278,13.1,2.594,3.821,0
2141,哈哈哈哈哈哈哈up,274,14.5,2.346,2.488,0
2142,哈哈哈哈哈哈哈xswl,449,15.1,3.377,4.03,0
2143,哈哈哈哈哈哈哈彳亍,289,14.7,2.468,2.257,0
2144,哈哈哈哈哈哈哈弹幕,260,14.6,3.483,2.611,0
2145,哈哈哈哈哈哈哈哈哈,1784961,11.2,6.013,6.819,1
2146,哈哈哈哈哈哈哈哈哈哈,250456,21.5,6.007,5.935,1
2147,哈哈哈哈哈哈哈害怕,1245,15.4,3.552,4.776,0
2148,哈哈哈哈哈哈哈好活,458,15.2,3.498,4.378,0
2149,哈哈哈哈哈哈哈泪目,1422,16.3,4.006,5.236,0
2150,哈哈哈哈哈哈哈离谱,260,14.6,2.742,3.291,0
2151,哈哈哈哈哈哈哈魔鬼,312,13.6,2.743,3.381,0
2152,哈哈哈哈哈哈哈前方,516,15.3,3.699,3.006,0
2153,哈哈哈哈哈哈哈什么,272,13.2,3.083,2.131,0
2154,哈哈哈哈哈哈哈我要,262,12.1,3.098,2.627,0
2155,哈哈哈哈哈哈哈卧槽,887,15.8,3.603,3.911,0
2156,哈哈哈哈哈哈哈这个,1020,13.4,4.218,4.824,0
2157,哈哈哈哈哈哈哈真的,269,9.3,3.23,3.613,0
2158,哈哈哈哈哈哈哈真实,313,14.8,3.59,3.813,0
2159,哈哈哈哈哈哈还有,333,11.3,2.625,3.436,0
2160,哈哈哈哈哈哈害怕,5503,16.9,3.811,5.575,0
2161,哈哈哈哈哈哈好好,640,12.0,2.848,2.171,0
2162,哈哈哈哈哈哈好活,1604,16.4,3.696,4.958,0
2163,哈哈哈哈哈哈好听,439,13.7,2.523,3.838,0
2164,哈哈哈哈哈哈合影,346,14.9,2.523,3.974,0
2165,哈哈哈哈哈哈恍恍惚惚,418,15.1,2.174,2.117,0
2166,哈哈哈哈哈哈经典,313,14.8,3.015,4.215,0
2167,哈哈哈哈哈哈就是,257,10.0,2.529,3.452,0
2168,哈哈哈哈哈哈绝活,309,14.8,2.344,3.78,0
2169,哈哈哈哈哈哈可爱,606,13.0,3.163,4.112,0
2170,哈哈哈哈哈哈可以,721,14.4,2.525,4.518,0
2171,哈哈哈哈哈哈泪目,6135,17.8,3.937,5.997,0
2172,哈哈哈哈哈哈离谱,941,15.9,2.801,4.655,0
2173,哈哈哈哈哈哈律师函,787,15.7,2.059,3.147,0
2174,哈哈哈哈哈哈没有,601,11.9,2.523,3.763,0
2175,哈哈哈哈哈哈每天,1068,15.2,2.208,3.06,0
2176,哈哈哈哈哈哈魔鬼,1208,14.9,2.538,3.853,0
2177,哈哈哈哈哈哈那个,305,12.2,2.364,3.844,0
2178,哈哈哈哈哈哈你好,564,11.8,2.307,2.578,0
2179,哈哈哈哈哈哈你们,645,14.1,3.134,4.467,0
2180,哈哈哈哈哈哈牛批,509,15.3,2.163,3.652,0
2181,哈哈哈哈哈哈前方,2550,16.9,3.27,2.968,0
2182,哈哈哈哈哈哈人才,1156,14.3,2.743,2.776,0
2183,哈哈哈哈哈哈上头,1374,16.0,2.338,2.173,0
2184,哈哈哈哈哈哈什么,1116,14.6,3.314,2.488,0
2185,哈哈哈哈哈哈所以,273,13.4,2.3,2.902,0
2186,哈哈哈哈哈哈突然,513,15.3,2.991,3.733,0
2187,哈哈哈哈哈哈为什么,729,14.2,3.066,3.61,0
2188,哈哈哈哈哈哈我们,529,13.9,3.023,3.399,0
2189,哈哈哈哈哈哈我要,1155,13.5,2.878,2.871,0
2190,哈哈哈哈哈哈卧槽,3959,17.3,4.118,4.665,0
2191,哈哈哈哈哈哈芜湖,278,14.7,2.064,3.836,0
2192,哈哈哈哈哈哈现在,309,11.4,3.085,4.184,0
2193,哈哈哈哈哈哈兄弟,416,15.1,2.933,2.008,0
2194,哈哈哈哈哈哈有点,440,14.2,2.069,3.653,0
2195,哈哈哈哈哈哈有生之年,301,13.7,2.049,3.784,0
2196,哈哈哈哈哈哈原来,270,11.3,3.03,2.461,0
2197,哈哈哈哈哈哈暂停,353,14.9,2.922,2.288,0
2198,哈哈哈哈哈哈怎么,580,13.9,3.181,4.627,0
2199,哈哈哈哈哈哈这次,301,14.7,2.083,2.733,0
2200,哈哈哈哈哈哈这个,3977,14.8,4.217,5.549,0
2201,哈哈哈哈哈哈这里,398,13.8,2.608,3.297,0
2202,哈哈哈哈哈哈这么,301,13.3,2.625,4.3,0
2203,哈哈哈哈哈哈真的,1056,10.6,3.06,4.587,0
2204,哈哈哈哈哈哈真实,1167,16.1,3.357,4.949,0
2205,哈哈哈哈哈哈真香,504,14.1,2.18,2.697,0
2206,哈哈哈哈哈哈中国,315,14.8,2.272,2.72,0
2207,哈哈哈哈哈哈专业,510,15.3,2.445,4.627,0
2208,哈哈哈哈哈害怕,878,8.2,3.582,3.725,0
2209,哈哈哈哈哈好活,338,8.3,3.313,4.347,0
2210,哈哈哈哈哈泪目,1148,8.3,3.677,4.861,0
2211,哈哈哈哈哈卧槽,661,8.2,3.845,3.949,0
2212,哈哈哈哈哈这个,867,8.3,3.696,5.009,0
2213,哈哈哈哈还,578,6.2,2.445,4.416,0
2214,哈哈哈哈好,3088,7.9,2.429,5.075,0
2215,哈哈哈哈和,387,5.8,2.432,3.767,0
2216,哈哈哈哈红红火火恍恍惚惚,869,15.8,2.05,4.112,0
2217,哈哈哈哈就,488,6.0,2.064,3.774,0
2218,哈哈哈哈看,416,5.8,2.209,2.895,0
2219,哈哈哈哈老,400,5.8,2.141,3.304,0
2220,哈哈哈哈没,354,5.7,2.0,3.582,0
2221,哈哈哈哈你,3349,7.9,2.592,5.402,0
2222,哈哈哈哈你们,287,5.5,2.296,4.264,0
2223,哈哈哈哈是,795,6.5,2.433,3.326,0
2224,哈哈哈哈说,291,5.5,2.582,3.476,0
2225,哈哈哈哈他,344,5.7,2.179,4.299,0
2226,哈哈哈哈太,857,6.6,2.053,2.931,0
2227,哈哈哈哈哇,331,5.6,2.123,3.294,0
2228,哈哈哈哈为什么,314,5.6,2.216,3.174,0
2229,哈哈哈哈我,8331,8.8,2.787,5.304,0
2230,哈哈哈哈卧槽,1457,7.1,2.314,4.533,0
2231,哈哈哈哈下次一定,1666,16.4,2.128,5.454,0
2232,哈哈哈哈有,807,6.5,2.013,3.791,0
2233,哈哈哈哈在,458,5.9,2.285,4.093,0
2234,哈哈哈哈怎么,280,5.5,2.138,4.755,0
2235,哈哈哈哈这,2535,7.7,2.538,4.191,0
2236,哈哈哈哈这个,1808,7.3,2.405,5.441,0
2237,哈哈哈哈真的,495,6.0,2.138,4.463,0
2238,哈哈哈哈真实,553,6.1,2.32,4.754,0
2239,哈哈哈还,2139,7.5,3.989,4.752,0
2240,哈哈哈还好,1744,7.3,4.475,2.137,0
2241,哈哈哈还好还好,1330,12.7,4.154,2.599,0
2242,哈哈哈还是,449,5.9,3.096,4.72,0
2243,哈哈哈还有,532,6.1,2.414,4.037,0
2244,哈哈哈害怕,7998,8.8,3.801,5.771,0
2245,哈哈哈害怕哈哈哈,577,15.4,2.215,2.503,0
2246,哈哈哈害怕害怕,2090,16.0,2.711,4.921,0
2247,哈哈哈毫无违和感,767,15.7,2.07,4.12,0
2248,哈哈哈好,12484,9.3,4.361,5.434,0
2249,哈哈哈好哈哈哈,923,15.9,2.236,2.448,0
2250,哈哈哈好好,940,6.7,2.725,2.522,0
2251,哈哈哈好活,2536,7.7,3.424,5.251,0
2252,哈哈哈好家伙,349,5.7,2.141,3.952,0
2253,哈哈哈好看,269,5.4,2.366,4.489,0
2254,哈哈哈好可爱,1358,13.8,2.886,3.334,0
2255,哈哈哈好听,729,6.4,2.376,4.141,0
2256,哈哈哈好像,533,6.1,3.759,3.747,0
2257,哈哈哈呵,582,6.2,3.33,3.156,0
2258,哈哈哈呵呵哈哈哈,975,15.9,2.274,3.953,0
2259,哈哈哈呵呵呵,1235,8.2,3.358,4.622,0
2260,哈哈哈呵呵呵呵,939,15.9,2.02,2.088,0
2261,哈哈哈合影,578,6.2,2.594,4.607,0
2262,哈哈哈和,1685,7.2,3.36,4.211,0
2263,哈哈哈嘿嘿,665,6.3,2.342,4.508,0
2264,哈哈哈很,668,6.3,2.987,2.565,0
2265,哈哈哈红红火火恍恍惚惚,6731,17.8,4.649,5.558,0
2266,哈哈哈后面,341,5.7,2.564,2.328,0
2267,哈哈哈护眼,310,5.6,3.266,4.176,0
2268,哈哈哈坏女人,313,11.8,2.654,2.906,0
2269,哈哈哈欢迎,1168,6.9,3.224,2.104,0
2270,哈哈哈欢迎回来,706,12.3,2.977,4.141,0
2271,哈哈哈恍恍惚惚,669,6.3,2.036,3.566,0
2272,哈哈哈会,256,5.4,3.268,3.863,0
2273,哈哈哈火钳刘明,7996,18.0,3.854,5.687,0
2274,哈哈哈加油,406,5.8,3.628,3.534,0
2275,哈哈哈建议,286,5.5,2.061,3.795,0
2276,哈哈哈今天,279,5.5,3.066,3.976,0
2277,哈哈哈进度条,332,5.6,2.314,3.294,0
2278,哈哈哈经典,522,6.1,2.845,4.85,0
2279,哈哈哈精彩,326,5.6,2.473,3.507,0
2280,哈哈哈就,1756,7.3,3.965,4.333,0
2281,哈哈哈就是,438,5.9,3.21,4.065,0
2282,哈哈哈居然,314,5.6,2.404,3.735,0
2283,哈哈哈开,292,5.5,3.522,2.966,0
2284,哈哈哈开花,376,5.7,2.116,3.59,0
2285,哈哈哈开幕雷击,816,15.7,2.404,4.287,0
2286,哈哈哈看,1465,7.1,3.679,3.08,0
2287,哈哈哈看到,431,5.9,3.168,3.135,0
2288,哈哈哈看过,439,5.9,2.532,4.273,0
2289,哈哈哈考古,259,5.4,2.055,3.418,0
2290,哈哈哈靠,350,5.7,2.12,3.343,0
2291,哈哈哈可,337,5.6,3.007,3.32,0
2292,哈哈哈可爱,961,6.7,2.993,4.856,0
2293,哈哈哈可怕,261,5.4,2.221,2.699,0
2294,哈哈哈可以,1170,6.9,3.553,4.835,0
2295,哈哈哈快,577,6.2,2.705,3.873,0
2296,哈哈哈快乐,319,5.6,2.511,3.518,0
2297,哈哈哈老,1544,7.2,3.337,4.114,0
2298,哈哈哈老子,293,5.5,2.754,4.344,0
2299,哈哈哈蕾丝,259,5.4,3.337,3.932,0
2300,哈哈哈泪目,9358,9.0,4.148,6.273,0
2301,哈哈哈泪目哈哈哈,549,15.3,2.077,2.578,0
2302,哈哈哈泪目泪目,1725,11.3,2.921,4.988,0
2303,哈哈哈离谱,1537,7.2,2.703,4.861,0
2304,哈哈哈厉害,1884,7.4,3.162,2.192,0
2305,哈哈哈两个,282,5.5,2.289,4.202,0
2306,哈哈哈灵魂,319,5.6,2.025,2.302,0
2307,哈哈哈律师函,1224,6.9,2.807,3.544,0
2308,哈哈哈律师函警告,1027,16.0,2.834,3.967,0
2309,哈哈哈没,1374,7.0,3.74,3.925,0
2310,哈哈哈没有,989,6.7,3.143,4.773,0
2311,哈哈哈每天,1530,7.2,2.57,3.048,0
2312,哈哈哈名场面,857,15.8,3.051,5.003,0
2313,哈哈哈魔鬼,1824,7.3,2.784,4.318,0
2314,哈哈哈那,1268,7.0,3.635,3.141,0
2315,哈哈哈那个,523,6.1,3.581,4.621,0
2316,哈哈哈嗯,665,6.3,2.876,3.984,0
2317,哈哈哈你,13215,9.3,4.912,5.549,0
2318,哈哈哈你不要,598,12.9,2.473,2.94,0
2319,哈哈哈你好,876,6.6,2.422,2.825,0
2320,哈哈哈你们,1023,6.7,3.589,4.646,0
2321,哈哈哈你怎么,257,13.1,2.565,2.951,0
2322,哈哈哈牛逼,3239,5.9,3.429,3.305,0
2323,哈哈哈牛批,835,6.5,2.726,4.619,0
2324,哈哈哈牛皮,440,5.9,2.292,4.039,0
2325,哈哈哈哦,1110,6.8,3.323,4.222,0
2326,哈哈哈怕,271,5.4,2.753,2.515,0
2327,哈哈哈噗,1059,6.8,2.899,3.325,0
2328,哈哈哈其实,304,5.5,2.682,3.044,0
2329,哈哈哈起飞,414,5.8,2.017,4.555,0
2330,哈哈哈前方,3679,8.0,3.626,3.837,0
2331,哈哈哈前方高能,2715,14.7,3.387,5.39,0
2332,哈哈哈前方核能,369,12.7,2.412,3.672,0
2333,哈哈哈前面,702,6.4,3.811,2.098,0
2334,哈哈哈请,480,6.0,2.662,3.413,0
2335,哈哈哈去,376,5.7,3.173,4.462,0
2336,哈哈哈全体起立,995,15.9,2.918,4.327,0
2337,哈哈哈确实,601,6.2,3.29,5.058,0
2338,哈哈哈让,725,6.4,3.068,2.249,0
2339,哈哈哈人,346,5.7,2.97,3.543,0
2340,哈哈哈人才,1755,7.3,2.892,3.138,0
2341,哈哈哈如果,324,5.6,3.557,2.423,0
2342,哈哈哈啥,414,5.8,2.557,4.122,0
2343,哈哈哈上海,269,5.4,2.322,3.316,0
2344,哈哈哈上头,1994,7.4,2.622,2.284,0
2345,哈哈哈谁,545,6.1,3.446,5.081,0
2346,哈哈哈什么,1686,7.2,3.927,2.946,0
2347,哈哈哈什么鬼,414,6.4,2.42,2.672,0
2348,哈哈哈神,588,6.2,3.316,2.776,0
2349,哈哈哈声音,269,5.4,2.458,3.927,0
2350,哈哈哈世界,308,5.5,2.406,2.468,0
2351,哈哈哈是,2813,7.8,4.271,3.456,0
2352,哈哈哈说,843,6.6,4.072,3.791,0
2353,哈哈哈所以,406,5.8,3.038,3.544,0
2354,哈哈哈他,1293,7.0,3.628,4.418,0
2355,哈哈哈她,319,5.6,2.346,4.059,0
2356,哈哈哈太,3147,7.9,3.569,3.975,0
2357,哈哈哈提前,259,5.4,2.7,2.291,0
2358,哈哈哈天,305,5.5,2.905,2.418,0
2359,哈哈哈天皇,612,6.2,2.524,2.202,0
2360,哈哈哈听,264,5.4,2.565,3.133,0
2361,哈哈哈突然,802,6.5,4.169,4.14,0
2362,哈哈哈土块,506,6.0,2.151,3.104,0
2363,哈哈哈哇,1288,7.0,3.761,3.672,0
2364,哈哈哈万恶之源,305,5.5,2.221,3.522,0
2365,哈哈哈危,1214,6.9,2.594,2.596,0
2366,哈哈哈为,301,5.5,2.388,3.311,0
2367,哈哈哈为了,563,6.2,2.608,3.971,0
2368,哈哈哈为什么,1150,6.9,3.787,3.829,0
2369,哈哈哈文艺复兴,561,6.1,2.137,3.95,0
2370,哈哈哈我,32593,10.2,5.173,5.357,0
2371,哈哈哈我tm,535,15.3,2.278,3.419,0
2372,哈哈哈我觉得,545,7.8,2.031,3.891,0
2373,哈哈哈我看过,346,13.2,2.105,3.201,0
2374,哈哈哈我来,386,5.8,2.346,2.322,0
2375,哈哈哈我们,863,6.6,2.926,3.819,0
2376,哈哈哈我要,1720,7.3,3.093,3.215,0
2377,哈哈哈我真的,256,9.2,2.118,3.014,0
2378,哈哈哈卧槽,5802,8.5,3.825,5.152,0
2379,哈哈哈芜湖,422,5.9,3.05,4.431,0
2380,哈哈哈吾辈楷模,269,14.6,2.55,3.684,0
2381,哈哈哈喜欢,358,5.7,2.81,4.721,0
2382,哈哈哈下次一定,6410,17.8,4.413,6.247,0
2383,哈哈哈吓,453,5.9,2.954,2.407,0
2384,哈哈哈现在,529,6.1,3.432,4.555,0
2385,哈哈哈想,408,5.8,3.007,4.348,0
2386,哈哈哈像,274,5.4,2.845,3.157,0
2387,哈哈哈小,914,6.6,3.663,3.876,0
2388,哈哈哈心疼,356,5.7,2.246,3.588,0
2389,哈哈哈兄弟,634,6.3,2.669,2.253,0
2390,哈哈哈兄弟们,299,6.9,2.36,2.185,0
2391,哈哈哈秀儿,313,5.6,2.073,3.584,0
2392,哈哈哈许愿,296,5.5,2.404,3.333,0
2393,哈哈哈要,841,6.6,3.428,3.791,0
2394,哈哈哈要素过多,1661,14.7,2.542,4.508,0
2395,哈哈哈爷青回,495,6.0,2.342,3.647,0
2396,哈哈哈一,454,5.9,3.232,3.708,0
2397,哈哈哈一个,354,5.7,3.833,4.191,0
2398,哈哈哈已经,331,5.6,2.579,4.682,0
2399,哈哈哈因为,381,5.8,3.03,3.349,0
2400,哈哈哈永久反弹,458,15.2,2.443,3.528,0
2401,哈哈哈优秀,644,6.3,2.427,3.994,0
2402,哈哈哈有,3098,7.9,3.455,4.104,0
2403,哈哈哈有点,713,6.4,2.945,4.591,0
2404,哈哈哈有毒,658,6.3,2.544,2.524,0
2405,哈哈哈有生之年,461,6.0,2.774,4.238,0
2406,哈哈哈又,1362,7.0,3.47,3.707,0
2407,哈哈哈原来,434,5.9,2.776,2.413,0
2408,哈哈哈再来亿遍,3046,17.1,2.719,5.001,0
2409,哈哈哈在,1682,7.2,4.614,4.729,0
2410,哈哈哈在现场,712,15.6,4.374,4.492,0
2411,哈哈哈暂停,525,6.1,2.134,2.63,0
2412,哈哈哈怎么,928,6.7,3.362,5.015,0
2413,哈哈哈这,9055,8.9,4.846,4.341,0
2414,哈哈哈这波,267,5.4,3.594,3.631,0
2415,哈哈哈这不是,662,11.0,3.448,3.859,0
2416,哈哈哈这次,471,6.0,2.401,3.588,0
2417,哈哈哈这次一定,364,14.9,2.087,4.114,0
2418,哈哈哈这个,6455,8.6,4.664,5.908,0
2419,哈哈哈这就是,581,10.8,3.286,3.435,0
2420,哈哈哈这里,653,6.3,3.206,3.933,0
2421,哈哈哈这么,492,6.0,3.245,4.804,0
2422,哈哈哈这是,1793,7.3,2.385,2.055,0
2423,哈哈哈真,1358,7.0,3.872,3.143,0
2424,哈哈哈真的,1681,7.2,3.575,4.838,0
2425,哈哈哈真实,1926,7.4,4.214,5.512,0
2426,哈哈哈真香,869,6.6,3.333,4.103,0
2427,哈哈哈正片,449,5.9,2.841,2.419,0
2428,哈哈哈正片开始,377,15.0,2.841,4.301,0
2429,哈哈哈直接,342,5.7,3.253,4.65,0
2430,哈哈哈中国,470,6.0,2.396,3.358,0
2431,哈哈哈终于,544,6.1,2.717,3.115,0
2432,哈哈哈逐渐,381,5.8,2.016,2.384,0
2433,哈哈哈注入灵魂,902,15.8,2.728,4.56,0
2434,哈哈哈专业,793,6.5,2.436,4.847,0
2435,哈哈哈自己,277,5.4,3.301,4.21,0
2436,哈哈哈祖安,339,5.6,2.126,2.871,0
2437,哈哈哈祖传,659,6.3,2.039,2.5,0
2438,哈哈还,749,6.4,4.299,4.125,0
2439,哈哈害怕,1258,7.0,2.182,4.641,0
2440,哈哈害怕害怕,332,14.1,2.177,2.549,0
2441,哈哈好,1752,7.3,3.894,4.781,0
2442,哈哈好活,490,6.0,2.912,4.675,0
2443,哈哈呵呵,454,5.9,2.59,2.247,0
2444,哈哈红红火火恍恍惚惚,998,15.9,3.502,4.158,0
2445,哈哈火钳刘明,1536,16.4,2.684,4.706,0
2446,哈哈就,384,5.8,3.843,3.553,0
2447,哈哈看,296,5.5,3.166,3.147,0
2448,哈哈可以,281,5.5,2.977,3.646,0
2449,哈哈老,296,5.5,2.986,2.822,0
2450,哈哈泪目,1778,7.3,3.412,5.475,0
2451,哈哈离谱,339,5.6,2.231,4.092,0
2452,哈哈没,280,5.5,3.482,2.864,0
2453,哈哈魔鬼,304,5.5,2.202,2.696,0
2454,哈哈那,309,5.6,3.126,2.799,0
2455,哈哈你,2317,7.6,3.984,5.303,0
2456,哈哈牛逼,613,5.9,3.119,3.246,0
2457,哈哈前方,543,6.1,2.359,2.646,0
2458,哈哈人才,334,5.6,2.82,2.733,0
2459,哈哈什么,336,5.6,3.207,2.359,0
2460,哈哈是,561,6.1,3.139,3.446,0
2461,哈哈他,267,5.4,3.011,4.209,0
2462,哈哈太,595,6.2,3.089,2.827,0
2463,哈哈我,6071,8.5,4.606,5.196,0
2464,哈哈卧槽,948,6.7,2.787,4.539,0
2465,哈哈下次一定,1242,16.2,3.978,5.563,0
2466,哈哈有,627,6.3,2.895,3.814,0
2467,哈哈又,269,5.4,2.498,3.731,0
2468,哈哈再来亿遍,461,15.2,2.112,4.243,0
2469,哈哈在,322,5.6,3.401,4.211,0
2470,哈哈这,1857,7.3,4.292,4.209,0
2471,哈哈这个,1338,7.0,4.171,5.306,0
2472,哈哈真,300,5.5,2.483,2.314,0
2473,哈哈真的,319,5.6,3.462,4.052,0
2474,哈哈真实,374,5.7,2.979,4.972,0
2475,哈利波特,512,7.3,4.049,2.918,0
2476,哈喽,421,7.3,3.76,4.103,0
2477,哈撒给,788,7.2,3.258,5.971,0
2478,还不行吗,1381,5.4,3.488,5.284,0
2479,还好哈哈哈哈哈哈,358,12.1,2.446,2.777,0
2480,还好哈哈哈哈哈哈哈,356,12.0,2.423,3.368,0
2481,还活着,2224,5.6,2.626,4.166,0
2482,还记得,2614,6.8,3.021,4.665,0
2483,还就那个,288,5.8,4.409,4.219,0
2484,还觉得,398,5.9,3.432,3.645,0
2485,还没开始,279,6.0,3.429,3.172,0
2486,还我开哥,4437,6.0,5.433,2.151,0
2487,还需要,492,5.9,4.565,5.63,0
2488,还有人记得,340,7.0,3.631,3.251,0
2489,还有这种操作,317,11.9,4.44,4.345,0
2490,还怎么,350,5.8,3.155,4.421,0
2491,孩子吧,334,10.5,2.681,4.229,0
2492,孩子的,662,11.2,3.365,2.777,0
2493,孩子都,294,10.4,3.32,4.312,0
2494,孩子了,301,10.4,2.86,4.799,0
2495,海贼海贼,1671,9.0,3.642,3.509,0
2496,海贼王的,581,7.9,4.442,4.366,0
2497,海贼王的男人,408,12.0,2.38,2.294,0
2498,海贼王海贼王,2176,9.2,3.957,3.746,0
2499,海贼王海贼王海贼王,1994,15.9,2.61,2.715,0
2500,害怕lbwnb,672,7.0,2.723,3.162,0
2501,害怕啊,766,7.2,3.146,2.998,0
2502,害怕奥利给,397,5.8,3.422,3.506,0
2503,害怕不,293,6.2,3.51,3.503,0
2504,害怕草,598,6.9,2.799,2.566,0
2505,害怕彳亍,378,6.4,2.742,2.712,0
2506,害怕弹幕,467,6.7,3.009,2.355,0
2507,害怕的,762,7.1,4.736,4.104,0
2508,害怕反弹,381,6.5,2.652,3.161,0
2509,害怕淦,361,6.4,3.277,2.202,0
2510,害怕哈哈哈,5095,9.0,4.713,4.671,0
2511,害怕哈哈哈哈哈,904,7.2,3.352,4.326,0
2512,害怕哈哈哈哈哈哈,3036,17.0,4.326,4.243,0
2513,害怕哈哈哈哈哈哈哈,2693,16.9,4.468,4.214,0
2514,害怕害怕,73369,11.7,5.488,6.015,1
2515,害怕害怕哈哈哈,1297,16.2,3.957,3.659,0
2516,害怕害怕害怕,42964,19.0,5.154,5.69,0
2517,害怕害怕泪目,273,16.1,2.057,3.246,0
2518,害怕好,895,7.3,3.779,4.196,0
2519,害怕好活,409,6.5,3.246,3.903,0
2520,害怕火钳刘明,639,16.9,3.435,2.985,0
2521,害怕开幕雷击,258,16.0,2.258,2.223,0
2522,害怕可爱,377,6.4,3.487,3.968,0
2523,害怕了,907,7.3,3.626,4.748,0
2524,害怕泪目,1352,7.7,3.62,4.899,0
2525,害怕你,2582,8.4,4.26,5.047,0
2526,害怕牛逼,315,5.9,2.812,2.411,0
2527,害怕前方高能,364,12.7,2.09,3.296,0
2528,害怕我,5502,9.1,4.655,5.309,0
2529,害怕卧槽,875,7.3,3.741,3.669,0
2530,害怕下次一定,717,16.3,3.402,4.721,0
2531,害怕有,408,6.5,4.133,3.035,0
2532,害怕再来亿遍,302,15.1,2.157,2.486,0
2533,害怕这,1153,7.6,4.212,3.69,0
2534,害怕这个,542,6.8,3.787,4.061,0
2535,害怕专业,299,6.2,2.914,2.863,0
2536,憨批,491,7.7,4.023,4.41,0
2537,韩服第一,379,7.8,4.098,3.209,0
2538,韩国的,289,8.4,3.148,4.704,0
2539,韩美娟,350,7.1,3.621,3.89,0
2540,韩信带净化,775,16.3,4.178,5.144,0
2541,韩信韩信,20511,11.2,5.112,5.05,0
2542,韩信韩信韩信,19841,19.1,4.702,4.752,0
2543,韩信我,307,7.0,4.288,3.814,0
2544,汉化组感谢,1564,17.8,3.157,3.159,0
2545,汉子哥,486,10.0,4.904,4.78,0
2546,毫无ps痕迹,1664,22.5,4.523,4.794,0
2547,毫无违和感哈哈哈,597,15.4,3.162,2.739,0
2548,好的邢道荣,450,5.4,3.567,4.435,0
2549,好尴尬,990,8.2,4.0,3.485,0
2550,好工整哦,454,5.4,2.123,2.207,0
2551,好好好好好好,12281,14.9,3.046,2.09,0
2552,好欢乐,355,7.0,3.445,2.425,0
2553,好活哈哈哈哈哈,294,7.4,3.214,4.38,0
2554,好活哈哈哈哈哈哈,727,12.1,3.553,4.24,0
2555,好活哈哈哈哈哈哈哈,602,11.9,3.792,3.996,0
2556,好活火钳刘明,293,11.2,2.772,3.687,0
2557,好活下次一定,322,11.3,3.635,4.11,0
2558,好激动,352,6.6,2.743,3.031,0
2559,好开心好开心好开心,16428,15.2,3.053,2.815,0
2560,好看不火系列,382,9.8,3.154,3.265,0
2561,好看哈哈哈哈哈哈哈,304,11.2,3.634,3.44,0
2562,好理解,398,5.2,4.431,5.143,0
2563,好评啊,298,5.2,3.076,4.011,0
2564,好评哈哈哈,961,6.4,4.766,4.376,0
2565,好评哈哈哈哈哈哈,487,11.7,3.129,3.252,0
2566,好评哈哈哈哈哈哈哈,450,11.6,2.705,3.574,0
2567,好评泪目,514,5.8,3.74,4.17,0
2568,好评你,515,5.8,4.947,4.634,0
2569,好评我,1302,6.7,5.188,4.881,0
2570,好评下次一定,290,11.2,3.363,4.041,0
2571,好评这,433,5.6,4.241,3.785,0
2572,好听哈哈哈哈哈哈,492,11.7,3.297,3.123,0
2573,好听哈哈哈哈哈哈哈,439,11.6,3.285,3.157,0
2574,好听好听好听,2015,13.1,3.426,3.982,0
2575,好听火钳刘明,641,12.0,3.974,4.125,0
2576,好想急死你,523,5.3,2.979,3.557,0
2577,好羞耻,762,5.7,3.746,2.892,0
2578,好一个门当户对,381,5.4,2.493,2.332,0
2579,呵哈哈哈,491,6.4,3.518,2.809,0
2580,呵呵哈哈哈,4604,9.1,4.588,5.537,0
2581,呵呵哈哈哈哈,1793,8.2,2.669,4.034,0
2582,呵呵哈哈哈哈哈哈,348,7.1,2.073,3.811,0
2583,呵呵哈哈哈哈哈哈哈,1481,16.3,2.626,4.372,0
2584,呵呵哈哈哈哈哈哈哈哈,1055,16.0,2.272,3.435,0
2585,呵呵呵,3303,8.8,5.234,5.609,0
2586,呵呵呵呵,11313,10.0,3.44,3.217,0
2587,呵呵呵呵呵,741,6.7,3.256,4.208,0
2588,呵呵呵呵呵呵,8266,18.5,2.931,2.303,0
2589,呵呵红红火火,1867,8.2,4.749,4.409,0
2590,呵呵红红火火恍恍惚惚,1370,16.7,4.119,3.979,0
2591,呵呵我,434,6.7,3.3,4.335,0
2592,合适的,511,15.9,3.881,2.608,0
2593,合适的不得了,388,9.5,2.465,3.118,0
2594,合影第一期,279,10.3,3.756,2.585,0
2595,合影哈哈哈,696,11.3,3.351,3.857,0
2596,合影哈哈哈哈哈哈,358,14.9,2.652,2.923,0
2597,合影哈哈哈哈哈哈哈,303,14.7,2.62,2.236,0
2598,合影合影,8148,13.7,5.511,6.606,0
2599,合影合影合影,3077,18.9,4.942,5.923,0
2600,合影合影留念,361,10.6,4.185,4.885,0
2601,合影泪目,261,10.3,2.046,3.567,0
2602,合影留念合影,370,10.6,3.821,4.804,0
2603,合影你,430,10.8,4.013,4.43,0
2604,合影我,1098,11.7,3.938,4.382,0
2605,合影这,362,10.6,4.419,4.006,0
2606,何必呢,262,8.8,3.35,3.92,0
2607,何为正常,4741,8.9,4.287,2.508,0
2608,和我一起,385,5.7,4.089,2.61,0
2609,和我一样,815,6.0,4.289,5.008,0
2610,河南话,544,12.2,4.311,5.085,0
2611,核心玩家,299,6.8,4.883,5.255,0
2612,核心装备,286,6.7,4.542,4.37,0
2613,赫鲁晓夫进入直播间,614,17.3,2.098,3.035,0
2614,黑暗的,405,8.2,2.936,3.496,0
2615,黑色的,307,5.8,3.977,4.94,0
2616,黑贞我,407,9.2,2.574,2.241,0
2617,黑子黑子,589,5.6,2.055,2.396,0
2618,嘿嘿哈哈哈,571,8.8,3.337,3.027,0
2619,嘿嘿哈哈哈哈哈哈,327,14.8,2.637,2.236,0
2620,嘿嘿哈哈哈哈哈哈哈,301,14.7,2.475,2.503,0
2621,嘿嘿嘿嘿,56622,13.4,5.506,5.973,1
2622,嘿嘿嘿嘿嘿嘿,52458,13.8,5.037,5.605,0
2623,嘿嘿嘿我,283,8.1,2.458,4.126,0
2624,嘿嘿我,542,8.8,4.146,4.435,0
2625,很尴尬,343,8.3,3.12,4.361,0
2626,很简单,968,6.2,4.245,3.918,0
2627,很精彩,317,5.1,3.775,4.368,0
2628,很恐怖,308,6.2,3.467,3.784,0
2629,很厉害,1860,10.3,4.401,3.817,0
2630,很明显,765,5.9,4.63,4.203,0
2631,很奇怪,433,5.5,4.18,3.85,0
2632,很容易,690,6.7,5.116,5.342,0
2633,很舒服,1147,9.3,3.802,4.978,0
2634,很讨厌,270,7.8,3.393,4.4,0
2635,很喜欢,2819,7.3,3.364,4.829,0
2636,很细节,263,5.3,3.887,4.51,0
2637,很优秀,382,6.4,3.69,3.187,0
2638,很重要,889,6.0,3.884,4.683,0
2639,横空出世了,761,8.9,2.171,2.347,0
2640,红红火火恍恍惚惚哈哈,340,14.7,2.387,3.784,0
2641,红红火火恍恍惚惚哈哈哈,4002,17.1,3.805,4.621,0
2642,红红火火恍恍惚惚哈哈哈哈,6606,17.6,3.662,4.259,0
2643,红皮鸭子,338,6.1,4.466,5.043,0
2644,红色的,532,7.0,2.953,5.071,0
2645,虹猫蓝兔,289,10.8,3.771,2.666,0
2646,侯非侯王非王,355,10.9,4.349,3.332,0
2647,猴哥猴哥,620,6.2,2.582,2.393,0
2648,猴子的,646,7.7,2.916,3.96,0
2649,猴子猴子,411,7.3,3.875,4.011,0
2650,吼吼吼,1724,8.3,3.744,5.161,0
2651,后悔了,263,9.3,2.356,4.17,0
2652,后面的,3831,8.6,5.649,4.868,0
2653,后面的小哥,373,13.7,3.202,2.037,0
2654,后面还有,319,6.1,4.449,3.649,0
2655,后面就,412,6.3,4.415,4.464,0
2656,后面那个,840,7.1,4.886,3.768,0
2657,后面是,586,6.7,4.833,4.901,0
2658,后面小哥,466,6.5,3.378,2.916,0
2659,后面有,448,6.4,4.744,3.853,0
2660,后羿后羿,1999,10.6,4.317,4.015,0
2661,后羿后羿后羿,1831,15.8,3.797,3.447,0
2662,呼呼呼,436,8.9,4.115,2.958,0
2663,呼呼呼呼,1977,10.4,2.727,2.384,0
2664,呼呼呼呼呼呼,1386,17.8,2.305,2.078,0
