Country,City,Continent,Jan,Feb,Mar,Apr,May,Jun,Jul,Aug,Sep,Oct,Nov,Dec,Year
Afghanistan,Kabul,Asia,177.2,178.6,204.5,232.5,310.3,353.4,356.8,339.7,303.9,282.6,253.2,182.4,3175.1
Albania,Tirana,Europe,124.0,125.0,165.0,191.0,263.0,298.0,354.0,327.0,264.0,218.0,127.0,88.0,2544.0
Algeria,Algiers,Africa,149.0,165.0,202.0,258.0,319.0,318.0,350.0,319.0,237.0,229.0,165.0,136.0,2847.0
Algeria,Tamanrasset,Africa,297.6,275.5,322.4,327.0,328.6,306.0,356.5,331.7,288.0,310.0,285.0,272.8,3686.0
Angola,Luanda,Africa,219.0,208.0,213.0,199.0,233.0,223.0,175.0,150.0,145.0,164.0,199.0,212.0,2341.0
Argentina,Buenos Aires,South America,279.0,240.8,229.0,220.0,173.6,132.0,142.6,173.6,189.0,227.0,252.0,266.6,2525.2
Argentina,Córdoba,South America,257.3,229.6,204.6,189.0,170.5,150.0,170.5,204.6,213.0,238.7,255.0,251.1,2533.9
Argentina,La Plata,South America,251.1,229.6,210.8,186.0,155.0,120.0,127.1,161.2,171.0,207.7,225.0,238.7,2283.2
Argentina,Mendoza,South America,297.6,257.6,235.6,219.0,195.3,168.0,182.9,229.4,225.0,282.1,294.0,285.2,2871.7
Argentina,Salta,South America,164.3,134.4,105.4,117.0,136.4,120.0,173.6,195.3,162.0,182.9,171.0,164.3,1826.6
Argentina,Ushuaia,South America,180.2,150.4,124.9,92.7,78.0,50.3,35.0,58.3,87.6,113.0,140.0,170.8,1281.2
Armenia,Yerevan,Europe,93.0,108.0,162.0,177.0,242.0,297.0,343.0,332.0,278.0,212.0,138.0,92.0,2474.0
Australia,Adelaide,Oceania,325.5,285.3,266.6,219.0,167.4,138.0,148.8,186.0,204.0,257.3,273.0,294.5,2765.4
Australia,Alice Springs,Oceania,306.0,276.8,300.7,285.0,263.5,252.0,282.1,306.9,300.0,313.1,303.0,310.0,3499.1
Australia,Brisbane,Oceania,263.5,223.2,232.5,234.0,235.6,198.0,238.7,266.6,270.0,275.9,270.0,265.4,2968.4
Australia,Canberra,Oceania,294.5,254.3,251.1,219.0,186.0,156.0,179.8,217.0,231.0,266.6,267.0,291.4,2813.7
Australia,Darwin,Oceania,176.7,162.4,210.8,261.0,297.6,297.0,313.1,319.3,297.0,291.4,252.0,213.9,3092.2
Australia,Hobart,Oceania,257.3,226.0,210.8,177.0,148.8,132.0,151.9,179.8,195.3,232.5,234.0,248.0,2393.1
Australia,Melbourne,Oceania,266.6,228.8,223.2,186.0,142.6,120.0,136.4,164.3,183.0,223.2,225.0,263.5,2362.6
Australia,Perth,Oceania,356.5,314.9,295.5,246.0,211.7,180.6,188.4,219.8,232.4,299.8,320.4,359.4,3229.5
Australia,Sydney,Oceania,220.1,189.3,198.4,192.0,182.9,165.0,198.4,213.0,223.2,216.0,241.8,228.0,2468.1
Austria,Vienna,Europe,66.0,106.0,128.0,183.0,239.0,228.0,260.0,251.0,168.0,139.0,66.0,51.0,1884.0
Azerbaijan,Baku,Europe,89.9,89.0,124.0,195.0,257.3,294.0,313.1,282.1,222.0,145.7,93.0,102.3,2207.4
Bangladesh,Dhaka,Asia,279.0,226.0,217.0,180.0,155.0,90.0,62.0,62.0,90.0,186.0,240.0,279.0,2066.0
Belarus,Minsk,Europe,34.0,72.0,133.0,185.0,270.0,267.0,271.0,251.0,154.0,103.0,39.0,28.0,1807.0
Belgium,Brussels,Europe,59.0,77.0,114.0,159.0,191.0,188.0,201.0,190.0,143.0,113.0,66.0,45.0,1546.0
Benin,Cotonou,Africa,213.9,210.0,223.2,219.0,213.9,141.0,136.4,148.8,165.0,207.7,243.0,223.2,2345.2
Benin,Kandi,Africa,279.0,257.6,260.4,255.0,272.8,252.0,223.2,195.3,213.0,275.9,282.0,279.0,3045.2
Benin,Parakou,Africa,261.0,243.0,252.0,230.0,239.0,193.0,133.0,104.0,129.0,217.0,252.0,248.0,2501.0
Bolivia,La Paz,South America,182.9,152.6,148.8,165.0,222.7,240.0,235.6,217.0,189.0,179.8,171.0,186.0,2288.9
Bosnia and Herzegovina,Sarajevo,Europe,57.0,84.0,126.0,152.0,192.0,207.0,256.0,238.0,187.0,149.0,81.0,41.0,1769.0
Botswana,Gaborone,Africa,280.6,261.5,264.4,260.5,284.2,260.0,292.4,313.6,308.4,295.4,265.5,285.2,3371.0
Botswana,Ghanzi,Africa,295.0,280.0,313.0,282.0,316.0,306.0,316.0,319.0,305.0,279.0,300.0,267.0,3579.0
Botswana,Maun,Africa,245.0,207.0,257.0,282.0,310.0,300.0,313.0,332.0,315.0,291.0,264.0,214.0,3330.0
Brazil,Belo Horizonte,South America,176.0,190.8,194.9,210.7,221.2,229.9,240.5,241.5,202.5,196.5,166.9,153.3,2424.7
Brazil,Belém,South America,130.3,103.1,111.1,132.8,186.7,228.7,250.8,266.4,242.4,231.8,191.7,159.1,2234.9
Brazil,Brasília,South America,150.9,158.9,166.5,204.6,239.5,254.3,268.9,264.4,210.5,183.1,139.9,126.8,2368.3
Brazil,Curitiba,South America,160.5,151.3,163.1,155.5,148.8,141.3,162.1,173.0,124.3,136.7,163.5,164.7,1844.8
Brazil,Fortaleza,South America,222.0,181.2,157.0,147.1,201.3,215.5,259.4,288.3,284.4,294.1,288.5,265.4,2804.2
Brazil,Manaus,South America,112.7,93.4,95.8,107.3,144.2,186.8,218.5,215.7,183.8,158.1,140.0,118.5,1774.8
Brazil,Porto Alegre,South America,227.2,195.2,202.4,166.0,146.9,115.6,131.4,145.3,145.8,178.0,215.2,232.4,2101.4
Brazil,Recife,South America,233.0,210.5,227.6,198.3,186.0,161.1,175.2,195.2,215.6,242.6,245.4,246.0,2536.5
Brazil,Rio de Janeiro,South America,194.3,199.8,189.3,194.0,190.0,202.1,196.0,199.7,135.7,156.0,163.7,166.7,2187.3
Brazil,Salvador,South America,246.9,215.0,227.2,194.1,165.8,147.8,169.1,189.1,211.4,235.5,210.9,230.2,2443.0
Brazil,São Paulo,South America,139.1,153.5,161.6,169.3,167.6,160.0,169.0,173.1,144.5,157.9,152.8,145.1,1893.5
Bulgaria,Sofia,Europe,88.0,114.0,160.0,182.0,230.0,258.0,302.0,288.0,220.0,164.0,106.0,66.0,2177.0
Burkina Faso,Ouagadougou,Africa,287.0,263.0,264.0,256.0,277.0,264.0,240.0,223.0,217.0,273.0,288.0,284.0,3136.0
Burkina Faso,Ouahigouya,Africa,291.0,267.0,280.0,268.0,284.0,272.0,258.0,253.0,261.0,280.0,288.0,280.0,3282.0
Burundi,Bujumbura,Africa,167.4,158.2,176.7,165.0,210.8,255.0,272.8,251.1,213.0,189.1,150.0,164.3,2373.4
Cameroon,Douala,Africa,184.0,179.0,170.0,174.0,169.0,107.0,55.0,46.0,79.0,120.0,160.0,175.0,1618.0
Cameroon,Garoua,Africa,275.0,252.6,260.1,245.4,256.7,224.4,194.0,187.2,204.5,261.5,279.2,286.5,2927.1
Cameroon,N'Gaoundéré,Africa,286.4,258.7,235.4,195.5,195.4,165.7,128.0,127.8,139.0,184.0,264.1,291.4,2471.4
Cameroon,Yaoundé,Africa,177.0,172.0,149.0,153.0,158.0,112.0,85.0,83.0,97.0,120.0,159.0,179.0,1644.0
Canada,Calgary,North America,119.5,144.6,177.2,220.2,249.4,269.9,314.1,284.0,207.0,175.4,121.1,114.0,2396.3
Canada,Churchill,North America,79.7,117.7,177.8,198.2,197.0,243.0,281.7,225.9,112.0,58.1,55.3,53.1,1799.5
Canada,Edmonton,North America,100.8,121.7,176.3,244.2,279.9,285.9,307.5,282.3,192.7,170.8,98.4,84.5,2344.8
Canada,Iqaluit,North America,32.4,94.0,172.2,216.5,180.5,200.2,236.8,156.8,87.9,51.4,35.6,12.6,1476.8
Canada,Montreal,North America,101.0,128.0,164.0,178.0,229.0,240.0,272.0,246.0,182.0,144.0,84.0,84.0,2051.0
Canada,Toronto,North America,85.9,111.3,161.0,180.0,227.7,259.6,279.6,245.6,194.4,154.3,88.9,78.1,2066.4
Canada,Vancouver,North America,60.1,91.0,134.8,185.0,222.5,226.9,289.8,277.1,212.8,120.7,60.4,56.5,1937.6
Canada,Whitehorse,North America,43.8,105.5,163.2,238.5,251.1,266.7,247.6,226.5,132.7,84.9,39.8,26.8,1827.1
Canada,Winnipeg,North America,114.7,133.9,181.9,241.4,285.3,276.3,308.3,281.4,189.0,147.4,93.9,99.5,2352.9
Central African Republic,Bangui,Africa,217.0,196.0,186.0,180.0,186.0,180.0,124.0,124.0,150.0,155.0,180.0,217.0,2095.0
Central African Republic,Birao,Africa,289.6,275.0,270.6,248.1,255.7,216.9,190.7,186.5,210.0,267.2,290.3,297.4,2998.0
Chad,Abéché,Africa,316.2,291.2,300.7,300.0,313.1,300.0,254.2,226.3,261.0,306.9,312.0,319.3,3500.9
Chad,N'Djamena,Africa,297.6,277.2,282.1,273.0,285.2,258.0,213.9,201.5,228.0,285.2,300.0,303.8,3205.5
Chile,Antofagasta,South America,319.3,291.0,294.5,252.0,229.4,207.0,204.6,213.9,219.0,260.4,276.0,310.0,3077.1
Chile,Calama,South America,353.4,305.1,319.3,312.0,306.9,297.0,310.0,316.2,321.0,356.5,363.0,365.8,3926.2
Chile,Concepción,South America,341.0,278.0,255.0,191.0,133.0,114.0,129.0,162.0,197.0,254.0,296.0,331.0,2681.0
Chile,Santiago,South America,362.7,302.3,272.8,201.0,155.0,120.0,145.7,161.2,186.0,248.0,306.0,347.2,2807.9
Chile,Valdivia,South America,257.3,228.8,204.6,123.0,68.2,45.0,65.1,89.9,111.0,127.1,189.0,207.7,1716.7
China,Beijing,Asia,194.1,194.7,231.8,251.9,283.4,261.4,212.4,220.9,232.1,222.1,185.3,180.7,2670.8
China,Chongqing,Asia,48.0,56.0,81.0,111.0,139.0,128.0,221.0,222.0,123.0,63.0,47.0,54.0,1293.0
China,Fuzhou,Asia,101.6,79.2,89.1,111.0,114.4,141.9,225.6,199.2,153.7,144.2,120.3,126.9,1607.1
China,Guangzhou,Asia,118.5,71.6,62.4,65.1,104.0,140.2,202.0,173.5,170.2,181.8,172.7,166.0,1628.0
China,Hong Kong,Asia,143.0,94.2,90.8,101.7,140.4,146.1,212.0,188.9,172.3,193.9,180.1,172.2,1835.6
China,Lhasa,Asia,250.9,226.7,246.1,248.9,276.6,257.3,227.4,219.6,229.0,281.7,267.4,258.6,2990.2
China,Macau,Asia,127.4,79.4,71.5,85.3,136.4,155.3,223.2,195.4,176.5,192.3,172.2,159.1,1773.9
China,Nanjing,Asia,124.7,120.3,144.7,169.2,194.2,162.8,196.7,201.6,164.0,164.2,147.4,137.1,1926.9
China,Ningbo,Asia,123.7,108.4,121.7,142.4,156.7,147.8,243.8,238.0,171.5,166.5,143.4,146.1,1910.0
China,Qingdao,Asia,186.0,180.8,220.1,222.0,244.9,219.0,182.9,223.2,219.0,220.1,189.0,182.9,2489.9
China,Shanghai,Asia,114.3,119.9,128.5,148.5,169.8,130.9,190.8,185.7,167.5,161.4,131.1,127.4,1775.8
China,Tianjin,Asia,170.1,170.2,202.4,223.8,249.0,226.9,206.4,204.4,205.3,196.1,163.0,157.6,2375.2
China,Wuhan,Asia,101.9,97.0,121.8,152.8,181.0,170.9,220.2,226.4,175.8,151.9,139.3,126.5,1775.8
China,Xiamen,Asia,133.3,88.3,89.6,105.6,132.6,163.8,234.6,211.6,178.9,188.4,163.0,163.5,1853.2
China,Ürümqi,Asia,101.6,128.8,180.5,248.0,283.3,282.7,298.7,301.0,262.6,224.4,127.4,84.3,2523.3
Colombia,Barranquilla,South America,283.0,245.0,241.0,211.0,187.0,194.0,217.0,208.0,166.0,167.0,191.0,252.0,2561.0
Colombia,Bogotá,South America,156.0,128.0,107.0,88.0,83.0,94.0,114.0,117.0,109.0,96.0,103.0,138.0,1328.0
Colombia,Cali,South America,183.0,155.8,166.5,139.0,147.1,153.1,189.9,175.1,157.4,151.1,153.8,170.1,1941.9
Colombia,Medellín,South America,175.5,149.0,154.2,127.9,138.9,173.0,203.2,191.6,153.4,132.9,136.4,156.2,1892.2
Congo,Brazzaville,Africa,168.0,152.0,194.0,185.0,188.0,153.0,127.0,149.0,145.0,150.0,157.0,147.0,1915.0
Congo,Dolisie,Africa,153.0,164.0,159.0,152.0,151.0,136.0,119.0,105.0,91.0,116.0,128.0,133.0,1607.0
Congo,Pointe-Noire,Africa,157.0,156.0,164.0,160.0,150.0,132.0,119.0,106.0,70.0,93.0,123.0,144.0,1574.0
Croatia,Split,Europe,133.0,153.0,186.0,210.0,273.0,306.0,347.0,320.0,246.0,192.0,135.0,130.0,2631.0
Croatia,Zagreb,Europe,59.0,96.0,140.0,175.0,234.0,244.0,281.0,256.0,187.0,131.0,66.0,45.0,1913.0
Cyprus,Nicosia,Europe,182.9,200.1,238.7,267.0,331.7,369.0,387.5,365.8,312.0,275.9,213.0,170.5,3314.1
Czech Republic,Prague,Europe,50.0,72.0,125.0,168.0,214.0,218.0,226.0,212.0,161.0,121.0,54.0,47.0,1668.0
Democratic Republic of the Congo,Kinshasa,Africa,124.0,140.0,155.0,150.0,155.0,120.0,124.0,155.0,120.0,155.0,150.0,124.0,1672.0
Democratic Republic of the Congo,Lubumbashi,Africa,129.0,120.0,174.0,234.0,291.0,295.0,315.0,318.0,294.0,282.0,194.0,132.0,2778.0
Denmark,Aarhus,Europe,54.0,72.0,148.0,213.0,260.0,251.0,242.0,211.0,161.0,101.0,60.0,49.0,1821.0
Denmark,Copenhagen,Europe,56.0,83.0,152.0,226.0,271.0,260.0,246.0,231.0,175.0,107.0,60.0,45.0,1912.0
Denmark,Rønne,Europe,43.0,76.0,152.0,247.0,311.0,315.0,282.0,252.0,192.0,104.0,53.0,37.0,2063.0
Djibouti,Djibouti City,Africa,254.0,249.0,279.0,279.0,310.0,237.0,236.0,276.0,282.0,310.0,291.0,276.0,3279.0
Ecuador,Guayaquil,South America,102.3,101.7,139.5,150.0,167.4,123.0,127.1,133.3,144.0,136.4,120.0,136.4,1581.1
Ecuador,Quito,South America,197.0,140.0,122.0,136.0,164.0,189.0,249.0,256.0,196.0,177.0,197.0,215.0,2238.0
Egypt,Alexandria,Africa,217.0,226.2,279.0,318.0,337.9,357.0,372.0,368.9,333.0,306.9,246.0,207.7,3579.5
Egypt,Cairo,Africa,229.4,234.9,279.0,306.0,331.7,363.0,372.0,356.5,318.0,294.5,246.0,210.8,3541.8
Egypt,Dakhla Oasis,Africa,294.5,279.7,316.2,315.0,356.5,366.0,384.4,375.1,336.0,328.6,300.0,291.4,3943.4
Egypt,Hurghada,Africa,265.7,277.6,274.3,285.6,317.4,348.0,352.3,322.4,301.6,275.2,263.9,246.7,3530.7
Egypt,Marsa Alam,Africa,279.0,283.0,310.0,330.0,372.0,390.0,403.0,372.0,330.0,310.0,300.0,279.0,3958.0
El Salvador,San Salvador,South America,301.0,277.0,294.0,243.0,220.0,174.0,239.0,257.0,180.0,211.0,267.0,294.0,2957.0
Equatorial Guinea,Bata,Africa,201.5,192.1,173.6,177.0,189.1,147.0,142.6,142.6,114.0,114.7,141.0,186.0,1921.2
Equatorial Guinea,Malabo,Africa,148.8,152.5,108.5,120.0,117.8,69.0,46.5,58.9,48.0,68.2,99.0,139.5,1176.7
Eritrea,Asmara,Africa,304.7,289.1,300.7,300.5,298.5,271.5,217.9,220.1,260.4,301.0,292.5,299.1,3361.0
Estonia,Tallinn,Europe,30.0,59.0,148.0,217.0,306.0,294.0,312.0,256.0,162.0,88.0,29.0,20.0,1923.0
Estonia,Vilsandi,Europe,37.0,69.0,150.0,226.0,316.0,314.0,330.0,271.0,176.0,100.0,38.0,24.0,2066.0
Ethiopia,Addis Abeba,Africa,269.7,246.5,248.0,213.0,217.0,156.0,111.6,133.3,138.0,266.6,267.0,266.6,2440.3
Ethiopia,Mekelle,Africa,294.2,276.7,279.9,277.2,303.2,230.1,165.5,166.5,248.7,291.1,292.8,303.5,3129.4
Falkland Islands,Stanley,South America,198.0,161.0,169.0,115.0,77.0,57.0,69.0,90.0,128.0,189.0,200.0,198.0,1651.0
Faroe Islands,Tórshavn,Europe,14.0,36.0,71.0,106.0,124.0,125.0,111.0,98.0,80.0,49.0,20.0,6.0,840.0
Fiji,Suva,Oceania,192.2,178.0,170.5,153.0,145.7,141.0,136.4,142.6,135.0,164.3,168.0,195.3,1922.0
Finland,Helsinki,Europe,38.0,70.0,138.0,194.0,284.0,297.0,291.0,238.0,150.0,93.0,36.0,29.0,1858.0
France,Lyon,Europe,74.0,101.0,170.0,191.0,221.0,254.0,283.0,253.0,195.0,130.0,76.0,54.0,2002.0
France,Marseille,Europe,150.0,156.0,215.0,245.0,293.0,326.0,366.0,327.0,254.0,205.0,156.0,143.0,2836.0
France,Paris,Europe,63.0,79.0,129.0,166.0,194.0,202.0,212.0,212.0,168.0,118.0,68.0,51.0,1662.0
French Guiana,Cayenne,South America,94.3,89.9,119.0,118.1,118.8,148.6,196.5,229.8,255.2,251.1,217.3,137.5,1976.0
Gabon,Libreville,Africa,175.2,176.8,176.9,176.8,159.5,130.6,119.2,90.4,95.9,112.9,134.6,167.8,1716.6
Gabon,Port-Gentil,Africa,150.4,160.8,154.5,151.5,147.8,156.3,163.1,135.3,125.7,116.1,115.1,147.2,1723.8
Gambia,Banjul,Africa,279.0,282.0,310.0,300.0,310.0,270.0,186.0,186.0,180.0,248.0,240.0,279.0,3070.0
Georgia,Tbilisi,Europe,99.0,102.0,142.0,171.0,213.0,249.0,256.0,248.0,206.0,164.0,103.0,93.0,2046.0
Germany,Berlin,Europe,47.0,74.0,121.0,159.0,220.0,222.0,217.0,211.0,156.0,112.0,51.0,37.0,1626.0
Germany,Frankfurt,Europe,50.0,80.0,121.0,178.0,211.0,219.0,233.0,219.0,156.0,103.0,51.0,41.0,1662.0
Ghana,Accra,Africa,217.0,226.0,217.0,210.0,217.0,150.0,155.0,155.0,180.0,217.0,240.0,248.0,2432.0
Ghana,Kumasi,Africa,186.6,187.2,205.4,204.0,204.7,146.3,101.2,77.0,106.2,161.4,193.8,178.0,1951.8
Ghana,Tamale,Africa,265.6,235.7,249.6,229.0,248.0,212.0,171.5,139.0,161.0,260.9,283.0,263.5,2718.7
Greece,Athens,Europe,130.0,134.0,183.0,231.0,291.0,336.0,363.0,341.0,276.0,208.0,153.0,127.0,2773.0
Guinea,Conakry,Africa,223.0,224.0,251.0,222.0,208.0,153.0,109.0,87.0,135.0,189.0,207.0,214.0,2222.0
Guinea,Kankan,Africa,262.0,236.0,249.0,220.0,234.0,216.0,169.0,159.0,191.0,221.0,241.0,260.0,2658.0
Guinea-Bissau,Bissau,Africa,248.0,226.0,279.0,270.0,248.0,210.0,186.0,155.0,180.0,217.0,240.0,248.0,2707.0
Guyana,Georgetown,South America,201.0,208.6,219.7,197.9,178.8,156.7,201.6,233.7,229.8,235.3,210.9,186.6,2460.6
Honduras,La Ceiba,North America,170.5,192.1,217.0,234.0,213.9,192.0,201.5,217.0,174.0,151.9,144.0,151.9,2259.8
Hungary,Budapest,Europe,62.0,93.0,137.0,177.0,234.0,250.0,271.0,255.0,187.0,141.0,69.0,52.0,1988.0
Iceland,Reykjavik,Europe,20.0,60.0,109.0,164.0,201.0,174.0,168.0,155.0,120.0,93.0,41.0,22.0,1326.0
India,Bangalore,Asia,262.0,248.0,271.0,257.0,241.0,137.0,112.0,114.0,144.0,173.0,190.0,212.0,2361.0
India,Chennai,Asia,232.5,240.1,291.4,294.0,300.7,234.0,142.6,189.1,195.0,257.3,261.0,210.8,2848.5
India,Delhi,Asia,214.6,216.1,239.1,261.0,263.1,196.5,165.9,177.0,219.0,269.3,247.2,215.8,2684.6
India,Kolkata,Asia,203.9,201.2,225.8,235.4,227.1,123.1,93.1,104.9,116.2,182.6,190.8,203.4,2107.5
India,Mumbai,Asia,269.5,257.6,274.3,283.7,296.2,148.6,73.4,75.9,165.1,240.2,245.8,253.2,2583.5
Indonesia,Denpasar,Asia,173.1,174.0,210.7,224.7,242.9,228.1,246.8,261.7,251.3,252.5,224.4,176.4,2666.6
Indonesia,Jakarta,Asia,189.1,180.8,238.7,255.0,260.4,255.0,282.1,294.5,300.7,279.0,231.0,217.0,2983.3
Indonesia,Makassar,Asia,155.0,168.0,186.0,240.0,248.0,241.0,270.0,298.0,300.0,305.0,280.0,158.0,2849.0
Indonesia,Medan,Asia,129.6,141.0,153.1,131.2,134.8,157.9,153.9,143.9,123.1,116.3,104.8,98.1,1587.7
Iran,Bandar Abbas,Asia,220.1,211.9,232.5,242.4,312.7,302.2,264.6,270.1,270.1,283.4,251.2,228.8,3090.0
Iran,Isfahan,Asia,205.3,213.3,242.1,244.5,301.3,345.4,347.6,331.2,311.6,276.5,226.1,207.6,3352.5
Iran,Mashhad,Asia,148.3,147.5,163.3,200.4,280.4,343.2,366.9,359.7,305.2,249.5,188.3,151.6,2904.3
Iran,Tabriz,Asia,125.9,146.3,179.7,200.8,268.7,334.3,352.5,337.7,301.4,231.6,180.3,136.8,1935.6
Iran,Tehran,Asia,137.2,151.1,186.0,219.1,279.8,328.7,336.6,336.8,300.5,246.8,169.4,134.1,2826.1
Iraq,Baghdad,Asia,192.2,203.3,244.9,255.0,300.7,348.0,347.2,353.4,315.0,272.8,213.0,195.3,3240.8
Ireland,Dublin,Europe,59.0,75.0,109.0,160.0,195.0,179.0,164.0,157.0,129.0,103.0,71.0,53.0,1453.0
Israel,Tel Aviv,Asia,192.2,200.1,235.6,270.0,328.6,357.0,368.9,356.5,300.0,279.0,234.0,189.1,3311.0
Italy,Cagliari,Europe,150.0,163.0,209.0,218.0,270.0,311.0,342.0,321.0,243.0,209.0,150.0,127.0,2726.0
Italy,Milan,Europe,59.0,96.0,152.0,177.0,211.0,243.0,285.0,251.0,186.0,130.0,66.0,59.0,1915.0
Italy,Naples,Europe,115.0,128.0,158.0,189.0,245.0,279.0,313.0,295.0,234.0,189.0,126.0,105.0,2375.0
Italy,Rome,Europe,121.0,133.0,167.0,201.0,264.0,285.0,332.0,298.0,237.0,195.0,129.0,112.0,2473.0
Ivory Coast,Abidjan,Africa,223.0,223.0,239.0,214.0,205.0,128.0,137.0,125.0,139.0,215.0,224.0,224.0,2296.0
Ivory Coast,Bouaké,Africa,242.0,224.0,219.0,194.0,208.0,145.0,104.0,82.0,115.0,170.0,191.0,198.0,2092.0
Ivory Coast,Ferké,Africa,279.0,249.0,253.0,229.0,251.0,221.0,183.0,151.0,173.0,245.0,261.0,262.0,2757.0
Ivory Coast,Gagnoa,Africa,183.0,180.0,196.0,188.0,181.0,118.0,97.0,80.0,110.0,155.0,171.0,164.0,1823.0
Ivory Coast,Odienné,Africa,242.0,220.2,217.3,214.7,248.8,221.8,183.5,174.5,185.4,235.8,252.0,242.6,2638.6
Japan,Kanazawa,Asia,63.5,84.1,141.3,185.5,202.3,152.6,158.9,221.5,144.1,150.4,104.1,72.5,1680.8
Japan,Nagoya,Asia,170.1,170.0,189.1,196.6,197.5,149.9,146.3,200.4,151.0,169.0,162.7,172.2,2091.6
Japan,Sapporo,Asia,92.5,104.0,146.6,176.5,198.4,187.8,164.9,171.0,160.5,152.3,100.0,85.9,1740.4
Japan,Sendai,Asia,148.1,151.8,177.0,188.5,185.2,133.8,119.5,144.4,121.2,148.6,139.6,138.6,1796.1
Japan,Tokyo,Asia,184.5,165.8,163.1,176.9,167.8,125.4,146.4,169.0,120.9,131.0,147.9,178.0,1876.7
Kazakhstan,Almaty,Asia,118.0,119.0,147.0,194.0,241.0,280.0,306.0,294.0,245.0,184.0,127.0,101.0,2356.0
Kazakhstan,Astana,Asia,103.0,147.0,192.0,238.0,301.0,336.0,336.0,294.0,230.0,136.0,100.0,94.0,2507.0
Kenya,Garissa,Africa,251.1,235.2,263.5,273.0,282.1,255.0,254.2,257.3,270.0,279.0,252.0,241.8,3114.2
Kenya,Lodwar,Africa,319.0,280.0,282.0,279.0,307.0,297.0,279.0,310.0,321.0,316.0,282.0,310.0,3582.0
Kenya,Mombasa,Africa,269.7,257.1,269.7,225.0,204.6,207.0,210.8,244.9,246.0,272.8,264.0,260.4,2932.0
Kenya,Nairobi,Africa,288.3,266.0,266.6,204.0,189.1,159.0,130.2,127.1,180.0,226.3,198.0,257.3,2491.9
Latvia,Riga,Europe,31.0,62.0,127.0,183.0,264.0,288.0,264.0,229.0,153.0,93.0,39.0,22.0,1754.0
Libya,Benghazi,Africa,179.8,192.0,232.5,252.0,319.3,327.0,381.3,365.8,288.0,251.1,213.0,167.4,3169.2
Libya,Tripoli,Africa,206.0,214.0,237.0,250.0,315.0,312.0,376.0,352.0,271.0,244.0,212.0,198.0,3187.0
Lithuania,Vilnius,Europe,32.0,57.0,121.0,179.0,252.0,246.0,260.0,237.0,154.0,95.0,35.0,23.0,1691.0
Luxembourg,Luxembourg City,Europe,43.0,82.0,118.0,165.0,208.0,210.0,232.5,208.0,159.0,108.5,57.0,43.0,1634.0
Madagascar,Antananarivo,Africa,210.5,178.0,199.1,220.5,228.8,206.1,213.9,235.0,249.5,251.0,232.7,201.1,2626.2
Madagascar,Antsiranana,Africa,189.2,170.0,214.9,256.4,284.8,256.5,273.1,283.6,293.3,306.8,281.5,228.9,3039.0
Madagascar,Fianarantsoa,Africa,191.1,171.0,175.4,184.8,186.0,165.9,163.5,191.1,220.5,230.4,208.0,190.1,2277.8
Madagascar,Mahajanga,Africa,209.0,184.9,244.8,269.9,294.9,282.9,291.5,303.1,307.0,319.7,288.2,227.3,3223.2
Madagascar,Toamasina,Africa,224.7,198.2,191.0,196.9,192.1,162.5,162.8,184.6,209.7,232.7,236.0,219.2,2410.4
Madagascar,Toliara,Africa,305.0,285.0,296.0,302.0,306.0,277.0,291.0,298.0,307.0,324.0,313.0,306.0,3610.0
Malawi,Blantyre,Africa,198.4,182.0,217.0,237.0,260.4,237.0,232.3,260.4,270.0,275.9,228.0,198.4,2797.0
Malawi,Karonga,Africa,176.7,170.8,207.7,222.0,254.2,264.0,285.2,306.9,306.0,319.3,273.0,213.9,2999.7
Malawi,Mzuzu,Africa,145.7,142.1,164.3,171.0,217.0,219.0,238.5,275.9,288.0,300.7,252.0,176.7,2590.9
Mali,Bamako,Africa,277.4,253.0,268.1,230.4,242.6,233.6,216.6,218.3,221.7,253.7,270.7,268.9,2954.1
Mali,Ségou,Africa,292.0,276.0,292.0,263.0,274.0,266.0,254.0,223.0,242.0,283.0,287.0,287.0,3239.0
Mali,Timbuktu,Africa,263.9,249.6,269.9,254.6,275.3,234.7,248.6,255.3,248.9,273.0,274.0,258.7,3106.5
Malta,Valletta,Europe,169.0,178.0,227.0,254.0,310.0,337.0,377.0,352.0,270.0,224.0,195.0,161.0,3054.0
Mauritania,Nouadhibou,Africa,271.0,248.0,300.0,295.0,315.0,303.0,275.0,281.0,261.0,260.0,257.0,264.0,3332.0
Mauritania,Nouakchott,Africa,267.0,250.0,302.0,311.0,320.0,284.0,271.0,265.0,266.0,263.0,268.0,267.0,3333.0
Mexico,La Paz,North America,200.0,234.0,271.0,292.0,332.0,322.0,287.0,258.0,257.0,272.0,233.0,190.0,3148.0
Mexico,Mexico City,North America,240.0,234.0,268.0,232.0,225.0,183.0,176.0,176.0,157.0,194.0,232.0,236.0,2555.0
Mexico,Monterrey,North America,142.0,154.0,195.0,193.0,192.0,206.0,249.0,242.0,200.0,170.0,163.0,133.0,2239.0
Mexico,Villahermosa,North America,168.0,185.0,252.0,215.0,278.0,217.0,252.0,245.0,167.0,150.0,170.0,144.0,2443.0
Moldova,Chișinău,Europe,75.0,80.0,125.0,187.0,254.0,283.0,299.0,295.0,226.0,169.0,75.0,58.0,2126.0
Monaco,Monaco,Europe,149.8,158.9,185.5,210.0,248.1,281.1,329.3,296.7,224.7,199.0,155.2,136.5,2575.0
Mongolia,Ulaanbaatar,Asia,179.1,204.8,265.2,262.5,299.3,269.0,249.3,258.3,245.7,227.5,177.4,156.4,2791.5
Montenegro,Podgorica,Europe,123.0,126.0,170.0,194.0,251.0,276.0,340.0,314.0,252.0,201.0,126.0,109.0,2481.0
Morocco,Marrakech,Africa,220.1,211.8,248.0,255.0,288.3,315.0,334.8,316.2,264.0,244.9,213.0,220.1,3131.2
Morocco,Ouarzazate,Africa,251.8,244.9,297.2,315.2,332.7,335.0,317.7,293.2,266.4,271.3,242.9,248.1,3416.4
Morocco,Rabat,Africa,179.8,183.6,232.5,255.0,291.4,288.0,316.2,306.9,261.0,235.6,189.0,179.8,2918.8
Mozambique,Maputo,Africa,248.0,226.0,248.0,240.0,248.0,240.0,248.0,248.0,248.0,217.0,210.0,217.0,2838.0
Namibia,Keetmanshoop,Africa,353.0,300.0,312.0,306.0,304.0,287.0,305.0,323.0,319.0,343.0,348.0,348.0,3870.0
Namibia,Windhoek,Africa,288.0,254.0,282.0,273.0,310.0,309.0,326.0,341.0,321.0,319.0,297.0,285.0,3605.0
Netherlands,Amsterdam,Europe,63.0,88.0,126.0,183.0,222.0,206.0,217.0,197.0,139.0,109.0,62.0,51.0,1662.0
New Zealand,Auckland,Oceania,228.8,194.9,189.2,157.3,139.8,110.3,128.1,142.9,148.6,178.1,188.1,197.2,2003.1
New Zealand,Christchurch,Oceania,224.4,190.5,177.4,155.6,133.3,117.7,124.8,149.0,166.6,201.3,215.3,214.3,2070.2
New Zealand,Dunedin,Oceania,179.6,158.0,146.1,125.9,108.4,95.3,110.6,122.2,136.8,165.5,166.9,168.3,1683.7
New Zealand,Wellington,Oceania,240.3,205.0,194.7,153.8,126.0,102.3,111.4,137.2,163.2,191.1,210.8,222.9,2058.7
Nicaragua,Managua,North America,263.5,254.2,291.4,276.0,229.4,186.0,151.9,195.3,210.0,223.2,231.0,248.0,2759.9
Niger,Niamey,Africa,297.6,263.2,269.7,252.0,279.0,267.0,257.3,235.6,235.6,282.6,282.0,279.0,3203.2
Nigeria,Jos,Africa,307.0,274.0,260.0,220.0,208.0,201.0,151.0,127.0,171.0,242.0,294.0,313.0,2768.0
Nigeria,Kano,Africa,275.0,255.0,267.0,252.0,273.0,261.0,233.0,186.0,237.0,295.0,297.0,285.0,3114.0
Nigeria,Lagos,Africa,164.3,169.5,173.6,180.0,176.7,114.0,99.2,108.5,114.0,167.4,186.0,192.2,1845.4
Nigeria,Makurdi,Africa,236.0,226.0,223.0,216.0,223.0,177.0,143.0,118.0,144.0,198.0,228.0,248.0,2380.0
Nigeria,Sokoto,Africa,279.0,269.0,282.0,255.0,279.0,282.0,229.0,208.0,243.0,307.0,297.0,288.0,3238.0
North Korea,Pyongyang,Asia,184.0,197.0,231.0,237.0,263.0,229.0,181.0,204.0,222.0,214.0,165.0,165.0,2492.0
North Macedonia,Skopje,Europe,87.0,113.0,161.0,198.0,245.0,276.0,323.0,305.0,248.0,188.0,115.0,80.0,2339.0
Norway,Bergen,Europe,19.0,56.0,94.0,147.0,186.0,189.0,167.0,144.0,86.0,60.0,27.0,12.0,1187.0
Norway,Oslo,Europe,40.0,76.0,126.0,178.0,220.0,250.0,246.0,216.0,144.0,86.0,51.0,35.0,1668.0
Norway,Tromsø,Europe,3.0,32.0,112.0,160.0,218.0,221.0,205.0,167.0,92.0,49.0,6.0,0.0,1265.0
Oman,Muscat,Asia,268.6,244.8,278.3,292.5,347.4,325.7,277.7,278.6,303.9,316.9,291.9,267.0,3493.3
Pakistan,Karachi,Asia,270.7,249.4,271.6,277.4,299.1,231.8,155.0,147.7,218.8,283.5,273.3,272.0,2950.3
Pakistan,Lahore,Asia,218.8,215.0,245.8,276.6,308.3,269.0,227.5,234.9,265.6,290.0,259.6,222.9,3034.0
Pakistan,Quetta,Asia,229.1,209.95,232.5,273.0,334.8,327.0,313.1,313.1,294.0,306.9,279.0,238.7,3341.25
Panama,Panama City,North America,228.9,245.2,183.9,173.1,108.5,116.3,106.1,118.1,99.2,103.9,139.8,120.5,1743.5
Papua New Guinea,Port Moresby,Oceania,182.0,158.0,184.0,200.0,211.0,200.0,203.0,222.0,213.0,231.0,243.0,216.0,2463.0
Paraguay,Asunción,South America,276.0,246.0,254.0,228.0,205.0,165.0,195.0,223.0,204.0,242.0,270.0,295.0,2803.0
Peru,Arequipa,South America,223.2,189.3,244.9,294.0,288.3,291.0,291.4,310.0,297.0,303.8,309.0,291.4,3333.3
Peru,Lima,South America,179.1,169.0,139.2,184.0,116.4,50.6,28.6,32.3,37.3,65.3,89.0,139.2,1230.0
Philippines,Manila,Asia,176.7,197.8,225.8,258.0,222.7,162.0,132.8,132.8,132.0,157.6,153.0,151.9,2103.1
Poland,Warsaw,Europe,43.0,59.0,115.0,150.0,211.0,237.0,226.0,214.0,153.0,99.0,39.0,25.0,1571.0
Portugal,Faro,Europe,172.0,165.0,234.0,251.0,314.0,332.0,368.0,352.0,273.0,226.0,182.0,167.0,3036.0
Portugal,Lisbon,Europe,143.0,157.0,208.0,234.0,291.0,303.0,353.0,344.0,261.0,214.0,156.0,143.0,2806.0
Portugal,Porto,Europe,124.0,129.0,192.0,217.0,258.0,274.0,308.0,295.0,224.0,184.0,139.0,124.0,2468.0
Puerto Rico,San Juan,North America,237.4,231.2,282.0,268.3,255.2,259.4,280.8,267.8,234.7,227.2,202.4,217.4,2963.8
Romania,Bucharest,Europe,71.0,85.0,140.0,186.0,245.0,267.0,288.0,282.0,225.0,177.0,87.0,62.0,2115.0
Russia,Dikson,Europe,0.0,22.6,127.1,237.0,189.1,141.0,223.2,139.5,60.0,24.8,0.0,0.0,1164.3
Russia,Irkutsk,Europe,93.0,149.0,207.0,223.0,266.0,264.0,243.0,218.0,182.0,152.0,93.0,62.0,2142.0
Russia,Moscow,Europe,37.0,65.0,142.0,213.0,274.0,299.0,323.0,242.0,171.0,88.0,33.0,14.0,1901.0
Russia,Omsk,Europe,68.0,125.0,184.0,235.0,284.0,319.0,321.0,248.0,180.0,105.0,71.0,61.0,2201.0
Russia,Petropavlovsk-Kamchatsky,Europe,105.4,115.8,176.7,192.0,192.2,192.0,170.5,176.7,177.0,158.1,123.0,93.0,1872.4
Russia,Sochi,Europe,96.0,107.0,146.0,162.0,220.0,258.0,279.0,282.0,225.0,195.0,120.0,87.0,2178.0
Russia,Vladivostok,Europe,178.0,184.0,216.0,192.0,199.0,130.0,122.0,149.0,197.0,205.0,168.0,156.0,2096.0
Russia,Yakutsk,Europe,18.6,98.0,232.5,273.0,303.8,333.0,347.2,272.8,174.0,105.4,60.0,9.3,2227.6
Saint Pierreand Miquelon,Saint-Pierre,North America,49.6,70.2,115.5,131.9,165.8,172.6,164.8,173.5,156.1,119.0,63.0,45.4,1427.3
Saudi Arabia,Abha,Asia,266.6,265.6,294.5,282.0,288.3,276.0,232.5,238.7,273.0,291.4,273.0,266.6,3248.2
Saudi Arabia,Riyadh,Asia,212.4,226.6,219.8,242.3,287.7,328.2,332.1,309.2,271.6,311.4,269.2,214.3,3224.8
Senegal,Dakar,Africa,253.0,249.0,303.0,301.0,299.0,259.0,233.0,204.0,219.0,254.0,256.0,249.0,3078.0
Senegal,Thiès,Africa,267.0,260.0,325.0,332.0,324.0,276.0,226.0,188.0,221.0,267.0,271.0,257.0,3214.0
Serbia,Belgrade,Europe,72.0,102.0,153.0,188.0,242.0,261.0,291.0,274.0,204.0,163.0,97.0,65.0,2112.0
Serbia,Niš,Europe,65.0,93.0,148.0,171.0,221.0,251.0,287.0,274.0,202.0,151.0,86.0,49.0,1998.0
Singapore,Singapore,Asia,172.4,183.2,192.7,173.6,179.8,177.7,187.9,180.6,156.2,155.2,129.6,133.5,2022.4
Slovakia,Bratislava,Europe,65.0,82.0,152.0,204.0,264.0,270.0,276.0,270.0,207.0,143.0,60.0,47.0,2038.0
Slovenia,Ljubljana,Europe,71.0,114.0,149.0,178.0,235.0,246.0,293.0,264.0,183.0,120.0,66.0,56.0,1974.0
Solomon Islands,Honiara,Oceania,186.0,155.4,198.4,192.0,210.8,198.0,186.0,204.6,192.0,226.3,216.0,164.3,2330.0
Somalia,Buloburde,Africa,290.0,283.0,293.0,249.0,287.0,261.0,216.0,238.0,262.0,230.0,246.0,268.0,3124.0
Somalia,Mogadishu,Africa,268.0,251.0,282.0,260.0,273.0,218.0,226.0,253.0,265.0,267.0,261.0,259.0,3082.0
South Africa,Bloemfontein,Africa,296.3,247.9,258.6,250.2,266.0,249.9,272.6,285.9,278.0,290.9,296.5,319.5,3312.3
South Africa,Cape Town,Africa,337.9,297.4,292.9,233.5,205.3,175.4,193.1,212.1,224.7,277.7,309.8,334.2,3094.0
South Africa,Durban,Africa,184.0,178.8,201.6,206.4,223.6,224.9,230.4,217.0,173.3,169.4,166.1,189.9,2365.4
South Africa,Johannesburg,Africa,250.1,224.8,238.8,236.9,276.0,266.9,283.9,284.1,280.8,269.5,248.7,263.9,3124.4
South Africa,Pretoria,Africa,261.0,235.0,254.0,246.6,283.0,271.0,289.0,296.0,284.0,275.0,254.0,272.0,3220.0
South Africa,Upington,Africa,352.9,298.7,297.5,283.5,290.5,270.3,289.8,307.3,300.2,328.9,345.2,367.0,3731.8
South Korea,Busan,Asia,199.0,182.5,193.0,210.0,221.7,179.7,165.8,200.9,167.2,208.9,194.4,204.3,2327.3
South Korea,Seoul,Asia,160.3,163.3,189.0,205.0,213.0,182.0,120.0,152.5,176.2,198.8,153.2,152.6,2066.0
South Sudan,Juba,Africa,288.3,237.8,220.1,195.0,241.8,225.0,182.9,213.9,225.0,235.6,237.0,251.1,2753.5
South Sudan,Wau,Africa,300.7,269.7,260.4,228.0,254.2,237.0,176.7,192.2,210.0,229.4,267.0,303.8,2929.1
Spain,Barcelona,Europe,158.0,171.0,206.0,239.0,258.0,287.0,293.0,264.0,229.0,196.0,153.0,137.0,2591.0
Spain,Cádiz,Europe,184.0,197.0,228.0,255.0,307.0,331.0,354.0,335.0,252.0,228.0,187.0,166.0,3024.0
Spain,Madrid,Europe,148.0,157.0,214.0,231.0,272.0,310.0,359.0,335.0,261.0,198.0,157.0,124.0,2769.0
Spain,Seville,Europe,183.0,189.0,224.0,238.0,293.0,317.0,354.0,328.0,244.0,217.0,181.0,154.0,2921.0
Spain,Valencia,Europe,171.0,171.0,215.0,234.0,259.0,276.0,315.0,288.0,235.0,202.0,167.0,155.0,2696.0
Sudan,Khartoum,Africa,341.0,311.0,310.0,330.0,300.0,300.0,279.0,279.0,300.0,310.0,330.0,341.0,3737.1
Sudan,Port Sudan,Africa,214.0,230.0,282.0,312.0,338.0,309.0,307.0,298.0,300.0,307.0,249.0,236.0,3382.0
Sweden,Gothenburg,Europe,44.0,69.0,167.0,211.0,239.0,256.0,234.0,196.0,168.0,99.0,47.0,32.0,1762.0
Sweden,Stockholm,Europe,40.0,72.0,139.0,185.0,254.0,292.0,260.0,221.0,154.0,99.0,54.0,33.0,1803.0
Switzerland,Geneva,Europe,61.0,96.0,161.0,187.0,212.0,246.0,269.0,242.0,184.0,116.0,65.0,48.0,1887.0
Switzerland,Lugano,Europe,124.0,142.0,192.0,182.0,200.0,229.0,260.0,245.0,192.0,141.0,105.0,107.0,2120.0
Switzerland,Sion,Europe,93.0,131.0,188.0,210.0,229.0,254.0,271.0,250.0,208.0,160.0,96.0,68.0,2158.0
Switzerland,Zurich,Europe,48.0,77.0,125.0,159.0,186.0,204.0,230.0,208.0,151.0,93.0,50.0,35.0,1566.0
Taiwan,Kaohsiung,Asia,174.7,165.8,187.0,189.1,198.5,199.9,221.4,193.7,175.7,182.4,162.2,161.8,2212.2
Taiwan,Taichung,Asia,176.6,140.6,149.9,137.8,158.7,160.1,199.6,178.7,175.8,203.7,179.4,182.3,2043.2
Taiwan,Taipei,Asia,80.6,71.3,89.6,92.6,113.7,121.7,179.0,188.9,153.7,124.0,99.4,90.7,1405.2
Tanzania,Dar-es-Salaam,Africa,251.0,241.0,217.0,156.0,192.0,231.0,251.0,242.0,243.0,254.0,270.0,287.0,2815.0
Tanzania,Dodoma,Africa,241.8,217.5,241.8,240.0,279.0,294.0,341.0,297.6,300.0,310.0,303.0,269.7,3335.4
Tanzania,Tabora,Africa,216.0,218.0,219.0,227.0,283.0,303.0,310.0,297.0,312.0,301.0,240.0,217.0,3143.0
Tanzania,Zanzibar,Africa,251.0,243.0,213.0,180.0,210.0,220.0,235.0,253.0,254.0,270.0,250.0,259.0,2838.0
Thailand,Bangkok,Asia,272.5,249.9,269.0,256.7,216.4,178.0,171.8,160.3,154.9,198.1,234.2,262.0,2623.8
Thailand,Chiang Mai,Asia,272.8,257.1,294.5,279.0,198.4,156.0,120.9,117.8,144.0,201.5,216.0,254.2,2512.2
Thailand,Hat Yai,Asia,182.9,166.7,186.0,144.0,114.7,111.0,114.7,114.7,108.0,111.6,105.0,108.5,1567.8
Thailand,Nakhon Ratchasima,Asia,226.3,211.9,201.5,186.0,155.0,114.0,117.8,117.8,108.0,145.7,186.0,226.3,1996.3
Togo,Lomé,Africa,217.5,214.0,227.9,201.9,208.6,146.0,141.6,148.8,152.5,205.5,234.0,235.6,2333.9
Togo,Mango,Africa,285.0,254.0,270.0,241.0,261.0,219.0,168.0,131.0,161.0,273.0,284.0,279.0,2826.0
Tunisia,Gabes,Africa,220.1,215.6,251.1,267.0,313.1,321.0,372.0,353.4,279.0,260.4,228.0,210.8,3291.5
Tunisia,Tunis,Africa,145.7,165.3,198.4,225.0,282.1,309.0,356.5,328.6,258.0,217.0,174.0,148.8,2808.4
Turkey,Ankara,Europe,77.5,98.9,161.2,189.0,260.4,306.0,350.3,328.6,276.0,198.4,132.0,71.3,2449.6
Turkey,Istanbul,Europe,71.0,88.0,133.0,180.0,251.0,300.0,322.0,295.0,243.0,164.0,102.0,68.0,2218.0
Uganda,Entebbe,Africa,233.0,204.0,205.0,180.0,192.0,186.0,198.0,195.0,195.0,201.0,198.0,211.0,2398.0
Uganda,Kampala,Africa,238.0,193.0,189.0,195.0,187.0,189.0,139.0,168.0,157.0,172.0,178.0,205.0,2210.0
Ukraine,Kyiv,Europe,31.0,57.0,124.0,180.0,279.0,270.0,310.0,248.0,210.0,155.0,60.0,31.0,1955.0
United ArabEmirates,Dubai,Asia,254.2,229.6,254.2,294.0,344.1,342.0,322.4,316.2,309.0,303.8,285.0,254.2,3508.7
United Kingdom,Edinburgh,Europe,54.0,79.0,115.0,145.0,188.0,166.0,172.0,162.0,129.0,101.0,71.0,46.0,1427.0
United Kingdom,London,Europe,62.0,78.0,115.0,169.0,199.0,204.0,212.0,205.0,149.0,117.0,73.0,52.0,1633.0
United States,Albuquerque,North America,234.2,225.3,270.2,304.6,347.4,359.3,335.0,314.2,286.7,281.4,233.8,223.3,3415.4
United States,Anchorage,North America,82.9,120.5,195.8,235.3,288.7,274.7,250.1,203.9,159.8,117.1,80.6,51.8,2061.2
United States,Atlanta,North America,164.0,171.7,220.5,261.2,288.6,284.8,273.8,258.6,227.5,238.5,185.1,164.0,2738.3
United States,Austin,North America,163.8,169.3,205.9,205.8,227.1,285.5,317.2,297.9,233.8,215.6,168.3,153.5,2643.7
United States,Baltimore,North America,155.4,164.0,215.0,230.7,254.5,277.3,290.1,264.4,221.8,205.5,158.5,144.5,2581.7
United States,Boise,North America,109.3,151.9,238.6,281.4,335.5,351.6,399.8,358.8,303.6,238.1,119.6,105.2,2993.4
United States,Boston,North America,163.4,168.4,213.7,227.2,267.3,286.5,300.9,277.3,237.1,206.3,143.2,142.3,2633.6
United States,Charlotte,North America,173.3,180.3,234.8,269.6,292.1,289.2,290.0,272.9,241.4,230.5,178.4,168.5,2821.0
United States,Chicago,North America,135.8,136.2,187.0,215.3,281.9,311.4,318.4,283.0,226.6,193.2,113.3,106.3,2508.4
United States,Cleveland,North America,101.0,122.3,167.0,216.0,263.6,294.6,307.2,262.2,219.0,169.5,89.8,67.8,2280.0
United States,Columbus,North America,110.6,126.3,162.0,201.8,243.4,258.1,260.9,235.9,212.0,183.1,104.2,84.3,2182.6
United States,Dallas,North America,183.5,178.3,227.7,236.0,258.4,297.8,332.4,304.5,246.2,228.1,183.8,173.0,2849.7
United States,Denver,North America,215.3,211.1,255.6,276.2,290.0,315.3,325.0,306.4,272.3,249.2,194.3,195.9,3106.6
United States,Detroit,North America,119.9,138.3,184.9,217.0,275.9,301.8,317.0,283.5,227.6,176.0,106.3,87.7,2435.9
United States,El Paso,North America,254.5,263.0,326.0,348.0,384.7,384.1,360.2,335.4,304.1,298.6,257.6,246.3,3762.5
United States,Fresno,North America,141.5,196.9,286.2,335.5,398.9,412.2,428.2,399.6,345.9,302.3,189.9,127.1,3564.2
United States,Honolulu,North America,213.5,212.7,259.2,251.8,280.6,286.1,306.2,303.1,278.8,244.0,200.4,199.5,3035.9
United States,Houston,North America,143.4,155.0,192.5,209.8,249.2,281.3,293.9,270.5,236.5,228.8,168.3,148.7,2577.9
United States,Indianapolis,North America,132.1,145.7,178.3,214.8,264.7,287.2,295.2,273.7,232.6,196.6,117.1,102.4,2440.4
United States,Jacksonville,North America,189.4,193.8,257.9,286.4,303.9,283.6,282.0,262.4,228.2,214.6,193.9,183.6,2879.7
United States,Kansas City,North America,183.7,174.3,223.9,257.8,285.0,305.5,329.3,293.9,240.5,213.6,155.3,147.1,2809.9
United States,Las Vegas,North America,245.2,246.7,314.6,346.1,388.1,401.7,390.9,368.5,337.1,304.4,246.0,236.0,3825.3
United States,Los Angeles,North America,225.3,222.5,267.0,303.5,276.2,275.8,364.1,349.5,278.5,255.1,217.3,219.4,3254.2
United States,Louisville,North America,140.5,148.9,188.6,221.1,263.4,288.9,293.6,272.6,234.3,208.5,135.7,118.3,2514.4
United States,Memphis,North America,166.6,173.8,215.3,254.6,301.5,320.6,326.9,307.0,251.2,245.9,173.0,151.9,2888.3
United States,Miami,North America,219.8,216.9,277.2,293.8,301.3,288.7,308.7,288.3,262.2,260.2,220.8,216.1,3154.0
United States,Milwaukee,North America,140.2,151.5,185.4,213.5,275.5,304.5,321.1,281.2,215.1,178.0,112.8,104.8,2483.6
United States,Minneapolis,North America,156.7,178.3,217.5,242.1,295.2,321.9,350.5,307.2,233.2,181.0,112.8,114.3,2710.7
United States,Nashville,North America,139.6,145.2,191.3,231.5,261.8,277.7,279.0,262.1,226.4,216.8,148.1,130.6,2510.1
United States,New Orleans,North America,153.0,161.5,219.4,251.9,278.9,274.3,257.1,251.9,228.7,242.6,171.8,157.8,2648.9
United States,New York City,North America,162.7,163.1,212.5,225.6,256.6,257.3,268.2,268.2,219.3,211.2,151.0,139.0,2534.7
United States,Nome,North America,62.2,140.1,205.0,245.3,290.3,275.3,250.3,178.1,153.6,116.7,66.4,53.0,2036.3
United States,OklahomaCity,North America,200.8,189.7,244.2,271.3,295.2,326.1,356.6,329.3,263.7,245.1,186.5,180.9,3089.4
United States,Omaha,North America,167.8,157.6,206.4,230.1,277.1,314.0,332.5,296.3,245.5,217.5,148.0,134.1,2726.9
United States,Philadelphia,North America,155.7,154.7,202.8,217.0,245.1,271.2,275.6,260.1,219.3,204.5,154.7,137.7,2498.4
United States,Phoenix,North America,256.0,257.2,318.4,353.6,401.0,407.8,378.5,360.8,328.6,308.9,256.0,244.8,3871.6
United States,Pittsburgh,North America,93.9,108.5,155.4,182.8,217.4,242.2,254.9,228.4,196.7,167.3,99.4,74.4,2021.3
United States,Portland (OR),North America,85.6,116.4,191.1,221.1,276.1,290.2,331.9,298.1,235.7,151.7,79.3,63.7,2340.9
United States,Raleigh,North America,163.8,173.1,228.9,250.7,258.4,267.7,259.5,239.6,217.6,215.4,174.0,157.6,2606.3
United States,Richmond (VA),North America,172.5,179.7,233.3,261.6,288.0,306.4,301.4,278.9,237.9,222.8,183.5,163.0,2829.0
United States,Sacramento,North America,145.5,201.3,278.0,329.6,406.3,419.5,440.2,406.9,347.8,296.7,194.9,141.1,3607.8
United States,Salt Lake City,North America,127.4,163.1,241.9,269.1,321.7,360.5,380.5,352.5,301.1,248.1,150.4,113.1,3029.4
United States,San Antonio,North America,159.4,169.7,215.5,209.7,221.8,275.9,308.8,293.9,234.9,218.0,171.9,149.7,2629.2
United States,San Diego,North America,239.3,227.4,261.0,276.2,250.5,242.4,304.7,295.0,253.3,243.4,230.1,231.3,3054.6
United States,San Francisco,North America,185.9,207.7,269.1,309.3,325.1,311.4,313.3,287.4,271.4,247.1,173.4,160.6,3061.7
United States,Seattle,North America,69.8,108.8,178.4,207.3,253.7,268.4,312.0,281.4,221.7,142.6,72.7,52.9,2169.7
United States,St. Louis,North America,161.2,158.3,198.3,223.5,266.5,291.9,308.9,269.8,236.1,208.4,140.9,129.9,2593.7
United States,Tampa,North America,199.9,202.7,267.5,299.1,314.5,277.8,265.3,249.5,223.0,233.9,201.7,191.6,2926.5
United States,Tucson,North America,259.9,258.2,320.7,357.2,400.8,396.9,342.7,335.6,316.4,307.4,264.4,245.8,3806.0
United States,Tulsa,North America,175.8,171.7,219.6,244.4,266.7,294.8,334.7,305.3,232.5,218.6,161.1,160.8,2786.0
United States,Virginia Beach,North America,171.5,175.2,229.3,252.8,271.7,280.1,278.3,260.4,231.4,208.3,175.7,160.4,2695.1
United States,Washington DC,North America,144.6,151.8,204.0,228.2,260.5,283.2,280.5,263.1,225.0,203.6,150.2,133.0,2527.7
United States,Wichita,North America,190.9,186.4,230.4,257.8,289.8,305.0,342.1,309.2,245.6,226.3,170.2,168.7,2922.4
United States,Yuma,North America,268.4,270.8,335.5,365.5,407.4,415.4,392.6,375.6,341.7,319.6,270.1,252.7,4015.3
Uruguay,Montevideo,South America,294.9,230.6,222.8,179.6,164.2,129.7,139.7,164.4,182.3,239.0,248.9,285.3,2481.4
Uzbekistan,Tashkent,Asia,117.8,127.1,164.3,216.0,303.8,363.0,384.4,365.8,300.0,226.3,150.0,105.4,2823.9
Venezuela,Caracas,South America,229.4,217.5,235.6,183.0,182.9,183.0,210.8,217.0,213.0,210.8,210.0,213.9,2506.9
Venezuela,Ciudad Bolivar,South America,248.0,235.2,263.5,234.0,226.3,201.0,232.5,248.0,252.0,260.4,249.0,244.9,2894.8
Venezuela,Maracaibo,South America,300.0,279.0,286.0,257.0,243.0,253.0,301.0,279.0,272.5,283.0,258.0,273.0,3284.2
Vietnam,Da Lat,Asia,255.0,234.0,255.0,202.0,190.0,147.0,157.0,136.0,133.0,140.0,172.0,215.0,2238.0
Vietnam,Da Nang,Asia,139.0,145.0,188.0,209.0,246.0,239.0,253.0,218.0,176.0,145.0,120.0,103.0,2182.0
Vietnam,Hanoi,Asia,74.0,47.0,47.0,90.0,183.0,172.0,195.0,174.0,176.0,167.0,137.0,124.0,1585.0
Vietnam,Ho Chi Minh City,Asia,245.0,246.0,272.0,239.0,195.0,171.0,180.0,172.0,162.0,182.0,200.0,226.0,2489.0
Zambia,Livingstone,Africa,213.9,196.0,251.1,273.0,303.8,288.0,310.0,319.3,297.0,279.0,228.0,207.7,3166.8
Zambia,Lusaka,Africa,176.7,168.0,220.1,246.0,275.9,270.0,294.5,303.8,291.0,272.8,234.0,182.9,2935.7
Zambia,Ndola,Africa,151.9,142.8,192.2,243.0,279.0,276.0,297.6,297.6,279.0,269.7,207.0,158.1,2793.9
Zimbabwe,Bulawayo,Africa,244.9,212.8,251.1,252.0,279.0,267.0,288.3,300.7,288.0,272.8,237.0,226.3,3119.9
Zimbabwe,Harare,Africa,217.0,190.4,232.5,249.0,269.7,264.0,279.0,300.7,294.0,285.2,231.0,198.4,3010.9